-- MySQL dump 10.13  Distrib 8.1.0, for macos14.0 (arm64)
--
-- Host: localhost    Database: martfury
-- ------------------------------------------------------
-- Server version	8.1.0

/*!40101 SET @OLD_CHARACTER_SET_CLIENT=@@CHARACTER_SET_CLIENT */;
/*!40101 SET @OLD_CHARACTER_SET_RESULTS=@@CHARACTER_SET_RESULTS */;
/*!40101 SET @OLD_COLLATION_CONNECTION=@@COLLATION_CONNECTION */;
/*!50503 SET NAMES utf8mb4 */;
/*!40103 SET @OLD_TIME_ZONE=@@TIME_ZONE */;
/*!40103 SET TIME_ZONE='+00:00' */;
/*!40014 SET @OLD_UNIQUE_CHECKS=@@UNIQUE_CHECKS, UNIQUE_CHECKS=0 */;
/*!40014 SET @OLD_FOREIGN_KEY_CHECKS=@@FOREIGN_KEY_CHECKS, FOREIGN_KEY_CHECKS=0 */;
/*!40101 SET @OLD_SQL_MODE=@@SQL_MODE, SQL_MODE='NO_AUTO_VALUE_ON_ZERO' */;
/*!40111 SET @OLD_SQL_NOTES=@@SQL_NOTES, SQL_NOTES=0 */;

--
-- Table structure for table `activations`
--

DROP TABLE IF EXISTS `activations`;
/*!40101 SET @saved_cs_client     = @@character_set_client */;
/*!50503 SET character_set_client = utf8mb4 */;
CREATE TABLE `activations` (
  `id` bigint unsigned NOT NULL AUTO_INCREMENT,
  `user_id` bigint unsigned NOT NULL,
  `code` varchar(120) COLLATE utf8mb4_unicode_ci NOT NULL,
  `completed` tinyint(1) NOT NULL DEFAULT '0',
  `completed_at` timestamp NULL DEFAULT NULL,
  `created_at` timestamp NULL DEFAULT NULL,
  `updated_at` timestamp NULL DEFAULT NULL,
  PRIMARY KEY (`id`),
  KEY `activations_user_id_index` (`user_id`)
) ENGINE=InnoDB AUTO_INCREMENT=4 DEFAULT CHARSET=utf8mb4 COLLATE=utf8mb4_unicode_ci;
/*!40101 SET character_set_client = @saved_cs_client */;

--
-- Dumping data for table `activations`
--

LOCK TABLES `activations` WRITE;
/*!40000 ALTER TABLE `activations` DISABLE KEYS */;
INSERT INTO `activations` VALUES (1,1,'pKM2P6IRJU6gf30ZskJigWxFpHfMbsI7',1,'2023-10-30 01:30:01','2023-10-30 01:30:01','2023-10-30 01:30:01'),(2,2,'1kWfQqiKRrCoTJXTtx1BLuZg8eWnDudg',1,'2023-10-30 01:30:01','2023-10-30 01:30:01','2023-10-30 01:30:01'),(3,3,'mu18Kyn1MyI4bCGEgHRYOGpD31NqXkhH',1,'2023-10-30 01:30:01','2023-10-30 01:30:01','2023-10-30 01:30:01');
/*!40000 ALTER TABLE `activations` ENABLE KEYS */;
UNLOCK TABLES;

--
-- Table structure for table `admin_notifications`
--

DROP TABLE IF EXISTS `admin_notifications`;
/*!40101 SET @saved_cs_client     = @@character_set_client */;
/*!50503 SET character_set_client = utf8mb4 */;
CREATE TABLE `admin_notifications` (
  `id` bigint unsigned NOT NULL AUTO_INCREMENT,
  `title` varchar(191) COLLATE utf8mb4_unicode_ci NOT NULL,
  `action_label` varchar(191) COLLATE utf8mb4_unicode_ci DEFAULT NULL,
  `action_url` varchar(191) COLLATE utf8mb4_unicode_ci DEFAULT NULL,
  `description` varchar(400) COLLATE utf8mb4_unicode_ci NOT NULL,
  `read_at` timestamp NULL DEFAULT NULL,
  `created_at` timestamp NULL DEFAULT NULL,
  `updated_at` timestamp NULL DEFAULT NULL,
  `permission` varchar(191) COLLATE utf8mb4_unicode_ci DEFAULT NULL,
  PRIMARY KEY (`id`)
) ENGINE=InnoDB DEFAULT CHARSET=utf8mb4 COLLATE=utf8mb4_unicode_ci;
/*!40101 SET character_set_client = @saved_cs_client */;

--
-- Dumping data for table `admin_notifications`
--

LOCK TABLES `admin_notifications` WRITE;
/*!40000 ALTER TABLE `admin_notifications` DISABLE KEYS */;
/*!40000 ALTER TABLE `admin_notifications` ENABLE KEYS */;
UNLOCK TABLES;

--
-- Table structure for table `ads`
--

DROP TABLE IF EXISTS `ads`;
/*!40101 SET @saved_cs_client     = @@character_set_client */;
/*!50503 SET character_set_client = utf8mb4 */;
CREATE TABLE `ads` (
  `id` bigint unsigned NOT NULL AUTO_INCREMENT,
  `name` varchar(255) COLLATE utf8mb4_unicode_ci NOT NULL,
  `expired_at` datetime DEFAULT NULL,
  `location` varchar(120) COLLATE utf8mb4_unicode_ci DEFAULT NULL,
  `key` varchar(120) COLLATE utf8mb4_unicode_ci NOT NULL,
  `image` varchar(255) COLLATE utf8mb4_unicode_ci DEFAULT NULL,
  `url` varchar(255) COLLATE utf8mb4_unicode_ci DEFAULT NULL,
  `clicked` bigint NOT NULL DEFAULT '0',
  `order` int DEFAULT '0',
  `status` varchar(60) COLLATE utf8mb4_unicode_ci NOT NULL DEFAULT 'published',
  `created_at` timestamp NULL DEFAULT NULL,
  `updated_at` timestamp NULL DEFAULT NULL,
  `open_in_new_tab` tinyint(1) NOT NULL DEFAULT '1',
  PRIMARY KEY (`id`),
  UNIQUE KEY `ads_key_unique` (`key`)
) ENGINE=InnoDB AUTO_INCREMENT=10 DEFAULT CHARSET=utf8mb4 COLLATE=utf8mb4_unicode_ci;
/*!40101 SET character_set_client = @saved_cs_client */;

--
-- Dumping data for table `ads`
--

LOCK TABLES `ads` WRITE;
/*!40000 ALTER TABLE `ads` DISABLE KEYS */;
INSERT INTO `ads` VALUES (1,'Top Slider Image 1','2028-10-30 00:00:00','not_set','VC2C8Q1UGCBG','promotion/1.jpg','/products',0,1,'published','2023-10-30 01:30:03','2023-10-30 01:30:03',1),(2,'Top Slider Image 2','2028-10-30 00:00:00','not_set','NBDWRXTSVZ8N','promotion/2.jpg','/products',0,2,'published','2023-10-30 01:30:03','2023-10-30 01:30:03',1),(3,'Homepage middle 1','2028-10-30 00:00:00','not_set','IZ6WU8KUALYD','promotion/3.jpg','/products',0,3,'published','2023-10-30 01:30:03','2023-10-30 01:30:03',1),(4,'Homepage middle 2','2028-10-30 00:00:00','not_set','ILSFJVYFGCPZ','promotion/4.jpg','/products',0,4,'published','2023-10-30 01:30:03','2023-10-30 01:30:03',1),(5,'Homepage middle 3','2028-10-30 00:00:00','not_set','ZDOZUZZIU7FT','promotion/5.jpg','/products',0,5,'published','2023-10-30 01:30:03','2023-10-30 01:30:03',1),(6,'Homepage big 1','2028-10-30 00:00:00','not_set','Q9YDUIC9HSWS','promotion/6.jpg','/products',0,6,'published','2023-10-30 01:30:03','2023-10-30 01:30:03',1),(7,'Homepage bottom small','2028-10-30 00:00:00','not_set','IJAQEDKZDNWP','promotion/7.jpg','/products',0,7,'published','2023-10-30 01:30:03','2023-10-30 01:30:03',1),(8,'Product sidebar','2028-10-30 00:00:00','product-sidebar','ABA53BPHVBLX','promotion/8.jpg','/products',0,8,'published','2023-10-30 01:30:03','2023-10-30 01:30:03',1),(9,'Homepage big 2','2028-10-30 00:00:00','not_set','IZ6WU8KUALYE','promotion/9.jpg','/products',0,9,'published','2023-10-30 01:30:03','2023-10-30 01:30:03',1);
/*!40000 ALTER TABLE `ads` ENABLE KEYS */;
UNLOCK TABLES;

--
-- Table structure for table `ads_translations`
--

DROP TABLE IF EXISTS `ads_translations`;
/*!40101 SET @saved_cs_client     = @@character_set_client */;
/*!50503 SET character_set_client = utf8mb4 */;
CREATE TABLE `ads_translations` (
  `lang_code` varchar(191) COLLATE utf8mb4_unicode_ci NOT NULL,
  `ads_id` bigint unsigned NOT NULL,
  `name` varchar(255) COLLATE utf8mb4_unicode_ci DEFAULT NULL,
  `image` varchar(255) COLLATE utf8mb4_unicode_ci DEFAULT NULL,
  `url` varchar(255) COLLATE utf8mb4_unicode_ci DEFAULT NULL,
  PRIMARY KEY (`lang_code`,`ads_id`)
) ENGINE=InnoDB DEFAULT CHARSET=utf8mb4 COLLATE=utf8mb4_unicode_ci;
/*!40101 SET character_set_client = @saved_cs_client */;

--
-- Dumping data for table `ads_translations`
--

LOCK TABLES `ads_translations` WRITE;
/*!40000 ALTER TABLE `ads_translations` DISABLE KEYS */;
/*!40000 ALTER TABLE `ads_translations` ENABLE KEYS */;
UNLOCK TABLES;

--
-- Table structure for table `audit_histories`
--

DROP TABLE IF EXISTS `audit_histories`;
/*!40101 SET @saved_cs_client     = @@character_set_client */;
/*!50503 SET character_set_client = utf8mb4 */;
CREATE TABLE `audit_histories` (
  `id` bigint unsigned NOT NULL AUTO_INCREMENT,
  `user_id` bigint unsigned NOT NULL,
  `module` varchar(60) COLLATE utf8mb4_unicode_ci NOT NULL,
  `request` text COLLATE utf8mb4_unicode_ci,
  `action` varchar(120) COLLATE utf8mb4_unicode_ci NOT NULL,
  `user_agent` text COLLATE utf8mb4_unicode_ci,
  `ip_address` varchar(39) COLLATE utf8mb4_unicode_ci DEFAULT NULL,
  `reference_user` bigint unsigned NOT NULL,
  `reference_id` bigint unsigned NOT NULL,
  `reference_name` varchar(255) COLLATE utf8mb4_unicode_ci NOT NULL,
  `type` varchar(20) COLLATE utf8mb4_unicode_ci NOT NULL,
  `created_at` timestamp NULL DEFAULT NULL,
  `updated_at` timestamp NULL DEFAULT NULL,
  PRIMARY KEY (`id`),
  KEY `audit_histories_user_id_index` (`user_id`),
  KEY `audit_histories_module_index` (`module`)
) ENGINE=InnoDB DEFAULT CHARSET=utf8mb4 COLLATE=utf8mb4_unicode_ci;
/*!40101 SET character_set_client = @saved_cs_client */;

--
-- Dumping data for table `audit_histories`
--

LOCK TABLES `audit_histories` WRITE;
/*!40000 ALTER TABLE `audit_histories` DISABLE KEYS */;
/*!40000 ALTER TABLE `audit_histories` ENABLE KEYS */;
UNLOCK TABLES;

--
-- Table structure for table `categories`
--

DROP TABLE IF EXISTS `categories`;
/*!40101 SET @saved_cs_client     = @@character_set_client */;
/*!50503 SET character_set_client = utf8mb4 */;
CREATE TABLE `categories` (
  `id` bigint unsigned NOT NULL AUTO_INCREMENT,
  `name` varchar(120) COLLATE utf8mb4_unicode_ci NOT NULL,
  `parent_id` bigint unsigned NOT NULL DEFAULT '0',
  `description` varchar(400) COLLATE utf8mb4_unicode_ci DEFAULT NULL,
  `status` varchar(60) COLLATE utf8mb4_unicode_ci NOT NULL DEFAULT 'published',
  `author_id` bigint unsigned DEFAULT NULL,
  `author_type` varchar(255) CHARACTER SET utf8mb4 COLLATE utf8mb4_unicode_ci NOT NULL DEFAULT 'Botble\\ACL\\Models\\User',
  `icon` varchar(60) COLLATE utf8mb4_unicode_ci DEFAULT NULL,
  `order` tinyint NOT NULL DEFAULT '0',
  `is_featured` tinyint NOT NULL DEFAULT '0',
  `is_default` tinyint unsigned NOT NULL DEFAULT '0',
  `created_at` timestamp NULL DEFAULT NULL,
  `updated_at` timestamp NULL DEFAULT NULL,
  PRIMARY KEY (`id`),
  KEY `categories_parent_id_index` (`parent_id`),
  KEY `categories_status_index` (`status`),
  KEY `categories_created_at_index` (`created_at`)
) ENGINE=InnoDB AUTO_INCREMENT=5 DEFAULT CHARSET=utf8mb4 COLLATE=utf8mb4_unicode_ci;
/*!40101 SET character_set_client = @saved_cs_client */;

--
-- Dumping data for table `categories`
--

LOCK TABLES `categories` WRITE;
/*!40000 ALTER TABLE `categories` DISABLE KEYS */;
INSERT INTO `categories` VALUES (1,'Ecommerce',0,'Repudiandae corrupti vel qui quia repellat esse perspiciatis. Maiores eos ipsum dolorem quidem et minima consectetur eius. Vero alias rerum perferendis qui.','published',2,'Botble\\ACL\\Models\\User',NULL,0,0,1,'2023-10-30 01:30:02','2023-10-30 01:30:02'),(2,'Fashion',0,'Harum debitis qui quia aliquam. Veritatis sunt velit suscipit numquam. Nostrum molestiae dolore rerum illum est.','published',2,'Botble\\ACL\\Models\\User',NULL,0,1,0,'2023-10-30 01:30:02','2023-10-30 01:30:02'),(3,'Electronic',0,'Corrupti ut molestiae porro ea. Delectus totam voluptas voluptas blanditiis libero nobis. Quasi similique ab voluptates autem.','published',2,'Botble\\ACL\\Models\\User',NULL,0,1,0,'2023-10-30 01:30:02','2023-10-30 01:30:02'),(4,'Commercial',0,'Ea qui molestiae quo sunt illo dicta quidem ut. Optio tempore asperiores incidunt repudiandae expedita quam ipsam quo. Aspernatur sit culpa rerum accusantium qui et veritatis.','published',2,'Botble\\ACL\\Models\\User',NULL,0,1,0,'2023-10-30 01:30:02','2023-10-30 01:30:02');
/*!40000 ALTER TABLE `categories` ENABLE KEYS */;
UNLOCK TABLES;

--
-- Table structure for table `categories_translations`
--

DROP TABLE IF EXISTS `categories_translations`;
/*!40101 SET @saved_cs_client     = @@character_set_client */;
/*!50503 SET character_set_client = utf8mb4 */;
CREATE TABLE `categories_translations` (
  `lang_code` varchar(191) COLLATE utf8mb4_unicode_ci NOT NULL,
  `categories_id` bigint unsigned NOT NULL,
  `name` varchar(255) COLLATE utf8mb4_unicode_ci DEFAULT NULL,
  `description` varchar(400) COLLATE utf8mb4_unicode_ci DEFAULT NULL,
  PRIMARY KEY (`lang_code`,`categories_id`)
) ENGINE=InnoDB DEFAULT CHARSET=utf8mb4 COLLATE=utf8mb4_unicode_ci;
/*!40101 SET character_set_client = @saved_cs_client */;

--
-- Dumping data for table `categories_translations`
--

LOCK TABLES `categories_translations` WRITE;
/*!40000 ALTER TABLE `categories_translations` DISABLE KEYS */;
/*!40000 ALTER TABLE `categories_translations` ENABLE KEYS */;
UNLOCK TABLES;

--
-- Table structure for table `cities`
--

DROP TABLE IF EXISTS `cities`;
/*!40101 SET @saved_cs_client     = @@character_set_client */;
/*!50503 SET character_set_client = utf8mb4 */;
CREATE TABLE `cities` (
  `id` bigint unsigned NOT NULL AUTO_INCREMENT,
  `name` varchar(120) COLLATE utf8mb4_unicode_ci NOT NULL,
  `slug` varchar(120) COLLATE utf8mb4_unicode_ci DEFAULT NULL,
  `state_id` bigint unsigned DEFAULT NULL,
  `country_id` bigint unsigned DEFAULT NULL,
  `record_id` varchar(40) COLLATE utf8mb4_unicode_ci DEFAULT NULL,
  `order` tinyint NOT NULL DEFAULT '0',
  `image` varchar(255) COLLATE utf8mb4_unicode_ci DEFAULT NULL,
  `is_default` tinyint unsigned NOT NULL DEFAULT '0',
  `status` varchar(60) COLLATE utf8mb4_unicode_ci NOT NULL DEFAULT 'published',
  `created_at` timestamp NULL DEFAULT NULL,
  `updated_at` timestamp NULL DEFAULT NULL,
  PRIMARY KEY (`id`),
  UNIQUE KEY `cities_slug_unique` (`slug`)
) ENGINE=InnoDB DEFAULT CHARSET=utf8mb4 COLLATE=utf8mb4_unicode_ci;
/*!40101 SET character_set_client = @saved_cs_client */;

--
-- Dumping data for table `cities`
--

LOCK TABLES `cities` WRITE;
/*!40000 ALTER TABLE `cities` DISABLE KEYS */;
/*!40000 ALTER TABLE `cities` ENABLE KEYS */;
UNLOCK TABLES;

--
-- Table structure for table `cities_translations`
--

DROP TABLE IF EXISTS `cities_translations`;
/*!40101 SET @saved_cs_client     = @@character_set_client */;
/*!50503 SET character_set_client = utf8mb4 */;
CREATE TABLE `cities_translations` (
  `lang_code` varchar(191) COLLATE utf8mb4_unicode_ci NOT NULL,
  `cities_id` bigint unsigned NOT NULL,
  `name` varchar(120) COLLATE utf8mb4_unicode_ci DEFAULT NULL,
  `slug` varchar(120) CHARACTER SET utf8mb4 COLLATE utf8mb4_unicode_ci DEFAULT NULL,
  PRIMARY KEY (`lang_code`,`cities_id`)
) ENGINE=InnoDB DEFAULT CHARSET=utf8mb4 COLLATE=utf8mb4_unicode_ci;
/*!40101 SET character_set_client = @saved_cs_client */;

--
-- Dumping data for table `cities_translations`
--

LOCK TABLES `cities_translations` WRITE;
/*!40000 ALTER TABLE `cities_translations` DISABLE KEYS */;
/*!40000 ALTER TABLE `cities_translations` ENABLE KEYS */;
UNLOCK TABLES;

--
-- Table structure for table `contact_replies`
--

DROP TABLE IF EXISTS `contact_replies`;
/*!40101 SET @saved_cs_client     = @@character_set_client */;
/*!50503 SET character_set_client = utf8mb4 */;
CREATE TABLE `contact_replies` (
  `id` bigint unsigned NOT NULL AUTO_INCREMENT,
  `message` longtext COLLATE utf8mb4_unicode_ci NOT NULL,
  `contact_id` bigint unsigned NOT NULL,
  `created_at` timestamp NULL DEFAULT NULL,
  `updated_at` timestamp NULL DEFAULT NULL,
  PRIMARY KEY (`id`)
) ENGINE=InnoDB DEFAULT CHARSET=utf8mb4 COLLATE=utf8mb4_unicode_ci;
/*!40101 SET character_set_client = @saved_cs_client */;

--
-- Dumping data for table `contact_replies`
--

LOCK TABLES `contact_replies` WRITE;
/*!40000 ALTER TABLE `contact_replies` DISABLE KEYS */;
/*!40000 ALTER TABLE `contact_replies` ENABLE KEYS */;
UNLOCK TABLES;

--
-- Table structure for table `contacts`
--

DROP TABLE IF EXISTS `contacts`;
/*!40101 SET @saved_cs_client     = @@character_set_client */;
/*!50503 SET character_set_client = utf8mb4 */;
CREATE TABLE `contacts` (
  `id` bigint unsigned NOT NULL AUTO_INCREMENT,
  `name` varchar(60) COLLATE utf8mb4_unicode_ci NOT NULL,
  `email` varchar(60) COLLATE utf8mb4_unicode_ci NOT NULL,
  `phone` varchar(60) COLLATE utf8mb4_unicode_ci DEFAULT NULL,
  `address` varchar(120) COLLATE utf8mb4_unicode_ci DEFAULT NULL,
  `subject` varchar(120) COLLATE utf8mb4_unicode_ci DEFAULT NULL,
  `content` longtext COLLATE utf8mb4_unicode_ci NOT NULL,
  `status` varchar(60) COLLATE utf8mb4_unicode_ci NOT NULL DEFAULT 'unread',
  `created_at` timestamp NULL DEFAULT NULL,
  `updated_at` timestamp NULL DEFAULT NULL,
  PRIMARY KEY (`id`)
) ENGINE=InnoDB AUTO_INCREMENT=11 DEFAULT CHARSET=utf8mb4 COLLATE=utf8mb4_unicode_ci;
/*!40101 SET character_set_client = @saved_cs_client */;

--
-- Dumping data for table `contacts`
--

LOCK TABLES `contacts` WRITE;
/*!40000 ALTER TABLE `contacts` DISABLE KEYS */;
INSERT INTO `contacts` VALUES (1,'Mrs. Camilla Littel','lavon77@example.com','810-968-2581','754 Kody Mission Suite 549\nAnabelleland, MN 95902','Autem dicta maiores illo sed sed cum.','Eaque dolorem voluptates et modi sit tempore. Alias aut dolores tenetur sint harum. Voluptates accusamus numquam repudiandae. Similique porro veniam libero ipsum dolores provident. Esse ipsum earum qui facere dolore aut aliquid sint. Neque et dolores id enim. Aut ex qui et autem amet. Reiciendis sed dicta blanditiis et rerum est.','read','2023-10-30 01:30:00','2023-10-30 01:30:00'),(2,'Prof. Fidel Quigley','lynch.ronaldo@example.net','+1-727-206-7678','57287 Dusty Ford Apt. 506\nLangview, FL 74812-1397','Quod vitae nesciunt et ipsam.','Sit quis consequatur eius. Vero eos numquam deleniti. Tempore nulla non et blanditiis. Amet accusantium corporis rerum dolores voluptatem non. Repellendus a iusto et unde quis facilis saepe. Nisi voluptatem similique odit recusandae. Recusandae dolores dolor quod vitae facere. Numquam expedita laudantium vel facilis est. Architecto placeat sit cum et in possimus. Itaque deleniti molestiae beatae ab iure qui quos voluptate. Nihil et aut praesentium possimus mollitia aut totam.','unread','2023-10-30 01:30:00','2023-10-30 01:30:00'),(3,'Savion Torphy','dparisian@example.com','262.601.4540','23998 Frank Pine Suite 755\nFramishire, MA 82275-9223','Voluptas modi consequuntur ut eaque.','Totam sed in explicabo at earum voluptatem sed. Natus vel laudantium unde soluta. Enim dignissimos vero similique voluptatibus voluptatem possimus. Aut excepturi vel et esse. Aut consequuntur porro voluptates voluptate facere. Repellat quod ut quidem id cum quo. Omnis eos iure recusandae dolor qui sit. Autem sed maxime animi facere sunt. Aut rerum provident porro fugit. Qui et tempora vel qui. Eos libero et consequatur qui. Ipsam nihil labore accusantium fugiat.','read','2023-10-30 01:30:00','2023-10-30 01:30:00'),(4,'Dr. Marge Jerde','walter.meda@example.net','231-335-0623','92471 Breanne Ways\nWhitemouth, NJ 29045','Est nulla architecto officia ut.','Voluptatem quidem dolores alias voluptates quo illum. Sint hic et eum totam deleniti nulla et qui. Fugit recusandae explicabo ducimus consectetur optio sit. Explicabo est et accusantium et. Recusandae omnis ipsum nulla consectetur. Fugiat beatae id optio ex possimus assumenda. Ducimus quibusdam qui ad iste iusto sunt vitae animi. Dolores et totam maiores culpa qui soluta doloribus. Id omnis incidunt non. Voluptates optio sit iure ex aliquam molestiae ducimus.','unread','2023-10-30 01:30:00','2023-10-30 01:30:00'),(5,'Prof. Jamir Brown','abaumbach@example.net','678.236.5509','8370 Lehner Lane Apt. 871\nNew Ezra, LA 84897-3355','Impedit saepe eos sunt accusamus vero qui porro.','Id quaerat dicta eos quae et at. Numquam eligendi sunt ea perferendis atque porro. Qui excepturi dolore et ab tenetur sapiente dolorem nihil. Id eaque nostrum quae. Deserunt deserunt odio et sequi. Voluptatem in debitis eum qui quam tempora. Ducimus est cumque laboriosam. Nobis hic labore tempore cumque voluptatum iste. Ut perspiciatis iusto amet qui. Debitis qui recusandae iusto qui. Pariatur est ut eaque reiciendis. Optio accusantium qui dolores necessitatibus accusantium.','read','2023-10-30 01:30:00','2023-10-30 01:30:00'),(6,'Genesis Schuster Jr.','trudie55@example.com','1-763-392-3524','13584 Cartwright Curve\nKrajcikfort, WI 85813-7847','Necessitatibus inventore ullam deserunt ut.','Nesciunt rem ad quos eveniet. Aut dolor error ab aut et nobis et impedit. Delectus veniam commodi et sed deserunt aut. Aut asperiores dolorum sunt. Consectetur voluptates ullam autem quod maxime repellat necessitatibus. Iure necessitatibus sit sint. Qui pariatur quaerat nihil voluptas. Pariatur est neque et velit alias. Neque doloremque eius magnam aut officia. Aliquid ipsum libero quos omnis est nihil. Ea culpa qui beatae doloremque atque quisquam. Est molestias sunt animi quibusdam voluptas.','unread','2023-10-30 01:30:00','2023-10-30 01:30:00'),(7,'Prof. Serena Schimmel DDS','bwatsica@example.org','+14806995285','6476 Javonte Wall Suite 650\nMarksport, NY 80220-8010','Eum molestias atque eveniet.','Ut consequuntur consequuntur asperiores aut nisi mollitia. Nisi porro omnis quo earum reprehenderit ducimus provident. Eos fugiat impedit laboriosam adipisci. Quidem omnis voluptate eum minus qui est. Nulla explicabo delectus modi consequuntur quos. Sint mollitia atque qui vero et est animi. Ut aut fuga minus omnis error repudiandae. Odit quis aperiam voluptate rem maxime.','read','2023-10-30 01:30:00','2023-10-30 01:30:00'),(8,'Josiah Stiedemann','slarson@example.org','440-685-1000','7501 Loma Drive Suite 890\nEast Frederikfort, RI 15347','Ad aut sed laudantium ut at nesciunt.','Ea quia quis harum nisi. Odio et expedita officiis ad quia quia. Unde nulla dignissimos et accusamus facere aut velit. Eos qui enim qui aut qui et. Odio eligendi autem distinctio quas unde non. Eos vel est quidem. Nisi quo ut doloremque et. Recusandae rem reiciendis nihil omnis. Labore qui ut id quis libero. Amet consequuntur aut numquam maxime molestiae vero a. Dolorem ratione repellendus officia optio voluptatem soluta quis. Ut magnam est esse dolor magnam et.','unread','2023-10-30 01:30:00','2023-10-30 01:30:00'),(9,'Dr. Lionel Moen','emory51@example.net','+1-224-266-1077','868 Macejkovic Crest\nMarkusside, HI 84219','Omnis molestias ea quia non.','Cum a minima natus doloribus est. Labore veniam exercitationem quidem animi enim rerum numquam sint. Qui dolores odit nulla quas. Laborum consectetur et quae eum voluptatem sed quo. Est doloremque iure impedit tempora. Libero occaecati ea sint officiis. Eligendi iusto rerum veniam impedit. Non labore rerum sed voluptas dolores nobis quia. Id ea eum dolor fuga optio magnam. Expedita soluta provident ut magnam illo et qui.','unread','2023-10-30 01:30:00','2023-10-30 01:30:00'),(10,'Prof. Flossie Considine','imonahan@example.org','(559) 535-0723','55084 Reina Freeway Suite 215\nLake Margarete, IL 35663-8314','Ea dolor consequatur laborum fugit.','Tempore occaecati vel beatae iure aut voluptas. Repellat et aut nulla nulla ullam tempore quam soluta. Veritatis perferendis fugiat et veritatis aut dolor. Consequatur id sed corrupti doloremque quisquam delectus. Et explicabo consequuntur non blanditiis. Sint mollitia iusto fugit rerum. In sed ipsum hic expedita nulla. Quod voluptatem fugit laudantium quibusdam saepe. Officia ut et dolorem nemo qui ipsa est. Est cumque debitis aperiam cum. Molestias nihil aut et suscipit aliquam qui.','unread','2023-10-30 01:30:00','2023-10-30 01:30:00');
/*!40000 ALTER TABLE `contacts` ENABLE KEYS */;
UNLOCK TABLES;

--
-- Table structure for table `countries`
--

DROP TABLE IF EXISTS `countries`;
/*!40101 SET @saved_cs_client     = @@character_set_client */;
/*!50503 SET character_set_client = utf8mb4 */;
CREATE TABLE `countries` (
  `id` bigint unsigned NOT NULL AUTO_INCREMENT,
  `name` varchar(120) COLLATE utf8mb4_unicode_ci NOT NULL,
  `nationality` varchar(120) CHARACTER SET utf8mb4 COLLATE utf8mb4_unicode_ci DEFAULT NULL,
  `order` tinyint NOT NULL DEFAULT '0',
  `is_default` tinyint unsigned NOT NULL DEFAULT '0',
  `status` varchar(60) COLLATE utf8mb4_unicode_ci NOT NULL DEFAULT 'published',
  `created_at` timestamp NULL DEFAULT NULL,
  `updated_at` timestamp NULL DEFAULT NULL,
  `code` varchar(10) COLLATE utf8mb4_unicode_ci DEFAULT NULL,
  PRIMARY KEY (`id`)
) ENGINE=InnoDB DEFAULT CHARSET=utf8mb4 COLLATE=utf8mb4_unicode_ci;
/*!40101 SET character_set_client = @saved_cs_client */;

--
-- Dumping data for table `countries`
--

LOCK TABLES `countries` WRITE;
/*!40000 ALTER TABLE `countries` DISABLE KEYS */;
/*!40000 ALTER TABLE `countries` ENABLE KEYS */;
UNLOCK TABLES;

--
-- Table structure for table `countries_translations`
--

DROP TABLE IF EXISTS `countries_translations`;
/*!40101 SET @saved_cs_client     = @@character_set_client */;
/*!50503 SET character_set_client = utf8mb4 */;
CREATE TABLE `countries_translations` (
  `lang_code` varchar(191) COLLATE utf8mb4_unicode_ci NOT NULL,
  `countries_id` bigint unsigned NOT NULL,
  `name` varchar(120) COLLATE utf8mb4_unicode_ci DEFAULT NULL,
  `nationality` varchar(120) COLLATE utf8mb4_unicode_ci DEFAULT NULL,
  PRIMARY KEY (`lang_code`,`countries_id`)
) ENGINE=InnoDB DEFAULT CHARSET=utf8mb4 COLLATE=utf8mb4_unicode_ci;
/*!40101 SET character_set_client = @saved_cs_client */;

--
-- Dumping data for table `countries_translations`
--

LOCK TABLES `countries_translations` WRITE;
/*!40000 ALTER TABLE `countries_translations` DISABLE KEYS */;
/*!40000 ALTER TABLE `countries_translations` ENABLE KEYS */;
UNLOCK TABLES;

--
-- Table structure for table `dashboard_widget_settings`
--

DROP TABLE IF EXISTS `dashboard_widget_settings`;
/*!40101 SET @saved_cs_client     = @@character_set_client */;
/*!50503 SET character_set_client = utf8mb4 */;
CREATE TABLE `dashboard_widget_settings` (
  `id` bigint unsigned NOT NULL AUTO_INCREMENT,
  `settings` text COLLATE utf8mb4_unicode_ci,
  `user_id` bigint unsigned NOT NULL,
  `widget_id` bigint unsigned NOT NULL,
  `order` tinyint unsigned NOT NULL DEFAULT '0',
  `status` tinyint unsigned NOT NULL DEFAULT '1',
  `created_at` timestamp NULL DEFAULT NULL,
  `updated_at` timestamp NULL DEFAULT NULL,
  PRIMARY KEY (`id`),
  KEY `dashboard_widget_settings_user_id_index` (`user_id`),
  KEY `dashboard_widget_settings_widget_id_index` (`widget_id`)
) ENGINE=InnoDB DEFAULT CHARSET=utf8mb4 COLLATE=utf8mb4_unicode_ci;
/*!40101 SET character_set_client = @saved_cs_client */;

--
-- Dumping data for table `dashboard_widget_settings`
--

LOCK TABLES `dashboard_widget_settings` WRITE;
/*!40000 ALTER TABLE `dashboard_widget_settings` DISABLE KEYS */;
/*!40000 ALTER TABLE `dashboard_widget_settings` ENABLE KEYS */;
UNLOCK TABLES;

--
-- Table structure for table `dashboard_widgets`
--

DROP TABLE IF EXISTS `dashboard_widgets`;
/*!40101 SET @saved_cs_client     = @@character_set_client */;
/*!50503 SET character_set_client = utf8mb4 */;
CREATE TABLE `dashboard_widgets` (
  `id` bigint unsigned NOT NULL AUTO_INCREMENT,
  `name` varchar(120) COLLATE utf8mb4_unicode_ci NOT NULL,
  `created_at` timestamp NULL DEFAULT NULL,
  `updated_at` timestamp NULL DEFAULT NULL,
  PRIMARY KEY (`id`)
) ENGINE=InnoDB DEFAULT CHARSET=utf8mb4 COLLATE=utf8mb4_unicode_ci;
/*!40101 SET character_set_client = @saved_cs_client */;

--
-- Dumping data for table `dashboard_widgets`
--

LOCK TABLES `dashboard_widgets` WRITE;
/*!40000 ALTER TABLE `dashboard_widgets` DISABLE KEYS */;
/*!40000 ALTER TABLE `dashboard_widgets` ENABLE KEYS */;
UNLOCK TABLES;

--
-- Table structure for table `ec_brands`
--

DROP TABLE IF EXISTS `ec_brands`;
/*!40101 SET @saved_cs_client     = @@character_set_client */;
/*!50503 SET character_set_client = utf8mb4 */;
CREATE TABLE `ec_brands` (
  `id` bigint unsigned NOT NULL AUTO_INCREMENT,
  `name` varchar(191) COLLATE utf8mb4_unicode_ci NOT NULL,
  `description` mediumtext COLLATE utf8mb4_unicode_ci,
  `website` varchar(255) COLLATE utf8mb4_unicode_ci DEFAULT NULL,
  `logo` varchar(255) COLLATE utf8mb4_unicode_ci DEFAULT NULL,
  `status` varchar(60) COLLATE utf8mb4_unicode_ci NOT NULL DEFAULT 'published',
  `order` tinyint unsigned NOT NULL DEFAULT '0',
  `is_featured` tinyint unsigned NOT NULL DEFAULT '0',
  `created_at` timestamp NULL DEFAULT NULL,
  `updated_at` timestamp NULL DEFAULT NULL,
  PRIMARY KEY (`id`)
) ENGINE=InnoDB AUTO_INCREMENT=8 DEFAULT CHARSET=utf8mb4 COLLATE=utf8mb4_unicode_ci;
/*!40101 SET character_set_client = @saved_cs_client */;

--
-- Dumping data for table `ec_brands`
--

LOCK TABLES `ec_brands` WRITE;
/*!40000 ALTER TABLE `ec_brands` DISABLE KEYS */;
INSERT INTO `ec_brands` VALUES (1,'Fashion live',NULL,NULL,'brands/1.jpg','published',0,1,'2023-10-30 01:29:51','2023-10-30 01:29:51'),(2,'Hand crafted',NULL,NULL,'brands/2.jpg','published',1,1,'2023-10-30 01:29:51','2023-10-30 01:29:51'),(3,'Mestonix',NULL,NULL,'brands/3.jpg','published',2,1,'2023-10-30 01:29:51','2023-10-30 01:29:51'),(4,'Sunshine',NULL,NULL,'brands/4.jpg','published',3,1,'2023-10-30 01:29:51','2023-10-30 01:29:51'),(5,'Pure',NULL,NULL,'brands/5.jpg','published',4,1,'2023-10-30 01:29:51','2023-10-30 01:29:51'),(6,'Anfold',NULL,NULL,'brands/6.jpg','published',5,1,'2023-10-30 01:29:51','2023-10-30 01:29:51'),(7,'Automotive',NULL,NULL,'brands/7.jpg','published',6,1,'2023-10-30 01:29:51','2023-10-30 01:29:51');
/*!40000 ALTER TABLE `ec_brands` ENABLE KEYS */;
UNLOCK TABLES;

--
-- Table structure for table `ec_brands_translations`
--

DROP TABLE IF EXISTS `ec_brands_translations`;
/*!40101 SET @saved_cs_client     = @@character_set_client */;
/*!50503 SET character_set_client = utf8mb4 */;
CREATE TABLE `ec_brands_translations` (
  `lang_code` varchar(191) COLLATE utf8mb4_unicode_ci NOT NULL,
  `ec_brands_id` bigint unsigned NOT NULL,
  `name` varchar(191) COLLATE utf8mb4_unicode_ci DEFAULT NULL,
  `description` varchar(191) COLLATE utf8mb4_unicode_ci DEFAULT NULL,
  PRIMARY KEY (`lang_code`,`ec_brands_id`)
) ENGINE=InnoDB DEFAULT CHARSET=utf8mb4 COLLATE=utf8mb4_unicode_ci;
/*!40101 SET character_set_client = @saved_cs_client */;

--
-- Dumping data for table `ec_brands_translations`
--

LOCK TABLES `ec_brands_translations` WRITE;
/*!40000 ALTER TABLE `ec_brands_translations` DISABLE KEYS */;
/*!40000 ALTER TABLE `ec_brands_translations` ENABLE KEYS */;
UNLOCK TABLES;

--
-- Table structure for table `ec_cart`
--

DROP TABLE IF EXISTS `ec_cart`;
/*!40101 SET @saved_cs_client     = @@character_set_client */;
/*!50503 SET character_set_client = utf8mb4 */;
CREATE TABLE `ec_cart` (
  `identifier` varchar(60) COLLATE utf8mb4_unicode_ci NOT NULL,
  `instance` varchar(60) COLLATE utf8mb4_unicode_ci NOT NULL,
  `content` longtext COLLATE utf8mb4_unicode_ci NOT NULL,
  `created_at` timestamp NULL DEFAULT NULL,
  `updated_at` timestamp NULL DEFAULT NULL,
  PRIMARY KEY (`identifier`,`instance`)
) ENGINE=InnoDB DEFAULT CHARSET=utf8mb4 COLLATE=utf8mb4_unicode_ci;
/*!40101 SET character_set_client = @saved_cs_client */;

--
-- Dumping data for table `ec_cart`
--

LOCK TABLES `ec_cart` WRITE;
/*!40000 ALTER TABLE `ec_cart` DISABLE KEYS */;
/*!40000 ALTER TABLE `ec_cart` ENABLE KEYS */;
UNLOCK TABLES;

--
-- Table structure for table `ec_currencies`
--

DROP TABLE IF EXISTS `ec_currencies`;
/*!40101 SET @saved_cs_client     = @@character_set_client */;
/*!50503 SET character_set_client = utf8mb4 */;
CREATE TABLE `ec_currencies` (
  `id` bigint unsigned NOT NULL AUTO_INCREMENT,
  `title` varchar(191) COLLATE utf8mb4_unicode_ci NOT NULL,
  `symbol` varchar(10) COLLATE utf8mb4_unicode_ci NOT NULL,
  `is_prefix_symbol` tinyint unsigned NOT NULL DEFAULT '0',
  `decimals` tinyint unsigned DEFAULT '0',
  `order` int unsigned DEFAULT '0',
  `is_default` tinyint NOT NULL DEFAULT '0',
  `exchange_rate` double NOT NULL DEFAULT '1',
  `created_at` timestamp NULL DEFAULT NULL,
  `updated_at` timestamp NULL DEFAULT NULL,
  PRIMARY KEY (`id`)
) ENGINE=InnoDB AUTO_INCREMENT=4 DEFAULT CHARSET=utf8mb4 COLLATE=utf8mb4_unicode_ci;
/*!40101 SET character_set_client = @saved_cs_client */;

--
-- Dumping data for table `ec_currencies`
--

LOCK TABLES `ec_currencies` WRITE;
/*!40000 ALTER TABLE `ec_currencies` DISABLE KEYS */;
INSERT INTO `ec_currencies` VALUES (1,'USD','$',1,2,0,1,1,'2023-10-30 01:29:51','2023-10-30 01:29:51'),(2,'EUR','€',0,2,1,0,0.91,'2023-10-30 01:29:51','2023-10-30 01:29:51'),(3,'VND','₫',0,0,2,0,23717.5,'2023-10-30 01:29:51','2023-10-30 01:29:51');
/*!40000 ALTER TABLE `ec_currencies` ENABLE KEYS */;
UNLOCK TABLES;

--
-- Table structure for table `ec_customer_addresses`
--

DROP TABLE IF EXISTS `ec_customer_addresses`;
/*!40101 SET @saved_cs_client     = @@character_set_client */;
/*!50503 SET character_set_client = utf8mb4 */;
CREATE TABLE `ec_customer_addresses` (
  `id` bigint unsigned NOT NULL AUTO_INCREMENT,
  `name` varchar(191) COLLATE utf8mb4_unicode_ci NOT NULL,
  `email` varchar(60) COLLATE utf8mb4_unicode_ci DEFAULT NULL,
  `phone` varchar(20) CHARACTER SET utf8mb4 COLLATE utf8mb4_unicode_ci DEFAULT NULL,
  `country` varchar(120) COLLATE utf8mb4_unicode_ci DEFAULT NULL,
  `state` varchar(120) COLLATE utf8mb4_unicode_ci DEFAULT NULL,
  `city` varchar(120) COLLATE utf8mb4_unicode_ci DEFAULT NULL,
  `address` varchar(255) CHARACTER SET utf8mb4 COLLATE utf8mb4_unicode_ci DEFAULT NULL,
  `customer_id` bigint unsigned NOT NULL,
  `is_default` tinyint unsigned NOT NULL DEFAULT '0',
  `created_at` timestamp NULL DEFAULT NULL,
  `updated_at` timestamp NULL DEFAULT NULL,
  `zip_code` varchar(20) COLLATE utf8mb4_unicode_ci DEFAULT NULL,
  PRIMARY KEY (`id`)
) ENGINE=InnoDB AUTO_INCREMENT=13 DEFAULT CHARSET=utf8mb4 COLLATE=utf8mb4_unicode_ci;
/*!40101 SET character_set_client = @saved_cs_client */;

--
-- Dumping data for table `ec_customer_addresses`
--

LOCK TABLES `ec_customer_addresses` WRITE;
/*!40000 ALTER TABLE `ec_customer_addresses` DISABLE KEYS */;
INSERT INTO `ec_customer_addresses` VALUES (1,'April Gleason IV','customer@botble.com','+14097030934','MW','Alaska','Gulgowskiland','30476 Hollie View',1,1,'2023-10-30 01:29:58','2023-10-30 01:29:58','05900'),(2,'April Gleason IV','customer@botble.com','+18548170996','UG','Nevada','Port Constantin','9020 Rosalyn Throughway Apt. 841',1,0,'2023-10-30 01:29:58','2023-10-30 01:29:58','39956'),(3,'Alexandro McGlynn','vendor@botble.com','+12132526915','GT','Ohio','East Emmaleefort','9232 Garnet Orchard',2,1,'2023-10-30 01:29:58','2023-10-30 01:29:58','62280-2378'),(4,'Alexandro McGlynn','vendor@botble.com','+12816003186','AQ','South Carolina','West Brockburgh','154 Hermann Rest Apt. 596',2,0,'2023-10-30 01:29:58','2023-10-30 01:29:58','56168'),(5,'Jarod Hegmann','dietrich.noemie@example.org','+19526800078','KE','New York','Taniastad','35166 Tommie Knolls',3,1,'2023-10-30 01:29:59','2023-10-30 01:29:59','35593-0163'),(6,'Giovanny Jacobson','camren60@example.net','+19293456601','FR','Florida','Faheyville','660 Murray Greens',4,1,'2023-10-30 01:29:59','2023-10-30 01:29:59','02485'),(7,'Leilani Ziemann','nraynor@example.org','+19156044315','TL','Alaska','South Elmerborough','74984 Janessa Stravenue',5,1,'2023-10-30 01:29:59','2023-10-30 01:29:59','99183-7944'),(8,'Stella Stiedemann','olga.swaniawski@example.net','+18089797905','TV','Delaware','Port Claudinemouth','19784 Langosh Heights Apt. 061',6,1,'2023-10-30 01:29:59','2023-10-30 01:29:59','97344-4333'),(9,'Dr. Furman Murphy Sr.','flatley.evan@example.org','+14589163574','NZ','Connecticut','Shieldschester','432 Sauer Springs',7,1,'2023-10-30 01:30:00','2023-10-30 01:30:00','38890-5313'),(10,'Mr. Vance Collier','okeeling@example.net','+16629433134','CU','California','Port Montystad','9924 Harris Loaf Apt. 352',8,1,'2023-10-30 01:30:00','2023-10-30 01:30:00','44360-2766'),(11,'Declan Marquardt','bartoletti.eugenia@example.org','+17855136734','UZ','Oregon','South William','759 Antonio Green Suite 204',9,1,'2023-10-30 01:30:00','2023-10-30 01:30:00','86805-4079'),(12,'Prof. Lelia Goodwin MD','winona.schuppe@example.net','+18703369297','PF','New Jersey','East Cassandre','767 Barton Station',10,1,'2023-10-30 01:30:00','2023-10-30 01:30:00','61695-2031');
/*!40000 ALTER TABLE `ec_customer_addresses` ENABLE KEYS */;
UNLOCK TABLES;

--
-- Table structure for table `ec_customer_password_resets`
--

DROP TABLE IF EXISTS `ec_customer_password_resets`;
/*!40101 SET @saved_cs_client     = @@character_set_client */;
/*!50503 SET character_set_client = utf8mb4 */;
CREATE TABLE `ec_customer_password_resets` (
  `email` varchar(191) COLLATE utf8mb4_unicode_ci NOT NULL,
  `token` varchar(191) COLLATE utf8mb4_unicode_ci NOT NULL,
  `created_at` timestamp NULL DEFAULT NULL,
  KEY `ec_customer_password_resets_email_index` (`email`),
  KEY `ec_customer_password_resets_token_index` (`token`)
) ENGINE=InnoDB DEFAULT CHARSET=utf8mb4 COLLATE=utf8mb4_unicode_ci;
/*!40101 SET character_set_client = @saved_cs_client */;

--
-- Dumping data for table `ec_customer_password_resets`
--

LOCK TABLES `ec_customer_password_resets` WRITE;
/*!40000 ALTER TABLE `ec_customer_password_resets` DISABLE KEYS */;
/*!40000 ALTER TABLE `ec_customer_password_resets` ENABLE KEYS */;
UNLOCK TABLES;

--
-- Table structure for table `ec_customer_recently_viewed_products`
--

DROP TABLE IF EXISTS `ec_customer_recently_viewed_products`;
/*!40101 SET @saved_cs_client     = @@character_set_client */;
/*!50503 SET character_set_client = utf8mb4 */;
CREATE TABLE `ec_customer_recently_viewed_products` (
  `id` bigint unsigned NOT NULL AUTO_INCREMENT,
  `customer_id` bigint unsigned NOT NULL,
  `product_id` bigint unsigned NOT NULL,
  PRIMARY KEY (`id`)
) ENGINE=InnoDB DEFAULT CHARSET=utf8mb4 COLLATE=utf8mb4_unicode_ci;
/*!40101 SET character_set_client = @saved_cs_client */;

--
-- Dumping data for table `ec_customer_recently_viewed_products`
--

LOCK TABLES `ec_customer_recently_viewed_products` WRITE;
/*!40000 ALTER TABLE `ec_customer_recently_viewed_products` DISABLE KEYS */;
/*!40000 ALTER TABLE `ec_customer_recently_viewed_products` ENABLE KEYS */;
UNLOCK TABLES;

--
-- Table structure for table `ec_customer_used_coupons`
--

DROP TABLE IF EXISTS `ec_customer_used_coupons`;
/*!40101 SET @saved_cs_client     = @@character_set_client */;
/*!50503 SET character_set_client = utf8mb4 */;
CREATE TABLE `ec_customer_used_coupons` (
  `discount_id` bigint unsigned NOT NULL,
  `customer_id` bigint unsigned NOT NULL,
  PRIMARY KEY (`discount_id`,`customer_id`)
) ENGINE=InnoDB DEFAULT CHARSET=utf8mb4 COLLATE=utf8mb4_unicode_ci;
/*!40101 SET character_set_client = @saved_cs_client */;

--
-- Dumping data for table `ec_customer_used_coupons`
--

LOCK TABLES `ec_customer_used_coupons` WRITE;
/*!40000 ALTER TABLE `ec_customer_used_coupons` DISABLE KEYS */;
/*!40000 ALTER TABLE `ec_customer_used_coupons` ENABLE KEYS */;
UNLOCK TABLES;

--
-- Table structure for table `ec_customers`
--

DROP TABLE IF EXISTS `ec_customers`;
/*!40101 SET @saved_cs_client     = @@character_set_client */;
/*!50503 SET character_set_client = utf8mb4 */;
CREATE TABLE `ec_customers` (
  `id` bigint unsigned NOT NULL AUTO_INCREMENT,
  `name` varchar(191) COLLATE utf8mb4_unicode_ci NOT NULL,
  `email` varchar(191) COLLATE utf8mb4_unicode_ci NOT NULL,
  `password` varchar(191) COLLATE utf8mb4_unicode_ci NOT NULL,
  `avatar` varchar(255) COLLATE utf8mb4_unicode_ci DEFAULT NULL,
  `dob` date DEFAULT NULL,
  `phone` varchar(20) COLLATE utf8mb4_unicode_ci DEFAULT NULL,
  `remember_token` varchar(100) COLLATE utf8mb4_unicode_ci DEFAULT NULL,
  `created_at` timestamp NULL DEFAULT NULL,
  `updated_at` timestamp NULL DEFAULT NULL,
  `confirmed_at` datetime DEFAULT NULL,
  `email_verify_token` varchar(120) COLLATE utf8mb4_unicode_ci DEFAULT NULL,
  `status` varchar(60) COLLATE utf8mb4_unicode_ci NOT NULL DEFAULT 'activated',
  `is_vendor` tinyint(1) NOT NULL DEFAULT '0',
  `vendor_verified_at` datetime DEFAULT NULL,
  PRIMARY KEY (`id`),
  UNIQUE KEY `ec_customers_email_unique` (`email`)
) ENGINE=InnoDB AUTO_INCREMENT=11 DEFAULT CHARSET=utf8mb4 COLLATE=utf8mb4_unicode_ci;
/*!40101 SET character_set_client = @saved_cs_client */;

--
-- Dumping data for table `ec_customers`
--

LOCK TABLES `ec_customers` WRITE;
/*!40000 ALTER TABLE `ec_customers` DISABLE KEYS */;
INSERT INTO `ec_customers` VALUES (1,'April Gleason IV','customer@botble.com','$2y$12$rfTGGivF70Hfse/sZUMPSu6Uvr2QTmVUvLa1WroJrU2wuY/A5UZ7m','customers/3.jpg','1997-10-19','+15206982710',NULL,'2023-10-30 01:29:58','2023-10-30 01:29:58','2023-10-30 08:29:58',NULL,'activated',0,NULL),(2,'Alexandro McGlynn','vendor@botble.com','$2y$12$ThrEW73QLSPxqZ3esxODMOc3GGFkcFm/hd3Joge/9fcdIaxzrO1ca','customers/3.jpg','1996-10-24','+12562712837',NULL,'2023-10-30 01:29:58','2023-10-30 01:30:04','2023-10-30 08:29:58',NULL,'activated',1,'2023-10-30 08:30:04'),(3,'Jarod Hegmann','dietrich.noemie@example.org','$2y$12$KscI5dGuYCcMmbK.CT.ziuCBoW2ue.1AgmhIEzG3hKxAPLM3j/yOq','customers/1.jpg','2002-10-09','+16602314759',NULL,'2023-10-30 01:29:59','2023-10-30 01:29:59','2023-10-30 08:29:59',NULL,'activated',0,NULL),(4,'Giovanny Jacobson','camren60@example.net','$2y$12$vm7JoGigW1MraVidy5pq9OHCcqM5HqYAQFFIPbKExF27TNo8AvMia','customers/2.jpg','1998-10-27','+18549276501',NULL,'2023-10-30 01:29:59','2023-10-30 01:29:59','2023-10-30 08:29:59',NULL,'activated',0,NULL),(5,'Leilani Ziemann','nraynor@example.org','$2y$12$YRK42QL2UXpuaWa3OMSeh.paSHRymgAf1auBUadrwTDwwY2aTktH6','customers/3.jpg','1990-10-17','+18158907155',NULL,'2023-10-30 01:29:59','2023-10-30 01:30:05','2023-10-30 08:29:59',NULL,'activated',1,'2023-10-30 08:30:05'),(6,'Stella Stiedemann','olga.swaniawski@example.net','$2y$12$rhRHJ/whkjLwsGeT6xg5o.c9r09OwW14ut9.V3m86pgnPd2CcRVvS','customers/4.jpg','1988-10-05','+14804575394',NULL,'2023-10-30 01:29:59','2023-10-30 01:29:59','2023-10-30 08:29:59',NULL,'activated',0,NULL),(7,'Dr. Furman Murphy Sr.','flatley.evan@example.org','$2y$12$0JuaNn/qKxW9lBhhEJCfy.UHK10cg5okNxurS9uq4ICMcC7/qZASS','customers/5.jpg','1975-10-17','+15629739398',NULL,'2023-10-30 01:30:00','2023-10-30 01:30:05','2023-10-30 08:30:00',NULL,'activated',1,'2023-10-30 08:30:05'),(8,'Mr. Vance Collier','okeeling@example.net','$2y$12$XfYt5U6v4.X0kjBwrNuElOE1LV5hYZRXeNEuW5LNIqbCgM5v1lbke','customers/6.jpg','1997-10-22','+15703707347',NULL,'2023-10-30 01:30:00','2023-10-30 01:30:00','2023-10-30 08:30:00',NULL,'activated',0,NULL),(9,'Declan Marquardt','bartoletti.eugenia@example.org','$2y$12$SpHYohXPfY0iylRYd8cZhOJapWNnimc0M3mJKgyd5XFWOSuamPUye','customers/7.jpg','1977-10-01','+13142211752',NULL,'2023-10-30 01:30:00','2023-10-30 01:30:00','2023-10-30 08:30:00',NULL,'activated',0,NULL),(10,'Prof. Lelia Goodwin MD','winona.schuppe@example.net','$2y$12$crE6cc5ylLhcV76ua1c/P.FEF9JheE5SfERJ7r2H0SjTMfowJ07vm','customers/8.jpg','2000-10-22','+16366327899',NULL,'2023-10-30 01:30:00','2023-10-30 01:30:00','2023-10-30 08:30:00',NULL,'activated',0,NULL);
/*!40000 ALTER TABLE `ec_customers` ENABLE KEYS */;
UNLOCK TABLES;

--
-- Table structure for table `ec_discount_customers`
--

DROP TABLE IF EXISTS `ec_discount_customers`;
/*!40101 SET @saved_cs_client     = @@character_set_client */;
/*!50503 SET character_set_client = utf8mb4 */;
CREATE TABLE `ec_discount_customers` (
  `discount_id` bigint unsigned NOT NULL,
  `customer_id` bigint unsigned NOT NULL,
  PRIMARY KEY (`discount_id`,`customer_id`)
) ENGINE=InnoDB DEFAULT CHARSET=utf8mb4 COLLATE=utf8mb4_unicode_ci;
/*!40101 SET character_set_client = @saved_cs_client */;

--
-- Dumping data for table `ec_discount_customers`
--

LOCK TABLES `ec_discount_customers` WRITE;
/*!40000 ALTER TABLE `ec_discount_customers` DISABLE KEYS */;
/*!40000 ALTER TABLE `ec_discount_customers` ENABLE KEYS */;
UNLOCK TABLES;

--
-- Table structure for table `ec_discount_product_categories`
--

DROP TABLE IF EXISTS `ec_discount_product_categories`;
/*!40101 SET @saved_cs_client     = @@character_set_client */;
/*!50503 SET character_set_client = utf8mb4 */;
CREATE TABLE `ec_discount_product_categories` (
  `discount_id` bigint unsigned NOT NULL,
  `product_category_id` bigint unsigned NOT NULL,
  PRIMARY KEY (`discount_id`,`product_category_id`)
) ENGINE=InnoDB DEFAULT CHARSET=utf8mb4 COLLATE=utf8mb4_unicode_ci;
/*!40101 SET character_set_client = @saved_cs_client */;

--
-- Dumping data for table `ec_discount_product_categories`
--

LOCK TABLES `ec_discount_product_categories` WRITE;
/*!40000 ALTER TABLE `ec_discount_product_categories` DISABLE KEYS */;
/*!40000 ALTER TABLE `ec_discount_product_categories` ENABLE KEYS */;
UNLOCK TABLES;

--
-- Table structure for table `ec_discount_product_collections`
--

DROP TABLE IF EXISTS `ec_discount_product_collections`;
/*!40101 SET @saved_cs_client     = @@character_set_client */;
/*!50503 SET character_set_client = utf8mb4 */;
CREATE TABLE `ec_discount_product_collections` (
  `discount_id` bigint unsigned NOT NULL,
  `product_collection_id` bigint unsigned NOT NULL,
  PRIMARY KEY (`discount_id`,`product_collection_id`)
) ENGINE=InnoDB DEFAULT CHARSET=utf8mb4 COLLATE=utf8mb4_unicode_ci;
/*!40101 SET character_set_client = @saved_cs_client */;

--
-- Dumping data for table `ec_discount_product_collections`
--

LOCK TABLES `ec_discount_product_collections` WRITE;
/*!40000 ALTER TABLE `ec_discount_product_collections` DISABLE KEYS */;
/*!40000 ALTER TABLE `ec_discount_product_collections` ENABLE KEYS */;
UNLOCK TABLES;

--
-- Table structure for table `ec_discount_products`
--

DROP TABLE IF EXISTS `ec_discount_products`;
/*!40101 SET @saved_cs_client     = @@character_set_client */;
/*!50503 SET character_set_client = utf8mb4 */;
CREATE TABLE `ec_discount_products` (
  `discount_id` bigint unsigned NOT NULL,
  `product_id` bigint unsigned NOT NULL,
  PRIMARY KEY (`discount_id`,`product_id`)
) ENGINE=InnoDB DEFAULT CHARSET=utf8mb4 COLLATE=utf8mb4_unicode_ci;
/*!40101 SET character_set_client = @saved_cs_client */;

--
-- Dumping data for table `ec_discount_products`
--

LOCK TABLES `ec_discount_products` WRITE;
/*!40000 ALTER TABLE `ec_discount_products` DISABLE KEYS */;
/*!40000 ALTER TABLE `ec_discount_products` ENABLE KEYS */;
UNLOCK TABLES;

--
-- Table structure for table `ec_discounts`
--

DROP TABLE IF EXISTS `ec_discounts`;
/*!40101 SET @saved_cs_client     = @@character_set_client */;
/*!50503 SET character_set_client = utf8mb4 */;
CREATE TABLE `ec_discounts` (
  `id` bigint unsigned NOT NULL AUTO_INCREMENT,
  `title` varchar(120) COLLATE utf8mb4_unicode_ci DEFAULT NULL,
  `code` varchar(20) COLLATE utf8mb4_unicode_ci DEFAULT NULL,
  `start_date` datetime DEFAULT NULL,
  `end_date` datetime DEFAULT NULL,
  `quantity` int DEFAULT NULL,
  `total_used` int unsigned NOT NULL DEFAULT '0',
  `value` double DEFAULT NULL,
  `type` varchar(60) COLLATE utf8mb4_unicode_ci DEFAULT 'coupon',
  `can_use_with_promotion` tinyint(1) NOT NULL DEFAULT '0',
  `discount_on` varchar(20) COLLATE utf8mb4_unicode_ci DEFAULT NULL,
  `product_quantity` int unsigned DEFAULT NULL,
  `type_option` varchar(100) COLLATE utf8mb4_unicode_ci NOT NULL DEFAULT 'amount',
  `target` varchar(100) COLLATE utf8mb4_unicode_ci NOT NULL DEFAULT 'all-orders',
  `min_order_price` decimal(15,2) DEFAULT NULL,
  `apply_via_url` tinyint(1) NOT NULL DEFAULT '0',
  `created_at` timestamp NULL DEFAULT NULL,
  `updated_at` timestamp NULL DEFAULT NULL,
  `store_id` bigint unsigned DEFAULT NULL,
  PRIMARY KEY (`id`),
  UNIQUE KEY `ec_discounts_code_unique` (`code`)
) ENGINE=InnoDB DEFAULT CHARSET=utf8mb4 COLLATE=utf8mb4_unicode_ci;
/*!40101 SET character_set_client = @saved_cs_client */;

--
-- Dumping data for table `ec_discounts`
--

LOCK TABLES `ec_discounts` WRITE;
/*!40000 ALTER TABLE `ec_discounts` DISABLE KEYS */;
/*!40000 ALTER TABLE `ec_discounts` ENABLE KEYS */;
UNLOCK TABLES;

--
-- Table structure for table `ec_flash_sale_products`
--

DROP TABLE IF EXISTS `ec_flash_sale_products`;
/*!40101 SET @saved_cs_client     = @@character_set_client */;
/*!50503 SET character_set_client = utf8mb4 */;
CREATE TABLE `ec_flash_sale_products` (
  `flash_sale_id` bigint unsigned NOT NULL,
  `product_id` bigint unsigned NOT NULL,
  `price` double unsigned DEFAULT NULL,
  `quantity` int unsigned DEFAULT NULL,
  `sold` int unsigned NOT NULL DEFAULT '0'
) ENGINE=InnoDB DEFAULT CHARSET=utf8mb4 COLLATE=utf8mb4_unicode_ci;
/*!40101 SET character_set_client = @saved_cs_client */;

--
-- Dumping data for table `ec_flash_sale_products`
--

LOCK TABLES `ec_flash_sale_products` WRITE;
/*!40000 ALTER TABLE `ec_flash_sale_products` DISABLE KEYS */;
INSERT INTO `ec_flash_sale_products` VALUES (1,1,61.7925,17,1),(1,2,27.945,18,3),(1,3,10.6,15,1),(1,4,307.598,8,4),(1,5,319.2,17,3),(1,6,136.64,14,2),(1,7,533.11,20,1),(1,8,599.8984,17,3),(1,9,264,7,1),(1,10,608.18,17,3);
/*!40000 ALTER TABLE `ec_flash_sale_products` ENABLE KEYS */;
UNLOCK TABLES;

--
-- Table structure for table `ec_flash_sales`
--

DROP TABLE IF EXISTS `ec_flash_sales`;
/*!40101 SET @saved_cs_client     = @@character_set_client */;
/*!50503 SET character_set_client = utf8mb4 */;
CREATE TABLE `ec_flash_sales` (
  `id` bigint unsigned NOT NULL AUTO_INCREMENT,
  `name` varchar(255) COLLATE utf8mb4_unicode_ci NOT NULL,
  `end_date` datetime NOT NULL,
  `status` varchar(60) COLLATE utf8mb4_unicode_ci NOT NULL DEFAULT 'published',
  `created_at` timestamp NULL DEFAULT NULL,
  `updated_at` timestamp NULL DEFAULT NULL,
  PRIMARY KEY (`id`)
) ENGINE=InnoDB AUTO_INCREMENT=2 DEFAULT CHARSET=utf8mb4 COLLATE=utf8mb4_unicode_ci;
/*!40101 SET character_set_client = @saved_cs_client */;

--
-- Dumping data for table `ec_flash_sales`
--

LOCK TABLES `ec_flash_sales` WRITE;
/*!40000 ALTER TABLE `ec_flash_sales` DISABLE KEYS */;
INSERT INTO `ec_flash_sales` VALUES (1,'Winter Sale','2023-11-29 00:00:00','published','2023-10-30 01:30:00','2023-10-30 01:30:00');
/*!40000 ALTER TABLE `ec_flash_sales` ENABLE KEYS */;
UNLOCK TABLES;

--
-- Table structure for table `ec_flash_sales_translations`
--

DROP TABLE IF EXISTS `ec_flash_sales_translations`;
/*!40101 SET @saved_cs_client     = @@character_set_client */;
/*!50503 SET character_set_client = utf8mb4 */;
CREATE TABLE `ec_flash_sales_translations` (
  `lang_code` varchar(191) COLLATE utf8mb4_unicode_ci NOT NULL,
  `ec_flash_sales_id` bigint unsigned NOT NULL,
  `name` varchar(191) COLLATE utf8mb4_unicode_ci DEFAULT NULL,
  PRIMARY KEY (`lang_code`,`ec_flash_sales_id`)
) ENGINE=InnoDB DEFAULT CHARSET=utf8mb4 COLLATE=utf8mb4_unicode_ci;
/*!40101 SET character_set_client = @saved_cs_client */;

--
-- Dumping data for table `ec_flash_sales_translations`
--

LOCK TABLES `ec_flash_sales_translations` WRITE;
/*!40000 ALTER TABLE `ec_flash_sales_translations` DISABLE KEYS */;
/*!40000 ALTER TABLE `ec_flash_sales_translations` ENABLE KEYS */;
UNLOCK TABLES;

--
-- Table structure for table `ec_global_option_value`
--

DROP TABLE IF EXISTS `ec_global_option_value`;
/*!40101 SET @saved_cs_client     = @@character_set_client */;
/*!50503 SET character_set_client = utf8mb4 */;
CREATE TABLE `ec_global_option_value` (
  `option_id` bigint unsigned NOT NULL COMMENT 'option id',
  `id` bigint unsigned NOT NULL AUTO_INCREMENT,
  `option_value` tinytext COLLATE utf8mb4_unicode_ci COMMENT 'option value',
  `affect_price` double DEFAULT NULL COMMENT 'value of price of this option affect',
  `order` int NOT NULL DEFAULT '9999',
  `affect_type` tinyint NOT NULL DEFAULT '0' COMMENT '0. fixed 1. percent',
  `created_at` timestamp NULL DEFAULT NULL,
  `updated_at` timestamp NULL DEFAULT NULL,
  PRIMARY KEY (`id`)
) ENGINE=InnoDB AUTO_INCREMENT=13 DEFAULT CHARSET=utf8mb4 COLLATE=utf8mb4_unicode_ci;
/*!40101 SET character_set_client = @saved_cs_client */;

--
-- Dumping data for table `ec_global_option_value`
--

LOCK TABLES `ec_global_option_value` WRITE;
/*!40000 ALTER TABLE `ec_global_option_value` DISABLE KEYS */;
INSERT INTO `ec_global_option_value` VALUES (1,1,'1 Year',0,9999,0,'2023-10-30 01:30:04','2023-10-30 01:30:04'),(1,2,'2 Year',10,9999,0,'2023-10-30 01:30:04','2023-10-30 01:30:04'),(1,3,'3 Year',20,9999,0,'2023-10-30 01:30:04','2023-10-30 01:30:04'),(2,4,'4GB',0,9999,0,'2023-10-30 01:30:04','2023-10-30 01:30:04'),(2,5,'8GB',10,9999,0,'2023-10-30 01:30:04','2023-10-30 01:30:04'),(2,6,'16GB',20,9999,0,'2023-10-30 01:30:04','2023-10-30 01:30:04'),(3,7,'Core i5',0,9999,0,'2023-10-30 01:30:04','2023-10-30 01:30:04'),(3,8,'Core i7',10,9999,0,'2023-10-30 01:30:04','2023-10-30 01:30:04'),(3,9,'Core i9',20,9999,0,'2023-10-30 01:30:04','2023-10-30 01:30:04'),(4,10,'128GB',0,9999,0,'2023-10-30 01:30:04','2023-10-30 01:30:04'),(4,11,'256GB',10,9999,0,'2023-10-30 01:30:04','2023-10-30 01:30:04'),(4,12,'512GB',20,9999,0,'2023-10-30 01:30:04','2023-10-30 01:30:04');
/*!40000 ALTER TABLE `ec_global_option_value` ENABLE KEYS */;
UNLOCK TABLES;

--
-- Table structure for table `ec_global_option_value_translations`
--

DROP TABLE IF EXISTS `ec_global_option_value_translations`;
/*!40101 SET @saved_cs_client     = @@character_set_client */;
/*!50503 SET character_set_client = utf8mb4 */;
CREATE TABLE `ec_global_option_value_translations` (
  `lang_code` varchar(191) COLLATE utf8mb4_unicode_ci NOT NULL,
  `ec_global_option_value_id` bigint unsigned NOT NULL,
  `option_value` varchar(255) COLLATE utf8mb4_unicode_ci DEFAULT NULL,
  PRIMARY KEY (`lang_code`,`ec_global_option_value_id`)
) ENGINE=InnoDB DEFAULT CHARSET=utf8mb4 COLLATE=utf8mb4_unicode_ci;
/*!40101 SET character_set_client = @saved_cs_client */;

--
-- Dumping data for table `ec_global_option_value_translations`
--

LOCK TABLES `ec_global_option_value_translations` WRITE;
/*!40000 ALTER TABLE `ec_global_option_value_translations` DISABLE KEYS */;
/*!40000 ALTER TABLE `ec_global_option_value_translations` ENABLE KEYS */;
UNLOCK TABLES;

--
-- Table structure for table `ec_global_options`
--

DROP TABLE IF EXISTS `ec_global_options`;
/*!40101 SET @saved_cs_client     = @@character_set_client */;
/*!50503 SET character_set_client = utf8mb4 */;
CREATE TABLE `ec_global_options` (
  `id` bigint unsigned NOT NULL AUTO_INCREMENT,
  `name` varchar(191) COLLATE utf8mb4_unicode_ci NOT NULL COMMENT 'Name of options',
  `option_type` varchar(191) COLLATE utf8mb4_unicode_ci NOT NULL COMMENT 'option type',
  `required` tinyint(1) NOT NULL DEFAULT '0' COMMENT 'Checked if this option is required',
  `created_at` timestamp NULL DEFAULT NULL,
  `updated_at` timestamp NULL DEFAULT NULL,
  PRIMARY KEY (`id`)
) ENGINE=InnoDB AUTO_INCREMENT=5 DEFAULT CHARSET=utf8mb4 COLLATE=utf8mb4_unicode_ci;
/*!40101 SET character_set_client = @saved_cs_client */;

--
-- Dumping data for table `ec_global_options`
--

LOCK TABLES `ec_global_options` WRITE;
/*!40000 ALTER TABLE `ec_global_options` DISABLE KEYS */;
INSERT INTO `ec_global_options` VALUES (1,'Warranty','Botble\\Ecommerce\\Option\\OptionType\\RadioButton',1,'2023-10-30 01:30:04','2023-10-30 01:30:04'),(2,'RAM','Botble\\Ecommerce\\Option\\OptionType\\RadioButton',1,'2023-10-30 01:30:04','2023-10-30 01:30:04'),(3,'CPU','Botble\\Ecommerce\\Option\\OptionType\\RadioButton',1,'2023-10-30 01:30:04','2023-10-30 01:30:04'),(4,'HDD','Botble\\Ecommerce\\Option\\OptionType\\Dropdown',0,'2023-10-30 01:30:04','2023-10-30 01:30:04');
/*!40000 ALTER TABLE `ec_global_options` ENABLE KEYS */;
UNLOCK TABLES;

--
-- Table structure for table `ec_global_options_translations`
--

DROP TABLE IF EXISTS `ec_global_options_translations`;
/*!40101 SET @saved_cs_client     = @@character_set_client */;
/*!50503 SET character_set_client = utf8mb4 */;
CREATE TABLE `ec_global_options_translations` (
  `lang_code` varchar(191) COLLATE utf8mb4_unicode_ci NOT NULL,
  `ec_global_options_id` bigint unsigned NOT NULL,
  `name` varchar(255) COLLATE utf8mb4_unicode_ci DEFAULT NULL,
  PRIMARY KEY (`lang_code`,`ec_global_options_id`)
) ENGINE=InnoDB DEFAULT CHARSET=utf8mb4 COLLATE=utf8mb4_unicode_ci;
/*!40101 SET character_set_client = @saved_cs_client */;

--
-- Dumping data for table `ec_global_options_translations`
--

LOCK TABLES `ec_global_options_translations` WRITE;
/*!40000 ALTER TABLE `ec_global_options_translations` DISABLE KEYS */;
/*!40000 ALTER TABLE `ec_global_options_translations` ENABLE KEYS */;
UNLOCK TABLES;

--
-- Table structure for table `ec_grouped_products`
--

DROP TABLE IF EXISTS `ec_grouped_products`;
/*!40101 SET @saved_cs_client     = @@character_set_client */;
/*!50503 SET character_set_client = utf8mb4 */;
CREATE TABLE `ec_grouped_products` (
  `id` bigint unsigned NOT NULL AUTO_INCREMENT,
  `parent_product_id` bigint unsigned NOT NULL,
  `product_id` bigint unsigned NOT NULL,
  `fixed_qty` int NOT NULL DEFAULT '1',
  PRIMARY KEY (`id`)
) ENGINE=InnoDB DEFAULT CHARSET=utf8mb4 COLLATE=utf8mb4_unicode_ci;
/*!40101 SET character_set_client = @saved_cs_client */;

--
-- Dumping data for table `ec_grouped_products`
--

LOCK TABLES `ec_grouped_products` WRITE;
/*!40000 ALTER TABLE `ec_grouped_products` DISABLE KEYS */;
/*!40000 ALTER TABLE `ec_grouped_products` ENABLE KEYS */;
UNLOCK TABLES;

--
-- Table structure for table `ec_invoice_items`
--

DROP TABLE IF EXISTS `ec_invoice_items`;
/*!40101 SET @saved_cs_client     = @@character_set_client */;
/*!50503 SET character_set_client = utf8mb4 */;
CREATE TABLE `ec_invoice_items` (
  `id` bigint unsigned NOT NULL AUTO_INCREMENT,
  `invoice_id` bigint unsigned NOT NULL,
  `reference_type` varchar(191) COLLATE utf8mb4_unicode_ci NOT NULL,
  `reference_id` bigint unsigned NOT NULL,
  `name` varchar(191) COLLATE utf8mb4_unicode_ci NOT NULL,
  `description` varchar(191) COLLATE utf8mb4_unicode_ci DEFAULT NULL,
  `image` varchar(191) COLLATE utf8mb4_unicode_ci DEFAULT NULL,
  `qty` int unsigned NOT NULL,
  `price` decimal(15,2) NOT NULL DEFAULT '0.00',
  `sub_total` decimal(15,2) unsigned NOT NULL,
  `tax_amount` decimal(15,2) unsigned NOT NULL DEFAULT '0.00',
  `discount_amount` decimal(15,2) unsigned NOT NULL DEFAULT '0.00',
  `amount` decimal(15,2) unsigned NOT NULL,
  `options` text COLLATE utf8mb4_unicode_ci,
  `created_at` timestamp NULL DEFAULT NULL,
  `updated_at` timestamp NULL DEFAULT NULL,
  PRIMARY KEY (`id`),
  KEY `ec_invoice_items_reference_type_reference_id_index` (`reference_type`,`reference_id`)
) ENGINE=InnoDB AUTO_INCREMENT=64 DEFAULT CHARSET=utf8mb4 COLLATE=utf8mb4_unicode_ci;
/*!40101 SET character_set_client = @saved_cs_client */;

--
-- Dumping data for table `ec_invoice_items`
--

LOCK TABLES `ec_invoice_items` WRITE;
/*!40000 ALTER TABLE `ec_invoice_items` DISABLE KEYS */;
INSERT INTO `ec_invoice_items` VALUES (1,1,'Botble\\Ecommerce\\Models\\Product',25,'Smart Watches',NULL,'products/2.jpg',1,40.50,40.50,0.00,0.00,40.50,'[]','2023-10-30 01:30:05','2023-10-30 01:30:05'),(2,1,'Botble\\Ecommerce\\Models\\Product',33,'Nikon HD camera',NULL,'products/6.jpg',2,427.00,854.00,0.00,0.00,854.00,'[]','2023-10-30 01:30:05','2023-10-30 01:30:05'),(3,1,'Botble\\Ecommerce\\Models\\Product',67,'Samsung Gear VR Virtual Reality Headset (Digital)',NULL,'products/17-2.jpg',3,526.00,1578.00,0.00,0.00,1578.00,'[]','2023-10-30 01:30:05','2023-10-30 01:30:05'),(4,2,'Botble\\Ecommerce\\Models\\Product',71,'Aveeno Moisturizing Body Shower 450ml',NULL,'products/18-2.jpg',2,1064.00,2128.00,0.00,0.00,2128.00,'[]','2023-10-30 01:30:05','2023-10-30 01:30:05'),(5,3,'Botble\\Ecommerce\\Models\\Product',32,'Smart Watch External (Digital)',NULL,'products/5.jpg',3,840.00,2520.00,0.00,0.00,2520.00,'[]','2023-10-30 01:30:05','2023-10-30 01:30:05'),(6,4,'Botble\\Ecommerce\\Models\\Product',84,'Ciate Palemore Lipstick Bold Red Color',NULL,'products/23-2.jpg',1,1067.00,1067.00,0.00,0.00,1067.00,'[]','2023-10-30 01:30:06','2023-10-30 01:30:06'),(7,5,'Botble\\Ecommerce\\Models\\Product',27,'Beat Headphone',NULL,'products/3.jpg',2,20.00,40.00,0.00,0.00,40.00,'[]','2023-10-30 01:30:06','2023-10-30 01:30:06'),(8,6,'Botble\\Ecommerce\\Models\\Product',56,'Sound Intone I65 Earphone White Version (Digital)',NULL,'products/13.jpg',2,566.00,1132.00,0.00,0.00,1132.00,'[]','2023-10-30 01:30:06','2023-10-30 01:30:06'),(9,6,'Botble\\Ecommerce\\Models\\Product',76,'MVMTH Classical Leather Watch In Black (Digital)',NULL,'products/21.jpg',3,802.00,2406.00,0.00,0.00,2406.00,'[]','2023-10-30 01:30:06','2023-10-30 01:30:06'),(10,7,'Botble\\Ecommerce\\Models\\Product',48,'Xbox One Wireless Controller Black Color',NULL,'products/11-2.jpg',3,1297.00,3891.00,0.00,0.00,3891.00,'[]','2023-10-30 01:30:06','2023-10-30 01:30:06'),(11,7,'Botble\\Ecommerce\\Models\\Product',57,'B&amp;O Play Mini Bluetooth Speaker',NULL,'products/14.jpg',1,541.00,541.00,0.00,0.00,541.00,'[]','2023-10-30 01:30:06','2023-10-30 01:30:06'),(12,8,'Botble\\Ecommerce\\Models\\Product',54,'Sound Intone I65 Earphone White Version (Digital)',NULL,'products/13.jpg',3,566.00,1698.00,0.00,0.00,1698.00,'[]','2023-10-30 01:30:06','2023-10-30 01:30:06'),(13,9,'Botble\\Ecommerce\\Models\\Product',80,'Baxter Care Hair Kit For Bearded Mens',NULL,'products/22-1.jpg',1,643.00,643.00,0.00,0.00,643.00,'[]','2023-10-30 01:30:06','2023-10-30 01:30:06'),(14,10,'Botble\\Ecommerce\\Models\\Product',53,'EPSION Plaster Printer',NULL,'products/12-3.jpg',3,589.00,1767.00,0.00,0.00,1767.00,'[]','2023-10-30 01:30:06','2023-10-30 01:30:06'),(15,10,'Botble\\Ecommerce\\Models\\Product',65,'Samsung Gear VR Virtual Reality Headset (Digital)',NULL,'products/17.jpg',2,526.00,1052.00,0.00,0.00,1052.00,'[]','2023-10-30 01:30:06','2023-10-30 01:30:06'),(16,11,'Botble\\Ecommerce\\Models\\Product',73,'NYX Beauty Couton Pallete Makeup 12',NULL,'products/19-1.jpg',2,1147.00,2294.00,0.00,0.00,2294.00,'[]','2023-10-30 01:30:06','2023-10-30 01:30:06'),(17,12,'Botble\\Ecommerce\\Models\\Product',39,'Smart Televisions',NULL,'products/8.jpg',3,1294.00,3882.00,0.00,0.00,3882.00,'[]','2023-10-30 01:30:06','2023-10-30 01:30:06'),(18,13,'Botble\\Ecommerce\\Models\\Product',48,'Xbox One Wireless Controller Black Color',NULL,'products/11-2.jpg',1,1297.00,1297.00,0.00,0.00,1297.00,'[]','2023-10-30 01:30:06','2023-10-30 01:30:06'),(19,13,'Botble\\Ecommerce\\Models\\Product',57,'B&amp;O Play Mini Bluetooth Speaker',NULL,'products/14.jpg',2,541.00,1082.00,0.00,0.00,1082.00,'[]','2023-10-30 01:30:06','2023-10-30 01:30:06'),(20,13,'Botble\\Ecommerce\\Models\\Product',73,'NYX Beauty Couton Pallete Makeup 12',NULL,'products/19-1.jpg',2,1147.00,2294.00,0.00,0.00,2294.00,'[]','2023-10-30 01:30:06','2023-10-30 01:30:06'),(21,14,'Botble\\Ecommerce\\Models\\Product',32,'Smart Watch External (Digital)',NULL,'products/5.jpg',1,840.00,840.00,0.00,0.00,840.00,'[]','2023-10-30 01:30:06','2023-10-30 01:30:06'),(22,14,'Botble\\Ecommerce\\Models\\Product',52,'EPSION Plaster Printer',NULL,'products/12-2.jpg',1,589.00,589.00,0.00,0.00,589.00,'[]','2023-10-30 01:30:06','2023-10-30 01:30:06'),(23,15,'Botble\\Ecommerce\\Models\\Product',42,'Samsung Smart Phone (Digital)',NULL,'products/9-2.jpg',3,528.00,1584.00,0.00,0.00,1584.00,'[]','2023-10-30 01:30:06','2023-10-30 01:30:06'),(24,15,'Botble\\Ecommerce\\Models\\Product',54,'Sound Intone I65 Earphone White Version (Digital)',NULL,'products/13.jpg',3,566.00,1698.00,0.00,0.00,1698.00,'[]','2023-10-30 01:30:06','2023-10-30 01:30:06'),(25,15,'Botble\\Ecommerce\\Models\\Product',77,'MVMTH Classical Leather Watch In Black (Digital)',NULL,'products/21-1.jpg',2,802.00,1604.00,0.00,0.00,1604.00,'[]','2023-10-30 01:30:06','2023-10-30 01:30:06'),(26,16,'Botble\\Ecommerce\\Models\\Product',67,'Samsung Gear VR Virtual Reality Headset (Digital)',NULL,'products/17-2.jpg',2,526.00,1052.00,0.00,0.00,1052.00,'[]','2023-10-30 01:30:07','2023-10-30 01:30:07'),(27,17,'Botble\\Ecommerce\\Models\\Product',31,'Red &amp; Black Headphone',NULL,'products/4-2.jpg',3,545.00,1635.00,0.00,0.00,1635.00,'[]','2023-10-30 01:30:07','2023-10-30 01:30:07'),(28,17,'Botble\\Ecommerce\\Models\\Product',53,'EPSION Plaster Printer',NULL,'products/12-3.jpg',3,589.00,1767.00,0.00,0.00,1767.00,'[]','2023-10-30 01:30:07','2023-10-30 01:30:07'),(29,18,'Botble\\Ecommerce\\Models\\Product',41,'Samsung Smart Phone (Digital)',NULL,'products/9-1.jpg',3,528.00,1584.00,0.00,0.00,1584.00,'[]','2023-10-30 01:30:07','2023-10-30 01:30:07'),(30,19,'Botble\\Ecommerce\\Models\\Product',24,'Dual Camera 20MP (Digital)',NULL,'products/1.jpg',2,80.25,160.50,0.00,0.00,160.50,'[]','2023-10-30 01:30:07','2023-10-30 01:30:07'),(31,19,'Botble\\Ecommerce\\Models\\Product',32,'Smart Watch External (Digital)',NULL,'products/5.jpg',2,840.00,1680.00,0.00,0.00,1680.00,'[]','2023-10-30 01:30:07','2023-10-30 01:30:07'),(32,20,'Botble\\Ecommerce\\Models\\Product',33,'Nikon HD camera',NULL,'products/6.jpg',2,427.00,854.00,0.00,0.00,854.00,'[]','2023-10-30 01:30:07','2023-10-30 01:30:07'),(33,20,'Botble\\Ecommerce\\Models\\Product',65,'Samsung Gear VR Virtual Reality Headset (Digital)',NULL,'products/17.jpg',2,526.00,1052.00,0.00,0.00,1052.00,'[]','2023-10-30 01:30:07','2023-10-30 01:30:07'),(34,20,'Botble\\Ecommerce\\Models\\Product',79,'Baxter Care Hair Kit For Bearded Mens',NULL,'products/22.jpg',2,643.00,1286.00,0.00,0.00,1286.00,'[]','2023-10-30 01:30:07','2023-10-30 01:30:07'),(35,21,'Botble\\Ecommerce\\Models\\Product',56,'Sound Intone I65 Earphone White Version (Digital)',NULL,'products/13.jpg',2,566.00,1132.00,0.00,0.00,1132.00,'[]','2023-10-30 01:30:07','2023-10-30 01:30:07'),(36,22,'Botble\\Ecommerce\\Models\\Product',34,'Nikon HD camera',NULL,'products/6.jpg',2,427.00,854.00,0.00,0.00,854.00,'[]','2023-10-30 01:30:07','2023-10-30 01:30:07'),(37,22,'Botble\\Ecommerce\\Models\\Product',45,'Herschel Leather Duffle Bag In Brown Color',NULL,'products/10-2.jpg',3,1294.00,3882.00,0.00,0.00,3882.00,'[]','2023-10-30 01:30:07','2023-10-30 01:30:07'),(38,22,'Botble\\Ecommerce\\Models\\Product',66,'Samsung Gear VR Virtual Reality Headset (Digital)',NULL,'products/17-1.jpg',2,526.00,1052.00,0.00,0.00,1052.00,'[]','2023-10-30 01:30:07','2023-10-30 01:30:07'),(39,22,'Botble\\Ecommerce\\Models\\Product',81,'Baxter Care Hair Kit For Bearded Mens',NULL,'products/22-2.jpg',3,643.00,1929.00,0.00,0.00,1929.00,'[]','2023-10-30 01:30:07','2023-10-30 01:30:07'),(40,23,'Botble\\Ecommerce\\Models\\Product',25,'Smart Watches',NULL,'products/2.jpg',3,40.50,121.50,0.00,0.00,121.50,'[]','2023-10-30 01:30:07','2023-10-30 01:30:07'),(41,23,'Botble\\Ecommerce\\Models\\Product',27,'Beat Headphone',NULL,'products/3.jpg',2,20.00,40.00,0.00,0.00,40.00,'[]','2023-10-30 01:30:07','2023-10-30 01:30:07'),(42,24,'Botble\\Ecommerce\\Models\\Product',42,'Samsung Smart Phone (Digital)',NULL,'products/9-2.jpg',2,528.00,1056.00,0.00,0.00,1056.00,'[]','2023-10-30 01:30:07','2023-10-30 01:30:07'),(43,25,'Botble\\Ecommerce\\Models\\Product',36,'Audio Equipment',NULL,'products/7.jpg',3,599.00,1797.00,0.00,0.00,1797.00,'[]','2023-10-30 01:30:07','2023-10-30 01:30:07'),(44,26,'Botble\\Ecommerce\\Models\\Product',79,'Baxter Care Hair Kit For Bearded Mens',NULL,'products/22.jpg',1,643.00,643.00,0.00,0.00,643.00,'[]','2023-10-30 01:30:07','2023-10-30 01:30:07'),(45,27,'Botble\\Ecommerce\\Models\\Product',32,'Smart Watch External (Digital)',NULL,'products/5.jpg',1,840.00,840.00,0.00,0.00,840.00,'[]','2023-10-30 01:30:08','2023-10-30 01:30:08'),(46,28,'Botble\\Ecommerce\\Models\\Product',47,'Xbox One Wireless Controller Black Color',NULL,'products/11-1.jpg',3,1297.00,3891.00,0.00,0.00,3891.00,'[]','2023-10-30 01:30:08','2023-10-30 01:30:08'),(47,28,'Botble\\Ecommerce\\Models\\Product',58,'B&amp;O Play Mini Bluetooth Speaker',NULL,'products/14.jpg',1,541.00,541.00,0.00,0.00,541.00,'[]','2023-10-30 01:30:08','2023-10-30 01:30:08'),(48,29,'Botble\\Ecommerce\\Models\\Product',26,'Beat Headphone',NULL,'products/3.jpg',2,20.00,40.00,0.00,0.00,40.00,'[]','2023-10-30 01:30:08','2023-10-30 01:30:08'),(49,30,'Botble\\Ecommerce\\Models\\Product',54,'Sound Intone I65 Earphone White Version (Digital)',NULL,'products/13.jpg',2,566.00,1132.00,0.00,0.00,1132.00,'[]','2023-10-30 01:30:08','2023-10-30 01:30:08'),(50,30,'Botble\\Ecommerce\\Models\\Product',70,'Aveeno Moisturizing Body Shower 450ml',NULL,'products/18-1.jpg',1,1064.00,1064.00,0.00,0.00,1064.00,'[]','2023-10-30 01:30:08','2023-10-30 01:30:08'),(51,31,'Botble\\Ecommerce\\Models\\Product',25,'Smart Watches',NULL,'products/2.jpg',1,40.50,40.50,0.00,0.00,40.50,'[]','2023-10-30 01:30:08','2023-10-30 01:30:08'),(52,31,'Botble\\Ecommerce\\Models\\Product',30,'Red &amp; Black Headphone',NULL,'products/4-1.jpg',3,545.00,1635.00,0.00,0.00,1635.00,'[]','2023-10-30 01:30:08','2023-10-30 01:30:08'),(53,31,'Botble\\Ecommerce\\Models\\Product',80,'Baxter Care Hair Kit For Bearded Mens',NULL,'products/22-1.jpg',1,643.00,643.00,0.00,0.00,643.00,'[]','2023-10-30 01:30:08','2023-10-30 01:30:08'),(54,32,'Botble\\Ecommerce\\Models\\Product',55,'Sound Intone I65 Earphone White Version (Digital)',NULL,'products/13-1.jpg',3,566.00,1698.00,0.00,0.00,1698.00,'[]','2023-10-30 01:30:08','2023-10-30 01:30:08'),(55,33,'Botble\\Ecommerce\\Models\\Product',40,'Samsung Smart Phone (Digital)',NULL,'products/9.jpg',2,528.00,1056.00,0.00,0.00,1056.00,'[]','2023-10-30 01:30:08','2023-10-30 01:30:08'),(56,34,'Botble\\Ecommerce\\Models\\Product',73,'NYX Beauty Couton Pallete Makeup 12',NULL,'products/19-1.jpg',2,1147.00,2294.00,0.00,0.00,2294.00,'[]','2023-10-30 01:30:08','2023-10-30 01:30:08'),(57,35,'Botble\\Ecommerce\\Models\\Product',79,'Baxter Care Hair Kit For Bearded Mens',NULL,'products/22.jpg',3,643.00,1929.00,0.00,0.00,1929.00,'[]','2023-10-30 01:30:08','2023-10-30 01:30:08'),(58,36,'Botble\\Ecommerce\\Models\\Product',65,'Samsung Gear VR Virtual Reality Headset (Digital)',NULL,'products/17.jpg',3,526.00,1578.00,0.00,0.00,1578.00,'[]','2023-10-30 01:30:08','2023-10-30 01:30:08'),(59,37,'Botble\\Ecommerce\\Models\\Product',69,'Aveeno Moisturizing Body Shower 450ml',NULL,'products/18.jpg',1,1064.00,1064.00,0.00,0.00,1064.00,'[]','2023-10-30 01:30:08','2023-10-30 01:30:08'),(60,38,'Botble\\Ecommerce\\Models\\Product',58,'B&amp;O Play Mini Bluetooth Speaker',NULL,'products/14.jpg',1,541.00,541.00,0.00,0.00,541.00,'[]','2023-10-30 01:30:08','2023-10-30 01:30:08'),(61,38,'Botble\\Ecommerce\\Models\\Product',82,'Ciate Palemore Lipstick Bold Red Color',NULL,'products/23.jpg',2,1067.00,2134.00,0.00,0.00,2134.00,'[]','2023-10-30 01:30:08','2023-10-30 01:30:08'),(62,39,'Botble\\Ecommerce\\Models\\Product',61,'Apple MacBook Air Retina 13.3-Inch Laptop',NULL,'products/15.jpg',3,594.00,1782.00,0.00,0.00,1782.00,'[]','2023-10-30 01:30:08','2023-10-30 01:30:08'),(63,39,'Botble\\Ecommerce\\Models\\Product',66,'Samsung Gear VR Virtual Reality Headset (Digital)',NULL,'products/17-1.jpg',3,526.00,1578.00,0.00,0.00,1578.00,'[]','2023-10-30 01:30:08','2023-10-30 01:30:08');
/*!40000 ALTER TABLE `ec_invoice_items` ENABLE KEYS */;
UNLOCK TABLES;

--
-- Table structure for table `ec_invoices`
--

DROP TABLE IF EXISTS `ec_invoices`;
/*!40101 SET @saved_cs_client     = @@character_set_client */;
/*!50503 SET character_set_client = utf8mb4 */;
CREATE TABLE `ec_invoices` (
  `id` bigint unsigned NOT NULL AUTO_INCREMENT,
  `reference_type` varchar(191) COLLATE utf8mb4_unicode_ci NOT NULL,
  `reference_id` bigint unsigned NOT NULL,
  `code` varchar(191) COLLATE utf8mb4_unicode_ci NOT NULL,
  `customer_name` varchar(191) COLLATE utf8mb4_unicode_ci DEFAULT NULL,
  `company_name` varchar(191) COLLATE utf8mb4_unicode_ci DEFAULT NULL,
  `company_logo` varchar(191) COLLATE utf8mb4_unicode_ci DEFAULT NULL,
  `customer_email` varchar(191) COLLATE utf8mb4_unicode_ci DEFAULT NULL,
  `customer_phone` varchar(191) COLLATE utf8mb4_unicode_ci DEFAULT NULL,
  `customer_address` varchar(191) COLLATE utf8mb4_unicode_ci DEFAULT NULL,
  `customer_tax_id` varchar(191) COLLATE utf8mb4_unicode_ci DEFAULT NULL,
  `sub_total` decimal(15,2) unsigned NOT NULL,
  `tax_amount` decimal(15,2) unsigned NOT NULL DEFAULT '0.00',
  `shipping_amount` decimal(15,2) unsigned NOT NULL DEFAULT '0.00',
  `discount_amount` decimal(15,2) unsigned NOT NULL DEFAULT '0.00',
  `shipping_option` varchar(60) COLLATE utf8mb4_unicode_ci DEFAULT NULL,
  `shipping_method` varchar(60) COLLATE utf8mb4_unicode_ci NOT NULL DEFAULT 'default',
  `coupon_code` varchar(120) COLLATE utf8mb4_unicode_ci DEFAULT NULL,
  `discount_description` varchar(255) COLLATE utf8mb4_unicode_ci DEFAULT NULL,
  `amount` decimal(15,2) unsigned NOT NULL,
  `description` text COLLATE utf8mb4_unicode_ci,
  `payment_id` bigint unsigned DEFAULT NULL,
  `status` varchar(191) COLLATE utf8mb4_unicode_ci NOT NULL DEFAULT 'pending',
  `paid_at` timestamp NULL DEFAULT NULL,
  `created_at` timestamp NULL DEFAULT NULL,
  `updated_at` timestamp NULL DEFAULT NULL,
  PRIMARY KEY (`id`),
  UNIQUE KEY `ec_invoices_code_unique` (`code`),
  KEY `ec_invoices_reference_type_reference_id_index` (`reference_type`,`reference_id`),
  KEY `ec_invoices_payment_id_index` (`payment_id`),
  KEY `ec_invoices_status_index` (`status`)
) ENGINE=InnoDB AUTO_INCREMENT=40 DEFAULT CHARSET=utf8mb4 COLLATE=utf8mb4_unicode_ci;
/*!40101 SET character_set_client = @saved_cs_client */;

--
-- Dumping data for table `ec_invoices`
--

LOCK TABLES `ec_invoices` WRITE;
/*!40000 ALTER TABLE `ec_invoices` DISABLE KEYS */;
INSERT INTO `ec_invoices` VALUES (1,'Botble\\Ecommerce\\Models\\Order',1,'INV-1','Prof. Lelia Goodwin MD','',NULL,'winona.schuppe@example.net','+18703369297','767 Barton Station, East Cassandre, New Jersey, PF',NULL,2472.50,0.00,0.00,0.00,'1','default',NULL,NULL,2472.50,NULL,1,'completed','2023-10-30 01:30:05','2023-10-16 17:30:05','2023-10-30 01:30:05'),(2,'Botble\\Ecommerce\\Models\\Order',2,'INV-2','Prof. Lelia Goodwin MD','',NULL,'winona.schuppe@example.net','+18703369297','767 Barton Station, East Cassandre, New Jersey, PF',NULL,2128.00,0.00,0.00,0.00,'1','default',NULL,NULL,2128.00,NULL,2,'pending',NULL,'2023-10-18 09:30:05','2023-10-30 01:30:05'),(3,'Botble\\Ecommerce\\Models\\Order',3,'INV-3','Prof. Lelia Goodwin MD','',NULL,'winona.schuppe@example.net','+18703369297','767 Barton Station, East Cassandre, New Jersey, PF',NULL,2520.00,0.00,0.00,0.00,NULL,'',NULL,NULL,2520.00,NULL,3,'completed','2023-10-30 01:30:05','2023-10-25 07:30:05','2023-10-30 01:30:05'),(4,'Botble\\Ecommerce\\Models\\Order',4,'INV-4','Prof. Lelia Goodwin MD','',NULL,'winona.schuppe@example.net','+18703369297','767 Barton Station, East Cassandre, New Jersey, PF',NULL,1067.00,0.00,0.00,0.00,'1','default',NULL,NULL,1067.00,NULL,4,'completed','2023-10-30 01:30:06','2023-10-28 11:30:05','2023-10-30 01:30:06'),(5,'Botble\\Ecommerce\\Models\\Order',5,'INV-5','April Gleason IV','',NULL,'customer@botble.com','+14097030934','30476 Hollie View, Gulgowskiland, Alaska, MW',NULL,40.00,0.00,0.00,0.00,'1','default',NULL,NULL,40.00,NULL,5,'completed','2023-10-30 01:30:06','2023-10-16 13:30:06','2023-10-30 01:30:06'),(6,'Botble\\Ecommerce\\Models\\Order',6,'INV-6','April Gleason IV','',NULL,'customer@botble.com','+14097030934','30476 Hollie View, Gulgowskiland, Alaska, MW',NULL,3538.00,0.00,0.00,0.00,NULL,'',NULL,NULL,3538.00,NULL,6,'pending',NULL,'2023-10-16 13:30:06','2023-10-30 01:30:06'),(7,'Botble\\Ecommerce\\Models\\Order',7,'INV-7','Prof. Lelia Goodwin MD','',NULL,'winona.schuppe@example.net','+18703369297','767 Barton Station, East Cassandre, New Jersey, PF',NULL,4432.00,0.00,0.00,0.00,'1','default',NULL,NULL,4432.00,NULL,7,'completed','2023-10-30 01:30:06','2023-10-21 13:30:06','2023-10-30 01:30:06'),(8,'Botble\\Ecommerce\\Models\\Order',8,'INV-8','Prof. Lelia Goodwin MD','',NULL,'winona.schuppe@example.net','+18703369297','767 Barton Station, East Cassandre, New Jersey, PF',NULL,1698.00,0.00,0.00,0.00,NULL,'',NULL,NULL,1698.00,NULL,8,'pending',NULL,'2023-10-25 19:30:06','2023-10-30 01:30:06'),(9,'Botble\\Ecommerce\\Models\\Order',9,'INV-9','Prof. Lelia Goodwin MD','',NULL,'winona.schuppe@example.net','+18703369297','767 Barton Station, East Cassandre, New Jersey, PF',NULL,643.00,0.00,0.00,0.00,'1','default',NULL,NULL,643.00,NULL,9,'completed','2023-10-30 01:30:06','2023-10-17 07:30:06','2023-10-30 01:30:06'),(10,'Botble\\Ecommerce\\Models\\Order',10,'INV-10','April Gleason IV','',NULL,'customer@botble.com','+14097030934','30476 Hollie View, Gulgowskiland, Alaska, MW',NULL,2819.00,0.00,0.00,0.00,'1','default',NULL,NULL,2819.00,NULL,10,'pending',NULL,'2023-10-23 09:30:06','2023-10-30 01:30:06'),(11,'Botble\\Ecommerce\\Models\\Order',11,'INV-11','April Gleason IV','',NULL,'customer@botble.com','+14097030934','30476 Hollie View, Gulgowskiland, Alaska, MW',NULL,2294.00,0.00,0.00,0.00,'1','default',NULL,NULL,2294.00,NULL,11,'completed','2023-10-30 01:30:06','2023-10-28 17:30:06','2023-10-30 01:30:06'),(12,'Botble\\Ecommerce\\Models\\Order',12,'INV-12','April Gleason IV','',NULL,'customer@botble.com','+14097030934','30476 Hollie View, Gulgowskiland, Alaska, MW',NULL,3882.00,0.00,0.00,0.00,'1','default',NULL,NULL,3882.00,NULL,12,'completed','2023-10-30 01:30:06','2023-10-20 01:30:06','2023-10-30 01:30:06'),(13,'Botble\\Ecommerce\\Models\\Order',13,'INV-13','April Gleason IV','',NULL,'customer@botble.com','+14097030934','30476 Hollie View, Gulgowskiland, Alaska, MW',NULL,4673.00,0.00,0.00,0.00,'1','default',NULL,NULL,4673.00,NULL,13,'completed','2023-10-30 01:30:06','2023-10-20 01:30:06','2023-10-30 01:30:06'),(14,'Botble\\Ecommerce\\Models\\Order',14,'INV-14','Jarod Hegmann','',NULL,'dietrich.noemie@example.org','+19526800078','35166 Tommie Knolls, Taniastad, New York, KE',NULL,1429.00,0.00,0.00,0.00,'1','default',NULL,NULL,1429.00,NULL,14,'completed','2023-10-30 01:30:06','2023-10-23 01:30:06','2023-10-30 01:30:06'),(15,'Botble\\Ecommerce\\Models\\Order',15,'INV-15','April Gleason IV','',NULL,'customer@botble.com','+14097030934','30476 Hollie View, Gulgowskiland, Alaska, MW',NULL,4886.00,0.00,0.00,0.00,NULL,'',NULL,NULL,4886.00,NULL,15,'completed','2023-10-30 01:30:06','2023-10-27 21:30:06','2023-10-30 01:30:06'),(16,'Botble\\Ecommerce\\Models\\Order',16,'INV-16','April Gleason IV','',NULL,'customer@botble.com','+14097030934','30476 Hollie View, Gulgowskiland, Alaska, MW',NULL,1052.00,0.00,0.00,0.00,NULL,'',NULL,NULL,1052.00,NULL,16,'completed','2023-10-30 01:30:06','2023-10-23 13:30:06','2023-10-30 01:30:07'),(17,'Botble\\Ecommerce\\Models\\Order',17,'INV-17','Stella Stiedemann','',NULL,'olga.swaniawski@example.net','+18089797905','19784 Langosh Heights Apt. 061, Port Claudinemouth, Delaware, TV',NULL,3402.00,0.00,0.00,0.00,'1','default',NULL,NULL,3402.00,NULL,17,'completed','2023-10-30 01:30:07','2023-10-25 01:30:07','2023-10-30 01:30:07'),(18,'Botble\\Ecommerce\\Models\\Order',18,'INV-18','Stella Stiedemann','',NULL,'olga.swaniawski@example.net','+18089797905','19784 Langosh Heights Apt. 061, Port Claudinemouth, Delaware, TV',NULL,1584.00,0.00,0.00,0.00,NULL,'',NULL,NULL,1584.00,NULL,18,'completed','2023-10-30 01:30:07','2023-10-27 01:30:07','2023-10-30 01:30:07'),(19,'Botble\\Ecommerce\\Models\\Order',19,'INV-19','Declan Marquardt','',NULL,'bartoletti.eugenia@example.org','+17855136734','759 Antonio Green Suite 204, South William, Oregon, UZ',NULL,1840.50,0.00,0.00,0.00,NULL,'',NULL,NULL,1840.50,NULL,19,'completed','2023-10-30 01:30:07','2023-10-23 15:30:07','2023-10-30 01:30:07'),(20,'Botble\\Ecommerce\\Models\\Order',20,'INV-20','April Gleason IV','',NULL,'customer@botble.com','+14097030934','30476 Hollie View, Gulgowskiland, Alaska, MW',NULL,3192.00,0.00,0.00,0.00,'1','default',NULL,NULL,3192.00,NULL,20,'completed','2023-10-30 01:30:07','2023-10-25 01:30:07','2023-10-30 01:30:07'),(21,'Botble\\Ecommerce\\Models\\Order',21,'INV-21','April Gleason IV','',NULL,'customer@botble.com','+14097030934','30476 Hollie View, Gulgowskiland, Alaska, MW',NULL,1132.00,0.00,0.00,0.00,NULL,'',NULL,NULL,1132.00,NULL,21,'completed','2023-10-30 01:30:07','2023-10-22 13:30:07','2023-10-30 01:30:07'),(22,'Botble\\Ecommerce\\Models\\Order',22,'INV-22','Stella Stiedemann','',NULL,'olga.swaniawski@example.net','+18089797905','19784 Langosh Heights Apt. 061, Port Claudinemouth, Delaware, TV',NULL,7717.00,0.00,0.00,0.00,'1','default',NULL,NULL,7717.00,NULL,22,'completed','2023-10-30 01:30:07','2023-10-27 19:30:07','2023-10-30 01:30:07'),(23,'Botble\\Ecommerce\\Models\\Order',23,'INV-23','Declan Marquardt','',NULL,'bartoletti.eugenia@example.org','+17855136734','759 Antonio Green Suite 204, South William, Oregon, UZ',NULL,161.50,0.00,0.00,0.00,'1','default',NULL,NULL,161.50,NULL,23,'completed','2023-10-30 01:30:07','2023-10-28 01:30:07','2023-10-30 01:30:07'),(24,'Botble\\Ecommerce\\Models\\Order',24,'INV-24','Declan Marquardt','',NULL,'bartoletti.eugenia@example.org','+17855136734','759 Antonio Green Suite 204, South William, Oregon, UZ',NULL,1056.00,0.00,0.00,0.00,NULL,'',NULL,NULL,1056.00,NULL,24,'pending',NULL,'2023-10-26 01:30:07','2023-10-30 01:30:07'),(25,'Botble\\Ecommerce\\Models\\Order',25,'INV-25','Giovanny Jacobson','',NULL,'camren60@example.net','+19293456601','660 Murray Greens, Faheyville, Florida, FR',NULL,1797.00,0.00,0.00,0.00,'1','default',NULL,NULL,1797.00,NULL,25,'completed','2023-10-30 01:30:07','2023-10-25 09:30:07','2023-10-30 01:30:07'),(26,'Botble\\Ecommerce\\Models\\Order',26,'INV-26','Giovanny Jacobson','',NULL,'camren60@example.net','+19293456601','660 Murray Greens, Faheyville, Florida, FR',NULL,643.00,0.00,0.00,0.00,'1','default',NULL,NULL,643.00,NULL,26,'pending',NULL,'2023-10-27 17:30:07','2023-10-30 01:30:07'),(27,'Botble\\Ecommerce\\Models\\Order',27,'INV-27','Jarod Hegmann','',NULL,'dietrich.noemie@example.org','+19526800078','35166 Tommie Knolls, Taniastad, New York, KE',NULL,840.00,0.00,0.00,0.00,NULL,'',NULL,NULL,840.00,NULL,27,'pending',NULL,'2023-10-29 01:30:07','2023-10-30 01:30:08'),(28,'Botble\\Ecommerce\\Models\\Order',28,'INV-28','Jarod Hegmann','',NULL,'dietrich.noemie@example.org','+19526800078','35166 Tommie Knolls, Taniastad, New York, KE',NULL,4432.00,0.00,0.00,0.00,'1','default',NULL,NULL,4432.00,NULL,28,'completed','2023-10-30 01:30:08','2023-10-29 01:30:08','2023-10-30 01:30:08'),(29,'Botble\\Ecommerce\\Models\\Order',29,'INV-29','Giovanny Jacobson','',NULL,'camren60@example.net','+19293456601','660 Murray Greens, Faheyville, Florida, FR',NULL,40.00,0.00,0.00,0.00,'1','default',NULL,NULL,40.00,NULL,29,'completed','2023-10-30 01:30:08','2023-10-26 07:30:08','2023-10-30 01:30:08'),(30,'Botble\\Ecommerce\\Models\\Order',30,'INV-30','Giovanny Jacobson','',NULL,'camren60@example.net','+19293456601','660 Murray Greens, Faheyville, Florida, FR',NULL,2196.00,0.00,0.00,0.00,'1','default',NULL,NULL,2196.00,NULL,30,'pending',NULL,'2023-10-29 05:30:08','2023-10-30 01:30:08'),(31,'Botble\\Ecommerce\\Models\\Order',31,'INV-31','Mr. Vance Collier','',NULL,'okeeling@example.net','+16629433134','9924 Harris Loaf Apt. 352, Port Montystad, California, CU',NULL,2318.50,0.00,0.00,0.00,'1','default',NULL,NULL,2318.50,NULL,31,'pending',NULL,'2023-10-29 09:30:08','2023-10-30 01:30:08'),(32,'Botble\\Ecommerce\\Models\\Order',32,'INV-32','Mr. Vance Collier','',NULL,'okeeling@example.net','+16629433134','9924 Harris Loaf Apt. 352, Port Montystad, California, CU',NULL,1698.00,0.00,0.00,0.00,NULL,'',NULL,NULL,1698.00,NULL,32,'pending',NULL,'2023-10-27 17:30:08','2023-10-30 01:30:08'),(33,'Botble\\Ecommerce\\Models\\Order',33,'INV-33','Giovanny Jacobson','',NULL,'camren60@example.net','+19293456601','660 Murray Greens, Faheyville, Florida, FR',NULL,1056.00,0.00,0.00,0.00,NULL,'',NULL,NULL,1056.00,NULL,33,'pending',NULL,'2023-10-29 13:30:08','2023-10-30 01:30:08'),(34,'Botble\\Ecommerce\\Models\\Order',34,'INV-34','Giovanny Jacobson','',NULL,'camren60@example.net','+19293456601','660 Murray Greens, Faheyville, Florida, FR',NULL,2294.00,0.00,0.00,0.00,'1','default',NULL,NULL,2294.00,NULL,34,'completed','2023-10-30 01:30:08','2023-10-28 19:30:08','2023-10-30 01:30:08'),(35,'Botble\\Ecommerce\\Models\\Order',35,'INV-35','Giovanny Jacobson','',NULL,'camren60@example.net','+19293456601','660 Murray Greens, Faheyville, Florida, FR',NULL,1929.00,0.00,0.00,0.00,'1','default',NULL,NULL,1929.00,NULL,35,'completed','2023-10-30 01:30:08','2023-10-29 13:30:08','2023-10-30 01:30:08'),(36,'Botble\\Ecommerce\\Models\\Order',36,'INV-36','Jarod Hegmann','',NULL,'dietrich.noemie@example.org','+19526800078','35166 Tommie Knolls, Taniastad, New York, KE',NULL,1578.00,0.00,0.00,0.00,NULL,'',NULL,NULL,1578.00,NULL,36,'pending',NULL,'2023-10-29 17:30:08','2023-10-30 01:30:08'),(37,'Botble\\Ecommerce\\Models\\Order',37,'INV-37','Jarod Hegmann','',NULL,'dietrich.noemie@example.org','+19526800078','35166 Tommie Knolls, Taniastad, New York, KE',NULL,1064.00,0.00,0.00,0.00,'1','default',NULL,NULL,1064.00,NULL,37,'completed','2023-10-30 01:30:08','2023-10-29 21:30:08','2023-10-30 01:30:08'),(38,'Botble\\Ecommerce\\Models\\Order',38,'INV-38','Giovanny Jacobson','',NULL,'camren60@example.net','+19293456601','660 Murray Greens, Faheyville, Florida, FR',NULL,2675.00,0.00,0.00,0.00,'1','default',NULL,NULL,2675.00,NULL,38,'pending',NULL,'2023-10-29 05:30:08','2023-10-30 01:30:08'),(39,'Botble\\Ecommerce\\Models\\Order',39,'INV-39','Giovanny Jacobson','',NULL,'camren60@example.net','+19293456601','660 Murray Greens, Faheyville, Florida, FR',NULL,3360.00,0.00,0.00,0.00,'1','default',NULL,NULL,3360.00,NULL,39,'completed','2023-10-30 01:30:08','2023-10-29 15:30:08','2023-10-30 01:30:08');
/*!40000 ALTER TABLE `ec_invoices` ENABLE KEYS */;
UNLOCK TABLES;

--
-- Table structure for table `ec_option_value`
--

DROP TABLE IF EXISTS `ec_option_value`;
/*!40101 SET @saved_cs_client     = @@character_set_client */;
/*!50503 SET character_set_client = utf8mb4 */;
CREATE TABLE `ec_option_value` (
  `option_id` bigint unsigned NOT NULL COMMENT 'option id',
  `id` bigint unsigned NOT NULL AUTO_INCREMENT,
  `option_value` tinytext COLLATE utf8mb4_unicode_ci COMMENT 'option value',
  `affect_price` double DEFAULT NULL COMMENT 'value of price of this option affect',
  `order` int NOT NULL DEFAULT '9999',
  `affect_type` tinyint NOT NULL DEFAULT '0' COMMENT '0. fixed 1. percent',
  `created_at` timestamp NULL DEFAULT NULL,
  `updated_at` timestamp NULL DEFAULT NULL,
  PRIMARY KEY (`id`)
) ENGINE=InnoDB DEFAULT CHARSET=utf8mb4 COLLATE=utf8mb4_unicode_ci;
/*!40101 SET character_set_client = @saved_cs_client */;

--
-- Dumping data for table `ec_option_value`
--

LOCK TABLES `ec_option_value` WRITE;
/*!40000 ALTER TABLE `ec_option_value` DISABLE KEYS */;
/*!40000 ALTER TABLE `ec_option_value` ENABLE KEYS */;
UNLOCK TABLES;

--
-- Table structure for table `ec_option_value_translations`
--

DROP TABLE IF EXISTS `ec_option_value_translations`;
/*!40101 SET @saved_cs_client     = @@character_set_client */;
/*!50503 SET character_set_client = utf8mb4 */;
CREATE TABLE `ec_option_value_translations` (
  `lang_code` varchar(191) COLLATE utf8mb4_unicode_ci NOT NULL,
  `ec_option_value_id` bigint unsigned NOT NULL,
  `option_value` varchar(255) COLLATE utf8mb4_unicode_ci DEFAULT NULL,
  PRIMARY KEY (`lang_code`,`ec_option_value_id`)
) ENGINE=InnoDB DEFAULT CHARSET=utf8mb4 COLLATE=utf8mb4_unicode_ci;
/*!40101 SET character_set_client = @saved_cs_client */;

--
-- Dumping data for table `ec_option_value_translations`
--

LOCK TABLES `ec_option_value_translations` WRITE;
/*!40000 ALTER TABLE `ec_option_value_translations` DISABLE KEYS */;
/*!40000 ALTER TABLE `ec_option_value_translations` ENABLE KEYS */;
UNLOCK TABLES;

--
-- Table structure for table `ec_options`
--

DROP TABLE IF EXISTS `ec_options`;
/*!40101 SET @saved_cs_client     = @@character_set_client */;
/*!50503 SET character_set_client = utf8mb4 */;
CREATE TABLE `ec_options` (
  `id` bigint unsigned NOT NULL AUTO_INCREMENT,
  `name` varchar(191) COLLATE utf8mb4_unicode_ci NOT NULL COMMENT 'Name of options',
  `option_type` varchar(191) COLLATE utf8mb4_unicode_ci DEFAULT NULL COMMENT 'option type',
  `product_id` bigint unsigned NOT NULL DEFAULT '0',
  `order` int NOT NULL DEFAULT '9999',
  `required` tinyint(1) NOT NULL DEFAULT '0' COMMENT 'Checked if this option is required',
  `created_at` timestamp NULL DEFAULT NULL,
  `updated_at` timestamp NULL DEFAULT NULL,
  PRIMARY KEY (`id`)
) ENGINE=InnoDB DEFAULT CHARSET=utf8mb4 COLLATE=utf8mb4_unicode_ci;
/*!40101 SET character_set_client = @saved_cs_client */;

--
-- Dumping data for table `ec_options`
--

LOCK TABLES `ec_options` WRITE;
/*!40000 ALTER TABLE `ec_options` DISABLE KEYS */;
/*!40000 ALTER TABLE `ec_options` ENABLE KEYS */;
UNLOCK TABLES;

--
-- Table structure for table `ec_options_translations`
--

DROP TABLE IF EXISTS `ec_options_translations`;
/*!40101 SET @saved_cs_client     = @@character_set_client */;
/*!50503 SET character_set_client = utf8mb4 */;
CREATE TABLE `ec_options_translations` (
  `lang_code` varchar(191) COLLATE utf8mb4_unicode_ci NOT NULL,
  `ec_options_id` bigint unsigned NOT NULL,
  `name` varchar(255) COLLATE utf8mb4_unicode_ci DEFAULT NULL,
  PRIMARY KEY (`lang_code`,`ec_options_id`)
) ENGINE=InnoDB DEFAULT CHARSET=utf8mb4 COLLATE=utf8mb4_unicode_ci;
/*!40101 SET character_set_client = @saved_cs_client */;

--
-- Dumping data for table `ec_options_translations`
--

LOCK TABLES `ec_options_translations` WRITE;
/*!40000 ALTER TABLE `ec_options_translations` DISABLE KEYS */;
/*!40000 ALTER TABLE `ec_options_translations` ENABLE KEYS */;
UNLOCK TABLES;

--
-- Table structure for table `ec_order_addresses`
--

DROP TABLE IF EXISTS `ec_order_addresses`;
/*!40101 SET @saved_cs_client     = @@character_set_client */;
/*!50503 SET character_set_client = utf8mb4 */;
CREATE TABLE `ec_order_addresses` (
  `id` bigint unsigned NOT NULL AUTO_INCREMENT,
  `name` varchar(191) COLLATE utf8mb4_unicode_ci NOT NULL,
  `phone` varchar(20) COLLATE utf8mb4_unicode_ci DEFAULT NULL,
  `email` varchar(191) COLLATE utf8mb4_unicode_ci DEFAULT NULL,
  `country` varchar(120) COLLATE utf8mb4_unicode_ci DEFAULT NULL,
  `state` varchar(120) COLLATE utf8mb4_unicode_ci DEFAULT NULL,
  `city` varchar(120) COLLATE utf8mb4_unicode_ci DEFAULT NULL,
  `address` varchar(255) COLLATE utf8mb4_unicode_ci DEFAULT NULL,
  `order_id` bigint unsigned NOT NULL,
  `zip_code` varchar(20) COLLATE utf8mb4_unicode_ci DEFAULT NULL,
  `type` varchar(60) COLLATE utf8mb4_unicode_ci NOT NULL DEFAULT 'shipping_address',
  PRIMARY KEY (`id`)
) ENGINE=InnoDB AUTO_INCREMENT=40 DEFAULT CHARSET=utf8mb4 COLLATE=utf8mb4_unicode_ci;
/*!40101 SET character_set_client = @saved_cs_client */;

--
-- Dumping data for table `ec_order_addresses`
--

LOCK TABLES `ec_order_addresses` WRITE;
/*!40000 ALTER TABLE `ec_order_addresses` DISABLE KEYS */;
INSERT INTO `ec_order_addresses` VALUES (1,'Prof. Lelia Goodwin MD','+18703369297','winona.schuppe@example.net','PF','New Jersey','East Cassandre','767 Barton Station',1,'61695-2031','shipping_address'),(2,'Prof. Lelia Goodwin MD','+18703369297','winona.schuppe@example.net','PF','New Jersey','East Cassandre','767 Barton Station',2,'61695-2031','shipping_address'),(3,'Prof. Lelia Goodwin MD','+18703369297','winona.schuppe@example.net','PF','New Jersey','East Cassandre','767 Barton Station',3,'61695-2031','shipping_address'),(4,'Prof. Lelia Goodwin MD','+18703369297','winona.schuppe@example.net','PF','New Jersey','East Cassandre','767 Barton Station',4,'61695-2031','shipping_address'),(5,'April Gleason IV','+14097030934','customer@botble.com','MW','Alaska','Gulgowskiland','30476 Hollie View',5,'05900','shipping_address'),(6,'April Gleason IV','+14097030934','customer@botble.com','MW','Alaska','Gulgowskiland','30476 Hollie View',6,'05900','shipping_address'),(7,'Prof. Lelia Goodwin MD','+18703369297','winona.schuppe@example.net','PF','New Jersey','East Cassandre','767 Barton Station',7,'61695-2031','shipping_address'),(8,'Prof. Lelia Goodwin MD','+18703369297','winona.schuppe@example.net','PF','New Jersey','East Cassandre','767 Barton Station',8,'61695-2031','shipping_address'),(9,'Prof. Lelia Goodwin MD','+18703369297','winona.schuppe@example.net','PF','New Jersey','East Cassandre','767 Barton Station',9,'61695-2031','shipping_address'),(10,'April Gleason IV','+14097030934','customer@botble.com','MW','Alaska','Gulgowskiland','30476 Hollie View',10,'05900','shipping_address'),(11,'April Gleason IV','+14097030934','customer@botble.com','MW','Alaska','Gulgowskiland','30476 Hollie View',11,'05900','shipping_address'),(12,'April Gleason IV','+14097030934','customer@botble.com','MW','Alaska','Gulgowskiland','30476 Hollie View',12,'05900','shipping_address'),(13,'April Gleason IV','+14097030934','customer@botble.com','MW','Alaska','Gulgowskiland','30476 Hollie View',13,'05900','shipping_address'),(14,'Jarod Hegmann','+19526800078','dietrich.noemie@example.org','KE','New York','Taniastad','35166 Tommie Knolls',14,'35593-0163','shipping_address'),(15,'April Gleason IV','+14097030934','customer@botble.com','MW','Alaska','Gulgowskiland','30476 Hollie View',15,'05900','shipping_address'),(16,'April Gleason IV','+14097030934','customer@botble.com','MW','Alaska','Gulgowskiland','30476 Hollie View',16,'05900','shipping_address'),(17,'Stella Stiedemann','+18089797905','olga.swaniawski@example.net','TV','Delaware','Port Claudinemouth','19784 Langosh Heights Apt. 061',17,'97344-4333','shipping_address'),(18,'Stella Stiedemann','+18089797905','olga.swaniawski@example.net','TV','Delaware','Port Claudinemouth','19784 Langosh Heights Apt. 061',18,'97344-4333','shipping_address'),(19,'Declan Marquardt','+17855136734','bartoletti.eugenia@example.org','UZ','Oregon','South William','759 Antonio Green Suite 204',19,'86805-4079','shipping_address'),(20,'April Gleason IV','+14097030934','customer@botble.com','MW','Alaska','Gulgowskiland','30476 Hollie View',20,'05900','shipping_address'),(21,'April Gleason IV','+14097030934','customer@botble.com','MW','Alaska','Gulgowskiland','30476 Hollie View',21,'05900','shipping_address'),(22,'Stella Stiedemann','+18089797905','olga.swaniawski@example.net','TV','Delaware','Port Claudinemouth','19784 Langosh Heights Apt. 061',22,'97344-4333','shipping_address'),(23,'Declan Marquardt','+17855136734','bartoletti.eugenia@example.org','UZ','Oregon','South William','759 Antonio Green Suite 204',23,'86805-4079','shipping_address'),(24,'Declan Marquardt','+17855136734','bartoletti.eugenia@example.org','UZ','Oregon','South William','759 Antonio Green Suite 204',24,'86805-4079','shipping_address'),(25,'Giovanny Jacobson','+19293456601','camren60@example.net','FR','Florida','Faheyville','660 Murray Greens',25,'02485','shipping_address'),(26,'Giovanny Jacobson','+19293456601','camren60@example.net','FR','Florida','Faheyville','660 Murray Greens',26,'02485','shipping_address'),(27,'Jarod Hegmann','+19526800078','dietrich.noemie@example.org','KE','New York','Taniastad','35166 Tommie Knolls',27,'35593-0163','shipping_address'),(28,'Jarod Hegmann','+19526800078','dietrich.noemie@example.org','KE','New York','Taniastad','35166 Tommie Knolls',28,'35593-0163','shipping_address'),(29,'Giovanny Jacobson','+19293456601','camren60@example.net','FR','Florida','Faheyville','660 Murray Greens',29,'02485','shipping_address'),(30,'Giovanny Jacobson','+19293456601','camren60@example.net','FR','Florida','Faheyville','660 Murray Greens',30,'02485','shipping_address'),(31,'Mr. Vance Collier','+16629433134','okeeling@example.net','CU','California','Port Montystad','9924 Harris Loaf Apt. 352',31,'44360-2766','shipping_address'),(32,'Mr. Vance Collier','+16629433134','okeeling@example.net','CU','California','Port Montystad','9924 Harris Loaf Apt. 352',32,'44360-2766','shipping_address'),(33,'Giovanny Jacobson','+19293456601','camren60@example.net','FR','Florida','Faheyville','660 Murray Greens',33,'02485','shipping_address'),(34,'Giovanny Jacobson','+19293456601','camren60@example.net','FR','Florida','Faheyville','660 Murray Greens',34,'02485','shipping_address'),(35,'Giovanny Jacobson','+19293456601','camren60@example.net','FR','Florida','Faheyville','660 Murray Greens',35,'02485','shipping_address'),(36,'Jarod Hegmann','+19526800078','dietrich.noemie@example.org','KE','New York','Taniastad','35166 Tommie Knolls',36,'35593-0163','shipping_address'),(37,'Jarod Hegmann','+19526800078','dietrich.noemie@example.org','KE','New York','Taniastad','35166 Tommie Knolls',37,'35593-0163','shipping_address'),(38,'Giovanny Jacobson','+19293456601','camren60@example.net','FR','Florida','Faheyville','660 Murray Greens',38,'02485','shipping_address'),(39,'Giovanny Jacobson','+19293456601','camren60@example.net','FR','Florida','Faheyville','660 Murray Greens',39,'02485','shipping_address');
/*!40000 ALTER TABLE `ec_order_addresses` ENABLE KEYS */;
UNLOCK TABLES;

--
-- Table structure for table `ec_order_histories`
--

DROP TABLE IF EXISTS `ec_order_histories`;
/*!40101 SET @saved_cs_client     = @@character_set_client */;
/*!50503 SET character_set_client = utf8mb4 */;
CREATE TABLE `ec_order_histories` (
  `id` bigint unsigned NOT NULL AUTO_INCREMENT,
  `action` varchar(120) COLLATE utf8mb4_unicode_ci NOT NULL,
  `description` varchar(255) COLLATE utf8mb4_unicode_ci NOT NULL,
  `user_id` bigint unsigned DEFAULT NULL,
  `order_id` bigint unsigned NOT NULL,
  `extras` text COLLATE utf8mb4_unicode_ci,
  `created_at` timestamp NULL DEFAULT NULL,
  `updated_at` timestamp NULL DEFAULT NULL,
  PRIMARY KEY (`id`)
) ENGINE=InnoDB AUTO_INCREMENT=157 DEFAULT CHARSET=utf8mb4 COLLATE=utf8mb4_unicode_ci;
/*!40101 SET character_set_client = @saved_cs_client */;

--
-- Dumping data for table `ec_order_histories`
--

LOCK TABLES `ec_order_histories` WRITE;
/*!40000 ALTER TABLE `ec_order_histories` DISABLE KEYS */;
INSERT INTO `ec_order_histories` VALUES (1,'create_order_from_seeder','Order is created from the checkout page',NULL,1,NULL,'2023-10-16 17:30:05','2023-10-16 17:30:05'),(2,'confirm_order','Order was verified by %user_name%',0,1,NULL,'2023-10-16 17:30:05','2023-10-16 17:30:05'),(3,'confirm_payment','Payment was confirmed (amount $2,472.50) by %user_name%',0,1,NULL,'2023-10-30 01:30:05','2023-10-30 01:30:05'),(4,'create_shipment','Created shipment for order',0,1,NULL,'2023-10-30 01:30:05','2023-10-30 01:30:05'),(5,'create_order_from_seeder','Order is created from the checkout page',NULL,2,NULL,'2023-10-18 09:30:05','2023-10-18 09:30:05'),(6,'confirm_order','Order was verified by %user_name%',0,2,NULL,'2023-10-18 09:30:05','2023-10-18 09:30:05'),(7,'create_shipment','Created shipment for order',0,2,NULL,'2023-10-30 01:30:05','2023-10-30 01:30:05'),(8,'update_status','Changed status of shipping to: Delivered. Updated by: %user_name%',0,2,NULL,'2023-10-30 01:30:05','2023-10-30 01:30:05'),(9,'create_order_from_seeder','Order is created from the checkout page',NULL,3,NULL,'2023-10-25 07:30:05','2023-10-25 07:30:05'),(10,'confirm_order','Order was verified by %user_name%',0,3,NULL,'2023-10-25 07:30:05','2023-10-25 07:30:05'),(11,'confirm_payment','Payment was confirmed (amount $2,520.00) by %user_name%',0,3,NULL,'2023-10-30 01:30:05','2023-10-30 01:30:05'),(12,'update_status','Changed status of shipping to: . Updated by: %user_name%',0,3,NULL,'2023-10-30 01:30:05','2023-10-30 01:30:05'),(13,'create_order_from_seeder','Order is created from the checkout page',NULL,4,NULL,'2023-10-28 11:30:05','2023-10-28 11:30:05'),(14,'confirm_order','Order was verified by %user_name%',0,4,NULL,'2023-10-28 11:30:05','2023-10-28 11:30:05'),(15,'confirm_payment','Payment was confirmed (amount $1,067.00) by %user_name%',0,4,NULL,'2023-10-30 01:30:06','2023-10-30 01:30:06'),(16,'create_shipment','Created shipment for order',0,4,NULL,'2023-10-30 01:30:06','2023-10-30 01:30:06'),(17,'update_status','Changed status of shipping to: Delivered. Updated by: %user_name%',0,4,NULL,'2023-10-30 01:30:06','2023-10-30 01:30:06'),(18,'create_order_from_seeder','Order is created from the checkout page',NULL,5,NULL,'2023-10-16 13:30:06','2023-10-16 13:30:06'),(19,'confirm_order','Order was verified by %user_name%',0,5,NULL,'2023-10-16 13:30:06','2023-10-16 13:30:06'),(20,'confirm_payment','Payment was confirmed (amount $40.00) by %user_name%',0,5,NULL,'2023-10-30 01:30:06','2023-10-30 01:30:06'),(21,'create_shipment','Created shipment for order',0,5,NULL,'2023-10-30 01:30:06','2023-10-30 01:30:06'),(22,'create_order_from_seeder','Order is created from the checkout page',NULL,6,NULL,'2023-10-16 13:30:06','2023-10-16 13:30:06'),(23,'confirm_order','Order was verified by %user_name%',0,6,NULL,'2023-10-16 13:30:06','2023-10-16 13:30:06'),(24,'create_order_from_seeder','Order is created from the checkout page',NULL,7,NULL,'2023-10-21 13:30:06','2023-10-21 13:30:06'),(25,'confirm_order','Order was verified by %user_name%',0,7,NULL,'2023-10-21 13:30:06','2023-10-21 13:30:06'),(26,'confirm_payment','Payment was confirmed (amount $4,432.00) by %user_name%',0,7,NULL,'2023-10-30 01:30:06','2023-10-30 01:30:06'),(27,'create_shipment','Created shipment for order',0,7,NULL,'2023-10-30 01:30:06','2023-10-30 01:30:06'),(28,'update_status','Changed status of shipping to: Delivered. Updated by: %user_name%',0,7,NULL,'2023-10-30 01:30:06','2023-10-30 01:30:06'),(29,'create_order_from_seeder','Order is created from the checkout page',NULL,8,NULL,'2023-10-25 19:30:06','2023-10-25 19:30:06'),(30,'confirm_order','Order was verified by %user_name%',0,8,NULL,'2023-10-25 19:30:06','2023-10-25 19:30:06'),(31,'create_order_from_seeder','Order is created from the checkout page',NULL,9,NULL,'2023-10-17 07:30:06','2023-10-17 07:30:06'),(32,'confirm_order','Order was verified by %user_name%',0,9,NULL,'2023-10-17 07:30:06','2023-10-17 07:30:06'),(33,'confirm_payment','Payment was confirmed (amount $643.00) by %user_name%',0,9,NULL,'2023-10-30 01:30:06','2023-10-30 01:30:06'),(34,'create_shipment','Created shipment for order',0,9,NULL,'2023-10-30 01:30:06','2023-10-30 01:30:06'),(35,'update_status','Changed status of shipping to: Delivered. Updated by: %user_name%',0,9,NULL,'2023-10-30 01:30:06','2023-10-30 01:30:06'),(36,'create_order_from_seeder','Order is created from the checkout page',NULL,10,NULL,'2023-10-23 09:30:06','2023-10-23 09:30:06'),(37,'confirm_order','Order was verified by %user_name%',0,10,NULL,'2023-10-23 09:30:06','2023-10-23 09:30:06'),(38,'create_shipment','Created shipment for order',0,10,NULL,'2023-10-30 01:30:06','2023-10-30 01:30:06'),(39,'create_order_from_seeder','Order is created from the checkout page',NULL,11,NULL,'2023-10-28 17:30:06','2023-10-28 17:30:06'),(40,'confirm_order','Order was verified by %user_name%',0,11,NULL,'2023-10-28 17:30:06','2023-10-28 17:30:06'),(41,'confirm_payment','Payment was confirmed (amount $2,294.00) by %user_name%',0,11,NULL,'2023-10-30 01:30:06','2023-10-30 01:30:06'),(42,'create_shipment','Created shipment for order',0,11,NULL,'2023-10-30 01:30:06','2023-10-30 01:30:06'),(43,'update_status','Changed status of shipping to: Delivered. Updated by: %user_name%',0,11,NULL,'2023-10-30 01:30:06','2023-10-30 01:30:06'),(44,'create_order_from_seeder','Order is created from the checkout page',NULL,12,NULL,'2023-10-20 01:30:06','2023-10-20 01:30:06'),(45,'confirm_order','Order was verified by %user_name%',0,12,NULL,'2023-10-20 01:30:06','2023-10-20 01:30:06'),(46,'confirm_payment','Payment was confirmed (amount $3,882.00) by %user_name%',0,12,NULL,'2023-10-30 01:30:06','2023-10-30 01:30:06'),(47,'create_shipment','Created shipment for order',0,12,NULL,'2023-10-30 01:30:06','2023-10-30 01:30:06'),(48,'create_order_from_seeder','Order is created from the checkout page',NULL,13,NULL,'2023-10-20 01:30:06','2023-10-20 01:30:06'),(49,'confirm_order','Order was verified by %user_name%',0,13,NULL,'2023-10-20 01:30:06','2023-10-20 01:30:06'),(50,'confirm_payment','Payment was confirmed (amount $4,673.00) by %user_name%',0,13,NULL,'2023-10-30 01:30:06','2023-10-30 01:30:06'),(51,'create_shipment','Created shipment for order',0,13,NULL,'2023-10-30 01:30:06','2023-10-30 01:30:06'),(52,'update_status','Changed status of shipping to: Delivered. Updated by: %user_name%',0,13,NULL,'2023-10-30 01:30:06','2023-10-30 01:30:06'),(53,'create_order_from_seeder','Order is created from the checkout page',NULL,14,NULL,'2023-10-23 01:30:06','2023-10-23 01:30:06'),(54,'confirm_order','Order was verified by %user_name%',0,14,NULL,'2023-10-23 01:30:06','2023-10-23 01:30:06'),(55,'confirm_payment','Payment was confirmed (amount $1,429.00) by %user_name%',0,14,NULL,'2023-10-30 01:30:06','2023-10-30 01:30:06'),(56,'create_shipment','Created shipment for order',0,14,NULL,'2023-10-30 01:30:06','2023-10-30 01:30:06'),(57,'update_status','Changed status of shipping to: Delivered. Updated by: %user_name%',0,14,NULL,'2023-10-30 01:30:06','2023-10-30 01:30:06'),(58,'create_order_from_seeder','Order is created from the checkout page',NULL,15,NULL,'2023-10-27 21:30:06','2023-10-27 21:30:06'),(59,'confirm_order','Order was verified by %user_name%',0,15,NULL,'2023-10-27 21:30:06','2023-10-27 21:30:06'),(60,'confirm_payment','Payment was confirmed (amount $4,886.00) by %user_name%',0,15,NULL,'2023-10-30 01:30:06','2023-10-30 01:30:06'),(61,'update_status','Changed status of shipping to: . Updated by: %user_name%',0,15,NULL,'2023-10-30 01:30:06','2023-10-30 01:30:06'),(62,'create_order_from_seeder','Order is created from the checkout page',NULL,16,NULL,'2023-10-23 13:30:06','2023-10-23 13:30:06'),(63,'confirm_order','Order was verified by %user_name%',0,16,NULL,'2023-10-23 13:30:06','2023-10-23 13:30:06'),(64,'confirm_payment','Payment was confirmed (amount $1,052.00) by %user_name%',0,16,NULL,'2023-10-30 01:30:06','2023-10-30 01:30:06'),(65,'update_status','Changed status of shipping to: . Updated by: %user_name%',0,16,NULL,'2023-10-30 01:30:07','2023-10-30 01:30:07'),(66,'create_order_from_seeder','Order is created from the checkout page',NULL,17,NULL,'2023-10-25 01:30:07','2023-10-25 01:30:07'),(67,'confirm_order','Order was verified by %user_name%',0,17,NULL,'2023-10-25 01:30:07','2023-10-25 01:30:07'),(68,'confirm_payment','Payment was confirmed (amount $3,402.00) by %user_name%',0,17,NULL,'2023-10-30 01:30:07','2023-10-30 01:30:07'),(69,'create_shipment','Created shipment for order',0,17,NULL,'2023-10-30 01:30:07','2023-10-30 01:30:07'),(70,'create_order_from_seeder','Order is created from the checkout page',NULL,18,NULL,'2023-10-27 01:30:07','2023-10-27 01:30:07'),(71,'confirm_order','Order was verified by %user_name%',0,18,NULL,'2023-10-27 01:30:07','2023-10-27 01:30:07'),(72,'confirm_payment','Payment was confirmed (amount $1,584.00) by %user_name%',0,18,NULL,'2023-10-30 01:30:07','2023-10-30 01:30:07'),(73,'update_status','Changed status of shipping to: . Updated by: %user_name%',0,18,NULL,'2023-10-30 01:30:07','2023-10-30 01:30:07'),(74,'create_order_from_seeder','Order is created from the checkout page',NULL,19,NULL,'2023-10-23 15:30:07','2023-10-23 15:30:07'),(75,'confirm_order','Order was verified by %user_name%',0,19,NULL,'2023-10-23 15:30:07','2023-10-23 15:30:07'),(76,'confirm_payment','Payment was confirmed (amount $1,840.50) by %user_name%',0,19,NULL,'2023-10-30 01:30:07','2023-10-30 01:30:07'),(77,'update_status','Changed status of shipping to: . Updated by: %user_name%',0,19,NULL,'2023-10-30 01:30:07','2023-10-30 01:30:07'),(78,'create_order_from_seeder','Order is created from the checkout page',NULL,20,NULL,'2023-10-25 01:30:07','2023-10-25 01:30:07'),(79,'confirm_order','Order was verified by %user_name%',0,20,NULL,'2023-10-25 01:30:07','2023-10-25 01:30:07'),(80,'confirm_payment','Payment was confirmed (amount $3,192.00) by %user_name%',0,20,NULL,'2023-10-30 01:30:07','2023-10-30 01:30:07'),(81,'create_shipment','Created shipment for order',0,20,NULL,'2023-10-30 01:30:07','2023-10-30 01:30:07'),(82,'create_order_from_seeder','Order is created from the checkout page',NULL,21,NULL,'2023-10-22 13:30:07','2023-10-22 13:30:07'),(83,'confirm_order','Order was verified by %user_name%',0,21,NULL,'2023-10-22 13:30:07','2023-10-22 13:30:07'),(84,'confirm_payment','Payment was confirmed (amount $1,132.00) by %user_name%',0,21,NULL,'2023-10-30 01:30:07','2023-10-30 01:30:07'),(85,'update_status','Changed status of shipping to: . Updated by: %user_name%',0,21,NULL,'2023-10-30 01:30:07','2023-10-30 01:30:07'),(86,'create_order_from_seeder','Order is created from the checkout page',NULL,22,NULL,'2023-10-27 19:30:07','2023-10-27 19:30:07'),(87,'confirm_order','Order was verified by %user_name%',0,22,NULL,'2023-10-27 19:30:07','2023-10-27 19:30:07'),(88,'confirm_payment','Payment was confirmed (amount $7,717.00) by %user_name%',0,22,NULL,'2023-10-30 01:30:07','2023-10-30 01:30:07'),(89,'create_shipment','Created shipment for order',0,22,NULL,'2023-10-30 01:30:07','2023-10-30 01:30:07'),(90,'create_order_from_seeder','Order is created from the checkout page',NULL,23,NULL,'2023-10-28 01:30:07','2023-10-28 01:30:07'),(91,'confirm_order','Order was verified by %user_name%',0,23,NULL,'2023-10-28 01:30:07','2023-10-28 01:30:07'),(92,'confirm_payment','Payment was confirmed (amount $161.50) by %user_name%',0,23,NULL,'2023-10-30 01:30:07','2023-10-30 01:30:07'),(93,'create_shipment','Created shipment for order',0,23,NULL,'2023-10-30 01:30:07','2023-10-30 01:30:07'),(94,'create_order_from_seeder','Order is created from the checkout page',NULL,24,NULL,'2023-10-26 01:30:07','2023-10-26 01:30:07'),(95,'confirm_order','Order was verified by %user_name%',0,24,NULL,'2023-10-26 01:30:07','2023-10-26 01:30:07'),(96,'create_order_from_seeder','Order is created from the checkout page',NULL,25,NULL,'2023-10-25 09:30:07','2023-10-25 09:30:07'),(97,'confirm_order','Order was verified by %user_name%',0,25,NULL,'2023-10-25 09:30:07','2023-10-25 09:30:07'),(98,'confirm_payment','Payment was confirmed (amount $1,797.00) by %user_name%',0,25,NULL,'2023-10-30 01:30:07','2023-10-30 01:30:07'),(99,'create_shipment','Created shipment for order',0,25,NULL,'2023-10-30 01:30:07','2023-10-30 01:30:07'),(100,'update_status','Changed status of shipping to: Delivered. Updated by: %user_name%',0,25,NULL,'2023-10-30 01:30:07','2023-10-30 01:30:07'),(101,'create_order_from_seeder','Order is created from the checkout page',NULL,26,NULL,'2023-10-27 17:30:07','2023-10-27 17:30:07'),(102,'confirm_order','Order was verified by %user_name%',0,26,NULL,'2023-10-27 17:30:07','2023-10-27 17:30:07'),(103,'create_shipment','Created shipment for order',0,26,NULL,'2023-10-30 01:30:07','2023-10-30 01:30:07'),(104,'create_order_from_seeder','Order is created from the checkout page',NULL,27,NULL,'2023-10-29 01:30:07','2023-10-29 01:30:07'),(105,'confirm_order','Order was verified by %user_name%',0,27,NULL,'2023-10-29 01:30:07','2023-10-29 01:30:07'),(106,'create_order_from_seeder','Order is created from the checkout page',NULL,28,NULL,'2023-10-29 01:30:08','2023-10-29 01:30:08'),(107,'confirm_order','Order was verified by %user_name%',0,28,NULL,'2023-10-29 01:30:08','2023-10-29 01:30:08'),(108,'confirm_payment','Payment was confirmed (amount $4,432.00) by %user_name%',0,28,NULL,'2023-10-30 01:30:08','2023-10-30 01:30:08'),(109,'create_shipment','Created shipment for order',0,28,NULL,'2023-10-30 01:30:08','2023-10-30 01:30:08'),(110,'create_order_from_seeder','Order is created from the checkout page',NULL,29,NULL,'2023-10-26 07:30:08','2023-10-26 07:30:08'),(111,'confirm_order','Order was verified by %user_name%',0,29,NULL,'2023-10-26 07:30:08','2023-10-26 07:30:08'),(112,'confirm_payment','Payment was confirmed (amount $40.00) by %user_name%',0,29,NULL,'2023-10-30 01:30:08','2023-10-30 01:30:08'),(113,'create_shipment','Created shipment for order',0,29,NULL,'2023-10-30 01:30:08','2023-10-30 01:30:08'),(114,'update_status','Changed status of shipping to: Delivered. Updated by: %user_name%',0,29,NULL,'2023-10-30 01:30:08','2023-10-30 01:30:08'),(115,'create_order_from_seeder','Order is created from the checkout page',NULL,30,NULL,'2023-10-29 05:30:08','2023-10-29 05:30:08'),(116,'confirm_order','Order was verified by %user_name%',0,30,NULL,'2023-10-29 05:30:08','2023-10-29 05:30:08'),(117,'create_shipment','Created shipment for order',0,30,NULL,'2023-10-30 01:30:08','2023-10-30 01:30:08'),(118,'update_status','Changed status of shipping to: Delivered. Updated by: %user_name%',0,30,NULL,'2023-10-30 01:30:08','2023-10-30 01:30:08'),(119,'create_order_from_seeder','Order is created from the checkout page',NULL,31,NULL,'2023-10-29 09:30:08','2023-10-29 09:30:08'),(120,'confirm_order','Order was verified by %user_name%',0,31,NULL,'2023-10-29 09:30:08','2023-10-29 09:30:08'),(121,'create_shipment','Created shipment for order',0,31,NULL,'2023-10-30 01:30:08','2023-10-30 01:30:08'),(122,'create_order_from_seeder','Order is created from the checkout page',NULL,32,NULL,'2023-10-27 17:30:08','2023-10-27 17:30:08'),(123,'confirm_order','Order was verified by %user_name%',0,32,NULL,'2023-10-27 17:30:08','2023-10-27 17:30:08'),(124,'create_order_from_seeder','Order is created from the checkout page',NULL,33,NULL,'2023-10-29 13:30:08','2023-10-29 13:30:08'),(125,'confirm_order','Order was verified by %user_name%',0,33,NULL,'2023-10-29 13:30:08','2023-10-29 13:30:08'),(126,'create_order_from_seeder','Order is created from the checkout page',NULL,34,NULL,'2023-10-28 19:30:08','2023-10-28 19:30:08'),(127,'confirm_order','Order was verified by %user_name%',0,34,NULL,'2023-10-28 19:30:08','2023-10-28 19:30:08'),(128,'confirm_payment','Payment was confirmed (amount $2,294.00) by %user_name%',0,34,NULL,'2023-10-30 01:30:08','2023-10-30 01:30:08'),(129,'create_shipment','Created shipment for order',0,34,NULL,'2023-10-30 01:30:08','2023-10-30 01:30:08'),(130,'create_order_from_seeder','Order is created from the checkout page',NULL,35,NULL,'2023-10-29 13:30:08','2023-10-29 13:30:08'),(131,'confirm_order','Order was verified by %user_name%',0,35,NULL,'2023-10-29 13:30:08','2023-10-29 13:30:08'),(132,'confirm_payment','Payment was confirmed (amount $1,929.00) by %user_name%',0,35,NULL,'2023-10-30 01:30:08','2023-10-30 01:30:08'),(133,'create_shipment','Created shipment for order',0,35,NULL,'2023-10-30 01:30:08','2023-10-30 01:30:08'),(134,'update_status','Changed status of shipping to: Delivered. Updated by: %user_name%',0,35,NULL,'2023-10-30 01:30:08','2023-10-30 01:30:08'),(135,'create_order_from_seeder','Order is created from the checkout page',NULL,36,NULL,'2023-10-29 17:30:08','2023-10-29 17:30:08'),(136,'confirm_order','Order was verified by %user_name%',0,36,NULL,'2023-10-29 17:30:08','2023-10-29 17:30:08'),(137,'create_order_from_seeder','Order is created from the checkout page',NULL,37,NULL,'2023-10-29 21:30:08','2023-10-29 21:30:08'),(138,'confirm_order','Order was verified by %user_name%',0,37,NULL,'2023-10-29 21:30:08','2023-10-29 21:30:08'),(139,'confirm_payment','Payment was confirmed (amount $1,064.00) by %user_name%',0,37,NULL,'2023-10-30 01:30:08','2023-10-30 01:30:08'),(140,'create_shipment','Created shipment for order',0,37,NULL,'2023-10-30 01:30:08','2023-10-30 01:30:08'),(141,'create_order_from_seeder','Order is created from the checkout page',NULL,38,NULL,'2023-10-29 05:30:08','2023-10-29 05:30:08'),(142,'confirm_order','Order was verified by %user_name%',0,38,NULL,'2023-10-29 05:30:08','2023-10-29 05:30:08'),(143,'create_shipment','Created shipment for order',0,38,NULL,'2023-10-30 01:30:08','2023-10-30 01:30:08'),(144,'create_order_from_seeder','Order is created from the checkout page',NULL,39,NULL,'2023-10-29 15:30:08','2023-10-29 15:30:08'),(145,'confirm_order','Order was verified by %user_name%',0,39,NULL,'2023-10-29 15:30:08','2023-10-29 15:30:08'),(146,'confirm_payment','Payment was confirmed (amount $3,360.00) by %user_name%',0,39,NULL,'2023-10-30 01:30:08','2023-10-30 01:30:08'),(147,'create_shipment','Created shipment for order',0,39,NULL,'2023-10-30 01:30:08','2023-10-30 01:30:08'),(148,'update_status','Order confirmed by %user_name%',0,4,NULL,'2023-10-30 01:30:09','2023-10-30 01:30:09'),(149,'update_status','Order confirmed by %user_name%',0,7,NULL,'2023-10-30 01:30:09','2023-10-30 01:30:09'),(150,'update_status','Order confirmed by %user_name%',0,9,NULL,'2023-10-30 01:30:10','2023-10-30 01:30:10'),(151,'update_status','Order confirmed by %user_name%',0,11,NULL,'2023-10-30 01:30:10','2023-10-30 01:30:10'),(152,'update_status','Order confirmed by %user_name%',0,13,NULL,'2023-10-30 01:30:11','2023-10-30 01:30:11'),(153,'update_status','Order confirmed by %user_name%',0,14,NULL,'2023-10-30 01:30:11','2023-10-30 01:30:11'),(154,'update_status','Order confirmed by %user_name%',0,25,NULL,'2023-10-30 01:30:12','2023-10-30 01:30:12'),(155,'update_status','Order confirmed by %user_name%',0,29,NULL,'2023-10-30 01:30:12','2023-10-30 01:30:12'),(156,'update_status','Order confirmed by %user_name%',0,35,NULL,'2023-10-30 01:30:13','2023-10-30 01:30:13');
/*!40000 ALTER TABLE `ec_order_histories` ENABLE KEYS */;
UNLOCK TABLES;

--
-- Table structure for table `ec_order_product`
--

DROP TABLE IF EXISTS `ec_order_product`;
/*!40101 SET @saved_cs_client     = @@character_set_client */;
/*!50503 SET character_set_client = utf8mb4 */;
CREATE TABLE `ec_order_product` (
  `id` bigint unsigned NOT NULL AUTO_INCREMENT,
  `order_id` bigint unsigned NOT NULL,
  `qty` int NOT NULL,
  `price` decimal(15,2) NOT NULL,
  `tax_amount` decimal(15,2) NOT NULL,
  `options` text COLLATE utf8mb4_unicode_ci,
  `product_options` text COLLATE utf8mb4_unicode_ci COMMENT 'product option data',
  `product_id` bigint unsigned DEFAULT NULL,
  `product_name` varchar(191) COLLATE utf8mb4_unicode_ci NOT NULL,
  `product_image` varchar(191) COLLATE utf8mb4_unicode_ci DEFAULT NULL,
  `weight` double(8,2) DEFAULT '0.00',
  `restock_quantity` int unsigned DEFAULT '0',
  `created_at` timestamp NULL DEFAULT NULL,
  `updated_at` timestamp NULL DEFAULT NULL,
  `product_type` varchar(60) COLLATE utf8mb4_unicode_ci NOT NULL DEFAULT 'physical',
  `times_downloaded` int NOT NULL DEFAULT '0',
  `license_code` char(36) COLLATE utf8mb4_unicode_ci DEFAULT NULL,
  PRIMARY KEY (`id`)
) ENGINE=InnoDB AUTO_INCREMENT=64 DEFAULT CHARSET=utf8mb4 COLLATE=utf8mb4_unicode_ci;
/*!40101 SET character_set_client = @saved_cs_client */;

--
-- Dumping data for table `ec_order_product`
--

LOCK TABLES `ec_order_product` WRITE;
/*!40000 ALTER TABLE `ec_order_product` DISABLE KEYS */;
INSERT INTO `ec_order_product` VALUES (1,1,1,40.50,0.00,'[]',NULL,25,'Smart Watches','products/2.jpg',558.00,0,'2023-10-30 01:30:05','2023-10-30 01:30:05','physical',0,NULL),(2,1,2,427.00,0.00,'[]',NULL,33,'Nikon HD camera','products/6.jpg',1114.00,0,'2023-10-30 01:30:05','2023-10-30 01:30:05','physical',0,NULL),(3,1,3,526.00,0.00,'[]',NULL,67,'Samsung Gear VR Virtual Reality Headset (Digital)','products/17-2.jpg',2592.00,0,'2023-10-30 01:30:05','2023-10-30 01:30:05','digital',4,NULL),(4,2,2,1064.00,0.00,'[]',NULL,71,'Aveeno Moisturizing Body Shower 450ml','products/18-2.jpg',1044.00,0,'2023-10-30 01:30:05','2023-10-30 01:30:05','physical',0,NULL),(5,3,3,840.00,0.00,'[]',NULL,32,'Smart Watch External (Digital)','products/5.jpg',1611.00,0,'2023-10-30 01:30:05','2023-10-30 01:30:05','digital',4,NULL),(6,4,1,1067.00,0.00,'[]',NULL,84,'Ciate Palemore Lipstick Bold Red Color','products/23-2.jpg',604.00,0,'2023-10-30 01:30:05','2023-10-30 01:30:05','physical',0,NULL),(7,5,2,20.00,0.00,'[]',NULL,27,'Beat Headphone','products/3.jpg',1014.00,0,'2023-10-30 01:30:06','2023-10-30 01:30:06','physical',0,NULL),(8,6,2,566.00,0.00,'[]',NULL,56,'Sound Intone I65 Earphone White Version (Digital)','products/13.jpg',1584.00,0,'2023-10-30 01:30:06','2023-10-30 01:30:06','digital',7,NULL),(9,6,3,802.00,0.00,'[]',NULL,76,'MVMTH Classical Leather Watch In Black (Digital)','products/21.jpg',1893.00,0,'2023-10-30 01:30:06','2023-10-30 01:30:06','digital',4,NULL),(10,7,3,1297.00,0.00,'[]',NULL,48,'Xbox One Wireless Controller Black Color','products/11-2.jpg',2232.00,0,'2023-10-30 01:30:06','2023-10-30 01:30:06','physical',0,NULL),(11,7,1,541.00,0.00,'[]',NULL,57,'B&O Play Mini Bluetooth Speaker','products/14.jpg',776.00,0,'2023-10-30 01:30:06','2023-10-30 01:30:06','physical',0,NULL),(12,8,3,566.00,0.00,'[]',NULL,54,'Sound Intone I65 Earphone White Version (Digital)','products/13.jpg',2376.00,0,'2023-10-30 01:30:06','2023-10-30 01:30:06','digital',3,NULL),(13,9,1,643.00,0.00,'[]',NULL,80,'Baxter Care Hair Kit For Bearded Mens','products/22-1.jpg',685.00,0,'2023-10-30 01:30:06','2023-10-30 01:30:06','physical',0,NULL),(14,10,3,589.00,0.00,'[]',NULL,53,'EPSION Plaster Printer','products/12-3.jpg',2514.00,0,'2023-10-30 01:30:06','2023-10-30 01:30:06','physical',0,NULL),(15,10,2,526.00,0.00,'[]',NULL,65,'Samsung Gear VR Virtual Reality Headset (Digital)','products/17.jpg',1728.00,0,'2023-10-30 01:30:06','2023-10-30 01:30:06','digital',3,NULL),(16,11,2,1147.00,0.00,'[]',NULL,73,'NYX Beauty Couton Pallete Makeup 12','products/19-1.jpg',1486.00,0,'2023-10-30 01:30:06','2023-10-30 01:30:06','physical',0,NULL),(17,12,3,1294.00,0.00,'[]',NULL,39,'Smart Televisions','products/8.jpg',2496.00,0,'2023-10-30 01:30:06','2023-10-30 01:30:06','physical',0,NULL),(18,13,1,1297.00,0.00,'[]',NULL,48,'Xbox One Wireless Controller Black Color','products/11-2.jpg',744.00,0,'2023-10-30 01:30:06','2023-10-30 01:30:06','physical',0,NULL),(19,13,2,541.00,0.00,'[]',NULL,57,'B&O Play Mini Bluetooth Speaker','products/14.jpg',1552.00,0,'2023-10-30 01:30:06','2023-10-30 01:30:06','physical',0,NULL),(20,13,2,1147.00,0.00,'[]',NULL,73,'NYX Beauty Couton Pallete Makeup 12','products/19-1.jpg',1486.00,0,'2023-10-30 01:30:06','2023-10-30 01:30:06','physical',0,NULL),(21,14,1,840.00,0.00,'[]',NULL,32,'Smart Watch External (Digital)','products/5.jpg',537.00,0,'2023-10-30 01:30:06','2023-10-30 01:30:06','digital',9,NULL),(22,14,1,589.00,0.00,'[]',NULL,52,'EPSION Plaster Printer','products/12-2.jpg',838.00,0,'2023-10-30 01:30:06','2023-10-30 01:30:06','physical',0,NULL),(23,15,3,528.00,0.00,'[]',NULL,42,'Samsung Smart Phone (Digital)','products/9-2.jpg',2187.00,0,'2023-10-30 01:30:06','2023-10-30 01:30:06','digital',0,NULL),(24,15,3,566.00,0.00,'[]',NULL,54,'Sound Intone I65 Earphone White Version (Digital)','products/13.jpg',2376.00,0,'2023-10-30 01:30:06','2023-10-30 01:30:06','digital',8,NULL),(25,15,2,802.00,0.00,'[]',NULL,77,'MVMTH Classical Leather Watch In Black (Digital)','products/21-1.jpg',1262.00,0,'2023-10-30 01:30:06','2023-10-30 01:30:06','digital',5,NULL),(26,16,2,526.00,0.00,'[]',NULL,67,'Samsung Gear VR Virtual Reality Headset (Digital)','products/17-2.jpg',1728.00,0,'2023-10-30 01:30:06','2023-10-30 01:30:06','digital',1,NULL),(27,17,3,545.00,0.00,'[]',NULL,31,'Red & Black Headphone','products/4-2.jpg',1767.00,0,'2023-10-30 01:30:07','2023-10-30 01:30:07','physical',0,NULL),(28,17,3,589.00,0.00,'[]',NULL,53,'EPSION Plaster Printer','products/12-3.jpg',2514.00,0,'2023-10-30 01:30:07','2023-10-30 01:30:07','physical',0,NULL),(29,18,3,528.00,0.00,'[]',NULL,41,'Samsung Smart Phone (Digital)','products/9-1.jpg',2187.00,0,'2023-10-30 01:30:07','2023-10-30 01:30:07','digital',5,NULL),(30,19,2,80.25,0.00,'[]',NULL,24,'Dual Camera 20MP (Digital)','products/1.jpg',1682.00,0,'2023-10-30 01:30:07','2023-10-30 01:30:07','digital',9,NULL),(31,19,2,840.00,0.00,'[]',NULL,32,'Smart Watch External (Digital)','products/5.jpg',1074.00,0,'2023-10-30 01:30:07','2023-10-30 01:30:07','digital',0,NULL),(32,20,2,427.00,0.00,'[]',NULL,33,'Nikon HD camera','products/6.jpg',1114.00,0,'2023-10-30 01:30:07','2023-10-30 01:30:07','physical',0,NULL),(33,20,2,526.00,0.00,'[]',NULL,65,'Samsung Gear VR Virtual Reality Headset (Digital)','products/17.jpg',1728.00,0,'2023-10-30 01:30:07','2023-10-30 01:30:07','digital',5,NULL),(34,20,2,643.00,0.00,'[]',NULL,79,'Baxter Care Hair Kit For Bearded Mens','products/22.jpg',1370.00,0,'2023-10-30 01:30:07','2023-10-30 01:30:07','physical',0,NULL),(35,21,2,566.00,0.00,'[]',NULL,56,'Sound Intone I65 Earphone White Version (Digital)','products/13.jpg',1584.00,0,'2023-10-30 01:30:07','2023-10-30 01:30:07','digital',3,NULL),(36,22,2,427.00,0.00,'[]',NULL,34,'Nikon HD camera','products/6.jpg',1114.00,0,'2023-10-30 01:30:07','2023-10-30 01:30:07','physical',0,NULL),(37,22,3,1294.00,0.00,'[]',NULL,45,'Herschel Leather Duffle Bag In Brown Color','products/10-2.jpg',2646.00,0,'2023-10-30 01:30:07','2023-10-30 01:30:07','physical',0,NULL),(38,22,2,526.00,0.00,'[]',NULL,66,'Samsung Gear VR Virtual Reality Headset (Digital)','products/17-1.jpg',1728.00,0,'2023-10-30 01:30:07','2023-10-30 01:30:07','digital',6,NULL),(39,22,3,643.00,0.00,'[]',NULL,81,'Baxter Care Hair Kit For Bearded Mens','products/22-2.jpg',2055.00,0,'2023-10-30 01:30:07','2023-10-30 01:30:07','physical',0,NULL),(40,23,3,40.50,0.00,'[]',NULL,25,'Smart Watches','products/2.jpg',1674.00,0,'2023-10-30 01:30:07','2023-10-30 01:30:07','physical',0,NULL),(41,23,2,20.00,0.00,'[]',NULL,27,'Beat Headphone','products/3.jpg',1014.00,0,'2023-10-30 01:30:07','2023-10-30 01:30:07','physical',0,NULL),(42,24,2,528.00,0.00,'[]',NULL,42,'Samsung Smart Phone (Digital)','products/9-2.jpg',1458.00,0,'2023-10-30 01:30:07','2023-10-30 01:30:07','digital',7,NULL),(43,25,3,599.00,0.00,'[]',NULL,36,'Audio Equipment','products/7.jpg',1677.00,0,'2023-10-30 01:30:07','2023-10-30 01:30:07','physical',0,NULL),(44,26,1,643.00,0.00,'[]',NULL,79,'Baxter Care Hair Kit For Bearded Mens','products/22.jpg',685.00,0,'2023-10-30 01:30:07','2023-10-30 01:30:07','physical',0,NULL),(45,27,1,840.00,0.00,'[]',NULL,32,'Smart Watch External (Digital)','products/5.jpg',537.00,0,'2023-10-30 01:30:07','2023-10-30 01:30:07','digital',9,NULL),(46,28,3,1297.00,0.00,'[]',NULL,47,'Xbox One Wireless Controller Black Color','products/11-1.jpg',2232.00,0,'2023-10-30 01:30:08','2023-10-30 01:30:08','physical',0,NULL),(47,28,1,541.00,0.00,'[]',NULL,58,'B&O Play Mini Bluetooth Speaker','products/14.jpg',776.00,0,'2023-10-30 01:30:08','2023-10-30 01:30:08','physical',0,NULL),(48,29,2,20.00,0.00,'[]',NULL,26,'Beat Headphone','products/3.jpg',1014.00,0,'2023-10-30 01:30:08','2023-10-30 01:30:08','physical',0,NULL),(49,30,2,566.00,0.00,'[]',NULL,54,'Sound Intone I65 Earphone White Version (Digital)','products/13.jpg',1584.00,0,'2023-10-30 01:30:08','2023-10-30 01:30:08','digital',6,NULL),(50,30,1,1064.00,0.00,'[]',NULL,70,'Aveeno Moisturizing Body Shower 450ml','products/18-1.jpg',522.00,0,'2023-10-30 01:30:08','2023-10-30 01:30:08','physical',0,NULL),(51,31,1,40.50,0.00,'[]',NULL,25,'Smart Watches','products/2.jpg',558.00,0,'2023-10-30 01:30:08','2023-10-30 01:30:08','physical',0,NULL),(52,31,3,545.00,0.00,'[]',NULL,30,'Red & Black Headphone','products/4-1.jpg',1767.00,0,'2023-10-30 01:30:08','2023-10-30 01:30:08','physical',0,NULL),(53,31,1,643.00,0.00,'[]',NULL,80,'Baxter Care Hair Kit For Bearded Mens','products/22-1.jpg',685.00,0,'2023-10-30 01:30:08','2023-10-30 01:30:08','physical',0,NULL),(54,32,3,566.00,0.00,'[]',NULL,55,'Sound Intone I65 Earphone White Version (Digital)','products/13-1.jpg',2376.00,0,'2023-10-30 01:30:08','2023-10-30 01:30:08','digital',3,NULL),(55,33,2,528.00,0.00,'[]',NULL,40,'Samsung Smart Phone (Digital)','products/9.jpg',1458.00,0,'2023-10-30 01:30:08','2023-10-30 01:30:08','digital',5,NULL),(56,34,2,1147.00,0.00,'[]',NULL,73,'NYX Beauty Couton Pallete Makeup 12','products/19-1.jpg',1486.00,0,'2023-10-30 01:30:08','2023-10-30 01:30:08','physical',0,NULL),(57,35,3,643.00,0.00,'[]',NULL,79,'Baxter Care Hair Kit For Bearded Mens','products/22.jpg',2055.00,0,'2023-10-30 01:30:08','2023-10-30 01:30:08','physical',0,NULL),(58,36,3,526.00,0.00,'[]',NULL,65,'Samsung Gear VR Virtual Reality Headset (Digital)','products/17.jpg',2592.00,0,'2023-10-30 01:30:08','2023-10-30 01:30:08','digital',4,NULL),(59,37,1,1064.00,0.00,'[]',NULL,69,'Aveeno Moisturizing Body Shower 450ml','products/18.jpg',522.00,0,'2023-10-30 01:30:08','2023-10-30 01:30:08','physical',0,NULL),(60,38,1,541.00,0.00,'[]',NULL,58,'B&O Play Mini Bluetooth Speaker','products/14.jpg',776.00,0,'2023-10-30 01:30:08','2023-10-30 01:30:08','physical',0,NULL),(61,38,2,1067.00,0.00,'[]',NULL,82,'Ciate Palemore Lipstick Bold Red Color','products/23.jpg',1208.00,0,'2023-10-30 01:30:08','2023-10-30 01:30:08','physical',0,NULL),(62,39,3,594.00,0.00,'[]',NULL,61,'Apple MacBook Air Retina 13.3-Inch Laptop','products/15.jpg',2328.00,0,'2023-10-30 01:30:08','2023-10-30 01:30:08','physical',0,NULL),(63,39,3,526.00,0.00,'[]',NULL,66,'Samsung Gear VR Virtual Reality Headset (Digital)','products/17-1.jpg',2592.00,0,'2023-10-30 01:30:08','2023-10-30 01:30:08','digital',2,NULL);
/*!40000 ALTER TABLE `ec_order_product` ENABLE KEYS */;
UNLOCK TABLES;

--
-- Table structure for table `ec_order_referrals`
--

DROP TABLE IF EXISTS `ec_order_referrals`;
/*!40101 SET @saved_cs_client     = @@character_set_client */;
/*!50503 SET character_set_client = utf8mb4 */;
CREATE TABLE `ec_order_referrals` (
  `id` bigint unsigned NOT NULL AUTO_INCREMENT,
  `ip` varchar(39) COLLATE utf8mb4_unicode_ci DEFAULT NULL,
  `landing_domain` varchar(255) COLLATE utf8mb4_unicode_ci DEFAULT NULL,
  `landing_page` varchar(255) COLLATE utf8mb4_unicode_ci DEFAULT NULL,
  `landing_params` varchar(255) COLLATE utf8mb4_unicode_ci DEFAULT NULL,
  `referral` varchar(255) COLLATE utf8mb4_unicode_ci DEFAULT NULL,
  `gclid` varchar(255) COLLATE utf8mb4_unicode_ci DEFAULT NULL,
  `fclid` varchar(255) COLLATE utf8mb4_unicode_ci DEFAULT NULL,
  `utm_source` varchar(255) COLLATE utf8mb4_unicode_ci DEFAULT NULL,
  `utm_campaign` varchar(255) COLLATE utf8mb4_unicode_ci DEFAULT NULL,
  `utm_medium` varchar(255) COLLATE utf8mb4_unicode_ci DEFAULT NULL,
  `utm_term` varchar(255) COLLATE utf8mb4_unicode_ci DEFAULT NULL,
  `utm_content` varchar(255) COLLATE utf8mb4_unicode_ci DEFAULT NULL,
  `referrer_url` text COLLATE utf8mb4_unicode_ci,
  `referrer_domain` varchar(255) COLLATE utf8mb4_unicode_ci DEFAULT NULL,
  `order_id` bigint unsigned DEFAULT NULL,
  `created_at` timestamp NULL DEFAULT NULL,
  `updated_at` timestamp NULL DEFAULT NULL,
  PRIMARY KEY (`id`),
  KEY `ec_order_referrals_order_id_index` (`order_id`)
) ENGINE=InnoDB DEFAULT CHARSET=utf8mb4 COLLATE=utf8mb4_unicode_ci;
/*!40101 SET character_set_client = @saved_cs_client */;

--
-- Dumping data for table `ec_order_referrals`
--

LOCK TABLES `ec_order_referrals` WRITE;
/*!40000 ALTER TABLE `ec_order_referrals` DISABLE KEYS */;
/*!40000 ALTER TABLE `ec_order_referrals` ENABLE KEYS */;
UNLOCK TABLES;

--
-- Table structure for table `ec_order_return_items`
--

DROP TABLE IF EXISTS `ec_order_return_items`;
/*!40101 SET @saved_cs_client     = @@character_set_client */;
/*!50503 SET character_set_client = utf8mb4 */;
CREATE TABLE `ec_order_return_items` (
  `id` bigint unsigned NOT NULL AUTO_INCREMENT,
  `order_return_id` bigint unsigned NOT NULL COMMENT 'Order return id',
  `order_product_id` bigint unsigned NOT NULL COMMENT 'Order product id',
  `product_id` bigint unsigned NOT NULL COMMENT 'Product id',
  `product_name` varchar(191) COLLATE utf8mb4_unicode_ci NOT NULL,
  `product_image` varchar(191) COLLATE utf8mb4_unicode_ci DEFAULT NULL,
  `qty` int NOT NULL COMMENT 'Quantity return',
  `price` decimal(15,2) NOT NULL COMMENT 'Price Product',
  `reason` text COLLATE utf8mb4_unicode_ci,
  `created_at` timestamp NULL DEFAULT NULL,
  `updated_at` timestamp NULL DEFAULT NULL,
  `refund_amount` decimal(12,2) DEFAULT '0.00',
  PRIMARY KEY (`id`)
) ENGINE=InnoDB DEFAULT CHARSET=utf8mb4 COLLATE=utf8mb4_unicode_ci;
/*!40101 SET character_set_client = @saved_cs_client */;

--
-- Dumping data for table `ec_order_return_items`
--

LOCK TABLES `ec_order_return_items` WRITE;
/*!40000 ALTER TABLE `ec_order_return_items` DISABLE KEYS */;
/*!40000 ALTER TABLE `ec_order_return_items` ENABLE KEYS */;
UNLOCK TABLES;

--
-- Table structure for table `ec_order_returns`
--

DROP TABLE IF EXISTS `ec_order_returns`;
/*!40101 SET @saved_cs_client     = @@character_set_client */;
/*!50503 SET character_set_client = utf8mb4 */;
CREATE TABLE `ec_order_returns` (
  `id` bigint unsigned NOT NULL AUTO_INCREMENT,
  `code` varchar(191) COLLATE utf8mb4_unicode_ci DEFAULT NULL,
  `order_id` bigint unsigned NOT NULL COMMENT 'Order ID',
  `store_id` bigint unsigned DEFAULT NULL COMMENT 'Store ID',
  `user_id` bigint unsigned NOT NULL COMMENT 'Customer ID',
  `reason` text COLLATE utf8mb4_unicode_ci COMMENT 'Reason return order',
  `order_status` varchar(191) COLLATE utf8mb4_unicode_ci DEFAULT NULL COMMENT 'Order current status',
  `return_status` varchar(191) COLLATE utf8mb4_unicode_ci NOT NULL COMMENT 'Return status',
  `created_at` timestamp NULL DEFAULT NULL,
  `updated_at` timestamp NULL DEFAULT NULL,
  PRIMARY KEY (`id`),
  UNIQUE KEY `ec_order_returns_code_unique` (`code`)
) ENGINE=InnoDB DEFAULT CHARSET=utf8mb4 COLLATE=utf8mb4_unicode_ci;
/*!40101 SET character_set_client = @saved_cs_client */;

--
-- Dumping data for table `ec_order_returns`
--

LOCK TABLES `ec_order_returns` WRITE;
/*!40000 ALTER TABLE `ec_order_returns` DISABLE KEYS */;
/*!40000 ALTER TABLE `ec_order_returns` ENABLE KEYS */;
UNLOCK TABLES;

--
-- Table structure for table `ec_order_tax_information`
--

DROP TABLE IF EXISTS `ec_order_tax_information`;
/*!40101 SET @saved_cs_client     = @@character_set_client */;
/*!50503 SET character_set_client = utf8mb4 */;
CREATE TABLE `ec_order_tax_information` (
  `id` bigint unsigned NOT NULL AUTO_INCREMENT,
  `order_id` bigint unsigned NOT NULL,
  `company_name` varchar(120) COLLATE utf8mb4_unicode_ci NOT NULL,
  `company_address` varchar(191) COLLATE utf8mb4_unicode_ci NOT NULL,
  `company_tax_code` varchar(20) COLLATE utf8mb4_unicode_ci NOT NULL,
  `company_email` varchar(60) COLLATE utf8mb4_unicode_ci NOT NULL,
  `created_at` timestamp NULL DEFAULT NULL,
  `updated_at` timestamp NULL DEFAULT NULL,
  PRIMARY KEY (`id`),
  KEY `ec_order_tax_information_order_id_index` (`order_id`)
) ENGINE=InnoDB DEFAULT CHARSET=utf8mb4 COLLATE=utf8mb4_unicode_ci;
/*!40101 SET character_set_client = @saved_cs_client */;

--
-- Dumping data for table `ec_order_tax_information`
--

LOCK TABLES `ec_order_tax_information` WRITE;
/*!40000 ALTER TABLE `ec_order_tax_information` DISABLE KEYS */;
/*!40000 ALTER TABLE `ec_order_tax_information` ENABLE KEYS */;
UNLOCK TABLES;

--
-- Table structure for table `ec_orders`
--

DROP TABLE IF EXISTS `ec_orders`;
/*!40101 SET @saved_cs_client     = @@character_set_client */;
/*!50503 SET character_set_client = utf8mb4 */;
CREATE TABLE `ec_orders` (
  `id` bigint unsigned NOT NULL AUTO_INCREMENT,
  `code` varchar(191) COLLATE utf8mb4_unicode_ci DEFAULT NULL,
  `user_id` bigint unsigned NOT NULL,
  `shipping_option` varchar(60) COLLATE utf8mb4_unicode_ci DEFAULT NULL,
  `shipping_method` varchar(60) COLLATE utf8mb4_unicode_ci NOT NULL DEFAULT 'default',
  `status` varchar(120) COLLATE utf8mb4_unicode_ci NOT NULL DEFAULT 'pending',
  `amount` decimal(15,2) NOT NULL,
  `tax_amount` decimal(15,2) DEFAULT NULL,
  `shipping_amount` decimal(15,2) DEFAULT NULL,
  `description` text COLLATE utf8mb4_unicode_ci,
  `coupon_code` varchar(120) COLLATE utf8mb4_unicode_ci DEFAULT NULL,
  `discount_amount` decimal(15,2) DEFAULT NULL,
  `sub_total` decimal(15,2) NOT NULL,
  `is_confirmed` tinyint(1) NOT NULL DEFAULT '0',
  `discount_description` varchar(255) COLLATE utf8mb4_unicode_ci DEFAULT NULL,
  `is_finished` tinyint(1) DEFAULT '0',
  `completed_at` timestamp NULL DEFAULT NULL,
  `token` varchar(120) COLLATE utf8mb4_unicode_ci DEFAULT NULL,
  `payment_id` bigint unsigned DEFAULT NULL,
  `created_at` timestamp NULL DEFAULT NULL,
  `updated_at` timestamp NULL DEFAULT NULL,
  `store_id` bigint unsigned DEFAULT NULL,
  PRIMARY KEY (`id`),
  UNIQUE KEY `ec_orders_code_unique` (`code`),
  KEY `ec_orders_user_id_status_created_at_index` (`user_id`,`status`,`created_at`)
) ENGINE=InnoDB AUTO_INCREMENT=40 DEFAULT CHARSET=utf8mb4 COLLATE=utf8mb4_unicode_ci;
/*!40101 SET character_set_client = @saved_cs_client */;

--
-- Dumping data for table `ec_orders`
--

LOCK TABLES `ec_orders` WRITE;
/*!40000 ALTER TABLE `ec_orders` DISABLE KEYS */;
INSERT INTO `ec_orders` VALUES (1,'#10000001',10,'1','default','pending',2472.50,0.00,0.00,NULL,NULL,0.00,2472.50,1,NULL,1,NULL,'6T7MmOBeUkXHFyIFr633zsNeVC0n0',1,'2023-10-16 17:30:05','2023-10-30 01:30:05',3),(2,'#10000002',10,'1','default','completed',2128.00,0.00,0.00,NULL,NULL,0.00,2128.00,1,NULL,1,'2023-10-30 01:30:05','KMX1eMpkzIYombCoPmdUJ5shjVENV',2,'2023-10-18 09:30:05','2023-10-30 01:30:05',1),(3,'#10000003',10,NULL,'','completed',2520.00,0.00,0.00,NULL,NULL,0.00,2520.00,1,NULL,1,'2023-10-30 01:30:05','KZbIsfIOvq4dWD1awSqSQcpilWjmV',3,'2023-10-25 07:30:05','2023-10-30 01:30:05',3),(4,'#10000004',10,'1','default','completed',1067.00,0.00,0.00,NULL,NULL,0.00,1067.00,1,NULL,1,'2023-10-30 01:30:09','GGsdFoOEuqNdcRVJduhN3qKpNmc0n',4,'2023-10-28 11:30:05','2023-10-30 01:30:09',2),(5,'#10000005',1,'1','default','pending',40.00,0.00,0.00,NULL,NULL,0.00,40.00,1,NULL,1,NULL,'Dq7wcUKbK8noWtXnmyrmynjISDWjI',5,'2023-10-16 13:30:06','2023-10-30 01:30:06',3),(6,'#10000006',1,NULL,'','pending',3538.00,0.00,0.00,NULL,NULL,0.00,3538.00,1,NULL,1,NULL,'UmIq9xc15LSpJ1qOv9k8kKOA71DR5',6,'2023-10-16 13:30:06','2023-10-30 01:30:06',1),(7,'#10000007',10,'1','default','completed',4432.00,0.00,0.00,NULL,NULL,0.00,4432.00,1,NULL,1,'2023-10-30 01:30:09','WKRNmYEXFJ2q7Hij8Xc1qx0xYQgAe',7,'2023-10-21 13:30:06','2023-10-30 01:30:09',2),(8,'#10000008',10,NULL,'','pending',1698.00,0.00,0.00,NULL,NULL,0.00,1698.00,1,NULL,1,NULL,'70b0OgXDrikzPircSjUdg5xjMY8In',8,'2023-10-25 19:30:06','2023-10-30 01:30:06',1),(9,'#10000009',10,'1','default','completed',643.00,0.00,0.00,NULL,NULL,0.00,643.00,1,NULL,1,'2023-10-30 01:30:10','aVCmVjuAE8Um4SPBuKW8GlEGlGYRn',9,'2023-10-17 07:30:06','2023-10-30 01:30:10',3),(10,'#10000010',1,'1','default','pending',2819.00,0.00,0.00,NULL,NULL,0.00,2819.00,1,NULL,1,NULL,'ZGRGxCpy1kDVvfQ0CxFLX8wE9cCe5',10,'2023-10-23 09:30:06','2023-10-30 01:30:06',3),(11,'#10000011',1,'1','default','completed',2294.00,0.00,0.00,NULL,NULL,0.00,2294.00,1,NULL,1,'2023-10-30 01:30:10','tnEKLM4CxOyFZFpIA2vW32UuPtL59',11,'2023-10-28 17:30:06','2023-10-30 01:30:10',2),(12,'#10000012',1,'1','default','pending',3882.00,0.00,0.00,NULL,NULL,0.00,3882.00,1,NULL,1,NULL,'0Y4mK1KEqK6bvJLgfGIwAU17sXDMd',12,'2023-10-20 01:30:06','2023-10-30 01:30:06',1),(13,'#10000013',1,'1','default','completed',4673.00,0.00,0.00,NULL,NULL,0.00,4673.00,1,NULL,1,'2023-10-30 01:30:11','8dHB30H80sqHr5QnExT1ecYSGij9g',13,'2023-10-20 01:30:06','2023-10-30 01:30:11',2),(14,'#10000014',3,'1','default','completed',1429.00,0.00,0.00,NULL,NULL,0.00,1429.00,1,NULL,1,'2023-10-30 01:30:11','w0JqnoaJef7vzgbC1dmvE2D7MCcIH',14,'2023-10-23 01:30:06','2023-10-30 01:30:11',3),(15,'#10000015',1,NULL,'','completed',4886.00,0.00,0.00,NULL,NULL,0.00,4886.00,1,NULL,1,'2023-10-30 01:30:06','DtxgTF9L2kryuSS4oodcIecZH3zUS',15,'2023-10-27 21:30:06','2023-10-30 01:30:06',1),(16,'#10000016',1,NULL,'','completed',1052.00,0.00,0.00,NULL,NULL,0.00,1052.00,1,NULL,1,'2023-10-30 01:30:07','AgIPpTf6Av7IJ9mF9LunasWS94Ny7',16,'2023-10-23 13:30:06','2023-10-30 01:30:07',3),(17,'#10000017',6,'1','default','pending',3402.00,0.00,0.00,NULL,NULL,0.00,3402.00,1,NULL,1,NULL,'gMoGj6m5uDZ58BlqGtIa8UEKAMGLz',17,'2023-10-25 01:30:07','2023-10-30 01:30:07',3),(18,'#10000018',6,NULL,'','completed',1584.00,0.00,0.00,NULL,NULL,0.00,1584.00,1,NULL,1,'2023-10-30 01:30:07','pFiMD3uXLc3NPAReOH3R4Ytw5Zce7',18,'2023-10-27 01:30:07','2023-10-30 01:30:07',1),(19,'#10000019',9,NULL,'','completed',1840.50,0.00,0.00,NULL,NULL,0.00,1840.50,1,NULL,1,'2023-10-30 01:30:07','PIWvDgpFOYUVVG6JflyKQplr2pG5g',19,'2023-10-23 15:30:07','2023-10-30 01:30:07',3),(20,'#10000020',1,'1','default','pending',3192.00,0.00,0.00,NULL,NULL,0.00,3192.00,1,NULL,1,NULL,'zmObnDajWsF7loUDH3sCAMrQ7b4nO',20,'2023-10-25 01:30:07','2023-10-30 01:30:07',3),(21,'#10000021',1,NULL,'','completed',1132.00,0.00,0.00,NULL,NULL,0.00,1132.00,1,NULL,1,'2023-10-30 01:30:07','xQBnOihGw8LnFE3T0OaDE0wORp25p',21,'2023-10-22 13:30:07','2023-10-30 01:30:07',1),(22,'#10000022',6,'1','default','pending',7717.00,0.00,0.00,NULL,NULL,0.00,7717.00,1,NULL,1,NULL,'qqjA2BxVo0iWi1iSSXMxapTACvO1S',22,'2023-10-27 19:30:07','2023-10-30 01:30:07',3),(23,'#10000023',9,'1','default','pending',161.50,0.00,0.00,NULL,NULL,0.00,161.50,1,NULL,1,NULL,'xU6jAcGjJFZVQ9ib1hfQ08nijNLmH',23,'2023-10-28 01:30:07','2023-10-30 01:30:07',3),(24,'#10000024',9,NULL,'','pending',1056.00,0.00,0.00,NULL,NULL,0.00,1056.00,1,NULL,1,NULL,'um6QMtkV0V3Uf3bYrf31dH2u1OxKA',24,'2023-10-26 01:30:07','2023-10-30 01:30:07',1),(25,'#10000025',4,'1','default','completed',1797.00,0.00,0.00,NULL,NULL,0.00,1797.00,1,NULL,1,'2023-10-30 01:30:12','8oZrHzWF2pPArpuZCPDieD6LQE2ii',25,'2023-10-25 09:30:07','2023-10-30 01:30:12',1),(26,'#10000026',4,'1','default','pending',643.00,0.00,0.00,NULL,NULL,0.00,643.00,1,NULL,1,NULL,'sACpkHlyYFeoBQweRr4wK5xICQIun',26,'2023-10-27 17:30:07','2023-10-30 01:30:07',3),(27,'#10000027',3,NULL,'','pending',840.00,0.00,0.00,NULL,NULL,0.00,840.00,1,NULL,1,NULL,'klISxJzzfzhDLCcMYfXwpPleN9DyT',27,'2023-10-29 01:30:07','2023-10-30 01:30:07',3),(28,'#10000028',3,'1','default','pending',4432.00,0.00,0.00,NULL,NULL,0.00,4432.00,1,NULL,1,NULL,'x2HTGuRSdHnc4hzeYaCahWHsX6D7E',28,'2023-10-29 01:30:08','2023-10-30 01:30:08',2),(29,'#10000029',4,'1','default','completed',40.00,0.00,0.00,NULL,NULL,0.00,40.00,1,NULL,1,'2023-10-30 01:30:12','56cmGNwc6eaOdEOllvcAtO0PGnoAi',29,'2023-10-26 07:30:08','2023-10-30 01:30:12',3),(30,'#10000030',4,'1','default','completed',2196.00,0.00,0.00,NULL,NULL,0.00,2196.00,1,NULL,1,'2023-10-30 01:30:08','5M5evqvCzfEe9va3Gdz4Cuk0WL7cw',30,'2023-10-29 05:30:08','2023-10-30 01:30:08',1),(31,'#10000031',8,'1','default','pending',2318.50,0.00,0.00,NULL,NULL,0.00,2318.50,1,NULL,1,NULL,'oYJJMArspDf22GQQBIrmI2U4WhlAV',31,'2023-10-29 09:30:08','2023-10-30 01:30:08',3),(32,'#10000032',8,NULL,'','pending',1698.00,0.00,0.00,NULL,NULL,0.00,1698.00,1,NULL,1,NULL,'4PhSxLh73hexOXyydHbKCY6WWj396',32,'2023-10-27 17:30:08','2023-10-30 01:30:08',1),(33,'#10000033',4,NULL,'','pending',1056.00,0.00,0.00,NULL,NULL,0.00,1056.00,1,NULL,1,NULL,'Jg9FouDvJsPRxUX4Pb6hvZW5Xv54z',33,'2023-10-29 13:30:08','2023-10-30 01:30:08',1),(34,'#10000034',4,'1','default','pending',2294.00,0.00,0.00,NULL,NULL,0.00,2294.00,1,NULL,1,NULL,'sIBh498IBFffSQZGRvBMCKTkNEYg9',34,'2023-10-28 19:30:08','2023-10-30 01:30:08',2),(35,'#10000035',4,'1','default','completed',1929.00,0.00,0.00,NULL,NULL,0.00,1929.00,1,NULL,1,'2023-10-30 01:30:13','wxQr70WnbfC7gtq4JZcEiyr1dfVYL',35,'2023-10-29 13:30:08','2023-10-30 01:30:13',3),(36,'#10000036',3,NULL,'','pending',1578.00,0.00,0.00,NULL,NULL,0.00,1578.00,1,NULL,1,NULL,'CLM1rZ3Boo6JzfcFULRG4VpL7KZFM',36,'2023-10-29 17:30:08','2023-10-30 01:30:08',3),(37,'#10000037',3,'1','default','pending',1064.00,0.00,0.00,NULL,NULL,0.00,1064.00,1,NULL,1,NULL,'cJv59MjaNpoub8Et0g9G4r5WqmOct',37,'2023-10-29 21:30:08','2023-10-30 01:30:08',1),(38,'#10000038',4,'1','default','pending',2675.00,0.00,0.00,NULL,NULL,0.00,2675.00,1,NULL,1,NULL,'CbNuGhY7uuqMK766dAojbilrbXwK2',38,'2023-10-29 05:30:08','2023-10-30 01:30:08',2),(39,'#10000039',4,'1','default','pending',3360.00,0.00,0.00,NULL,NULL,0.00,3360.00,1,NULL,1,NULL,'MNBpPPqwtVVFzLE4SpQC4KW4bgXw7',39,'2023-10-29 15:30:08','2023-10-30 01:30:08',3);
/*!40000 ALTER TABLE `ec_orders` ENABLE KEYS */;
UNLOCK TABLES;

--
-- Table structure for table `ec_product_attribute_sets`
--

DROP TABLE IF EXISTS `ec_product_attribute_sets`;
/*!40101 SET @saved_cs_client     = @@character_set_client */;
/*!50503 SET character_set_client = utf8mb4 */;
CREATE TABLE `ec_product_attribute_sets` (
  `id` bigint unsigned NOT NULL AUTO_INCREMENT,
  `title` varchar(120) COLLATE utf8mb4_unicode_ci NOT NULL,
  `slug` varchar(120) COLLATE utf8mb4_unicode_ci DEFAULT NULL,
  `display_layout` varchar(191) COLLATE utf8mb4_unicode_ci NOT NULL DEFAULT 'swatch_dropdown',
  `is_searchable` tinyint unsigned NOT NULL DEFAULT '1',
  `is_comparable` tinyint unsigned NOT NULL DEFAULT '1',
  `is_use_in_product_listing` tinyint unsigned NOT NULL DEFAULT '0',
  `status` varchar(60) COLLATE utf8mb4_unicode_ci NOT NULL DEFAULT 'published',
  `order` tinyint unsigned NOT NULL DEFAULT '0',
  `created_at` timestamp NULL DEFAULT NULL,
  `updated_at` timestamp NULL DEFAULT NULL,
  `use_image_from_product_variation` tinyint unsigned NOT NULL DEFAULT '0',
  PRIMARY KEY (`id`)
) ENGINE=InnoDB AUTO_INCREMENT=3 DEFAULT CHARSET=utf8mb4 COLLATE=utf8mb4_unicode_ci;
/*!40101 SET character_set_client = @saved_cs_client */;

--
-- Dumping data for table `ec_product_attribute_sets`
--

LOCK TABLES `ec_product_attribute_sets` WRITE;
/*!40000 ALTER TABLE `ec_product_attribute_sets` DISABLE KEYS */;
INSERT INTO `ec_product_attribute_sets` VALUES (1,'Color','color','visual',1,1,1,'published',0,'2023-10-30 01:29:57','2023-10-30 01:29:57',0),(2,'Size','size','text',1,1,1,'published',1,'2023-10-30 01:29:57','2023-10-30 01:29:57',0);
/*!40000 ALTER TABLE `ec_product_attribute_sets` ENABLE KEYS */;
UNLOCK TABLES;

--
-- Table structure for table `ec_product_attribute_sets_translations`
--

DROP TABLE IF EXISTS `ec_product_attribute_sets_translations`;
/*!40101 SET @saved_cs_client     = @@character_set_client */;
/*!50503 SET character_set_client = utf8mb4 */;
CREATE TABLE `ec_product_attribute_sets_translations` (
  `lang_code` varchar(191) COLLATE utf8mb4_unicode_ci NOT NULL,
  `ec_product_attribute_sets_id` bigint unsigned NOT NULL,
  `title` varchar(191) COLLATE utf8mb4_unicode_ci DEFAULT NULL,
  PRIMARY KEY (`lang_code`,`ec_product_attribute_sets_id`)
) ENGINE=InnoDB DEFAULT CHARSET=utf8mb4 COLLATE=utf8mb4_unicode_ci;
/*!40101 SET character_set_client = @saved_cs_client */;

--
-- Dumping data for table `ec_product_attribute_sets_translations`
--

LOCK TABLES `ec_product_attribute_sets_translations` WRITE;
/*!40000 ALTER TABLE `ec_product_attribute_sets_translations` DISABLE KEYS */;
/*!40000 ALTER TABLE `ec_product_attribute_sets_translations` ENABLE KEYS */;
UNLOCK TABLES;

--
-- Table structure for table `ec_product_attributes`
--

DROP TABLE IF EXISTS `ec_product_attributes`;
/*!40101 SET @saved_cs_client     = @@character_set_client */;
/*!50503 SET character_set_client = utf8mb4 */;
CREATE TABLE `ec_product_attributes` (
  `id` bigint unsigned NOT NULL AUTO_INCREMENT,
  `attribute_set_id` bigint unsigned NOT NULL,
  `title` varchar(120) COLLATE utf8mb4_unicode_ci NOT NULL,
  `slug` varchar(120) COLLATE utf8mb4_unicode_ci DEFAULT NULL,
  `color` varchar(50) COLLATE utf8mb4_unicode_ci DEFAULT NULL,
  `image` varchar(191) COLLATE utf8mb4_unicode_ci DEFAULT NULL,
  `is_default` tinyint unsigned NOT NULL DEFAULT '0',
  `order` tinyint unsigned NOT NULL DEFAULT '0',
  `created_at` timestamp NULL DEFAULT NULL,
  `updated_at` timestamp NULL DEFAULT NULL,
  PRIMARY KEY (`id`),
  KEY `attribute_set_status_index` (`attribute_set_id`)
) ENGINE=InnoDB AUTO_INCREMENT=11 DEFAULT CHARSET=utf8mb4 COLLATE=utf8mb4_unicode_ci;
/*!40101 SET character_set_client = @saved_cs_client */;

--
-- Dumping data for table `ec_product_attributes`
--

LOCK TABLES `ec_product_attributes` WRITE;
/*!40000 ALTER TABLE `ec_product_attributes` DISABLE KEYS */;
INSERT INTO `ec_product_attributes` VALUES (1,1,'Green','green','#5FB7D4',NULL,1,1,'2023-10-30 01:29:57','2023-10-30 01:29:57'),(2,1,'Blue','blue','#333333',NULL,0,2,'2023-10-30 01:29:57','2023-10-30 01:29:57'),(3,1,'Red','red','#DA323F',NULL,0,3,'2023-10-30 01:29:57','2023-10-30 01:29:57'),(4,1,'Black','back','#2F366C',NULL,0,4,'2023-10-30 01:29:57','2023-10-30 01:29:57'),(5,1,'Brown','brown','#87554B',NULL,0,5,'2023-10-30 01:29:57','2023-10-30 01:29:57'),(6,2,'S','s',NULL,NULL,1,1,'2023-10-30 01:29:57','2023-10-30 01:29:57'),(7,2,'M','m',NULL,NULL,0,2,'2023-10-30 01:29:57','2023-10-30 01:29:57'),(8,2,'L','l',NULL,NULL,0,3,'2023-10-30 01:29:57','2023-10-30 01:29:57'),(9,2,'XL','xl',NULL,NULL,0,4,'2023-10-30 01:29:57','2023-10-30 01:29:57'),(10,2,'XXL','xxl',NULL,NULL,0,5,'2023-10-30 01:29:57','2023-10-30 01:29:57');
/*!40000 ALTER TABLE `ec_product_attributes` ENABLE KEYS */;
UNLOCK TABLES;

--
-- Table structure for table `ec_product_attributes_translations`
--

DROP TABLE IF EXISTS `ec_product_attributes_translations`;
/*!40101 SET @saved_cs_client     = @@character_set_client */;
/*!50503 SET character_set_client = utf8mb4 */;
CREATE TABLE `ec_product_attributes_translations` (
  `lang_code` varchar(191) COLLATE utf8mb4_unicode_ci NOT NULL,
  `ec_product_attributes_id` bigint unsigned NOT NULL,
  `title` varchar(191) COLLATE utf8mb4_unicode_ci DEFAULT NULL,
  PRIMARY KEY (`lang_code`,`ec_product_attributes_id`)
) ENGINE=InnoDB DEFAULT CHARSET=utf8mb4 COLLATE=utf8mb4_unicode_ci;
/*!40101 SET character_set_client = @saved_cs_client */;

--
-- Dumping data for table `ec_product_attributes_translations`
--

LOCK TABLES `ec_product_attributes_translations` WRITE;
/*!40000 ALTER TABLE `ec_product_attributes_translations` DISABLE KEYS */;
/*!40000 ALTER TABLE `ec_product_attributes_translations` ENABLE KEYS */;
UNLOCK TABLES;

--
-- Table structure for table `ec_product_categories`
--

DROP TABLE IF EXISTS `ec_product_categories`;
/*!40101 SET @saved_cs_client     = @@character_set_client */;
/*!50503 SET character_set_client = utf8mb4 */;
CREATE TABLE `ec_product_categories` (
  `id` bigint unsigned NOT NULL AUTO_INCREMENT,
  `name` varchar(191) COLLATE utf8mb4_unicode_ci NOT NULL,
  `parent_id` bigint unsigned NOT NULL DEFAULT '0',
  `description` mediumtext COLLATE utf8mb4_unicode_ci,
  `status` varchar(60) COLLATE utf8mb4_unicode_ci NOT NULL DEFAULT 'published',
  `order` int unsigned NOT NULL DEFAULT '0',
  `image` varchar(255) COLLATE utf8mb4_unicode_ci DEFAULT NULL,
  `is_featured` tinyint unsigned NOT NULL DEFAULT '0',
  `created_at` timestamp NULL DEFAULT NULL,
  `updated_at` timestamp NULL DEFAULT NULL,
  `icon` varchar(191) COLLATE utf8mb4_unicode_ci DEFAULT NULL,
  `icon_image` varchar(191) COLLATE utf8mb4_unicode_ci DEFAULT NULL,
  PRIMARY KEY (`id`),
  KEY `ec_product_categories_parent_id_status_created_at_index` (`parent_id`,`status`,`created_at`),
  KEY `ec_product_categories_parent_id_status_index` (`parent_id`,`status`)
) ENGINE=InnoDB AUTO_INCREMENT=38 DEFAULT CHARSET=utf8mb4 COLLATE=utf8mb4_unicode_ci;
/*!40101 SET character_set_client = @saved_cs_client */;

--
-- Dumping data for table `ec_product_categories`
--

LOCK TABLES `ec_product_categories` WRITE;
/*!40000 ALTER TABLE `ec_product_categories` DISABLE KEYS */;
INSERT INTO `ec_product_categories` VALUES (1,'Hot Promotions',0,NULL,'published',0,NULL,0,'2023-10-30 01:29:51','2023-10-30 01:29:51',NULL,NULL),(2,'Electronics',0,NULL,'published',1,'product-categories/1.jpg',1,'2023-10-30 01:29:51','2023-10-30 01:29:51',NULL,NULL),(3,'Consumer Electronic',2,NULL,'published',0,NULL,0,'2023-10-30 01:29:51','2023-10-30 01:29:51',NULL,NULL),(4,'Home Audio & Theaters',3,NULL,'published',0,NULL,0,'2023-10-30 01:29:51','2023-10-30 01:29:51',NULL,NULL),(5,'TV & Videos',3,NULL,'published',1,NULL,0,'2023-10-30 01:29:51','2023-10-30 01:29:51',NULL,NULL),(6,'Camera, Photos & Videos',3,NULL,'published',2,NULL,0,'2023-10-30 01:29:51','2023-10-30 01:29:51',NULL,NULL),(7,'Cellphones & Accessories',3,NULL,'published',3,NULL,0,'2023-10-30 01:29:51','2023-10-30 01:29:51',NULL,NULL),(8,'Headphones',3,NULL,'published',4,NULL,0,'2023-10-30 01:29:51','2023-10-30 01:29:51',NULL,NULL),(9,'Videos games',3,NULL,'published',5,NULL,0,'2023-10-30 01:29:51','2023-10-30 01:29:51',NULL,NULL),(10,'Wireless Speakers',3,NULL,'published',6,NULL,0,'2023-10-30 01:29:51','2023-10-30 01:29:51',NULL,NULL),(11,'Office Electronic',3,NULL,'published',7,NULL,0,'2023-10-30 01:29:51','2023-10-30 01:29:51',NULL,NULL),(12,'Accessories & Parts',2,NULL,'published',1,NULL,0,'2023-10-30 01:29:51','2023-10-30 01:29:51',NULL,NULL),(13,'Digital Cables',12,NULL,'published',0,NULL,0,'2023-10-30 01:29:51','2023-10-30 01:29:51',NULL,NULL),(14,'Audio & Video Cables',12,NULL,'published',1,NULL,0,'2023-10-30 01:29:51','2023-10-30 01:29:51',NULL,NULL),(15,'Batteries',12,NULL,'published',2,NULL,0,'2023-10-30 01:29:51','2023-10-30 01:29:51',NULL,NULL),(16,'Clothing',0,NULL,'published',2,'product-categories/2.jpg',1,'2023-10-30 01:29:51','2023-10-30 01:29:51',NULL,NULL),(17,'Computers',0,NULL,'published',3,'product-categories/3.jpg',1,'2023-10-30 01:29:51','2023-10-30 01:29:51',NULL,NULL),(18,'Computer & Technologies',17,NULL,'published',0,NULL,0,'2023-10-30 01:29:51','2023-10-30 01:29:51',NULL,NULL),(19,'Computer & Tablets',18,NULL,'published',0,NULL,0,'2023-10-30 01:29:51','2023-10-30 01:29:51',NULL,NULL),(20,'Laptop',18,NULL,'published',1,NULL,0,'2023-10-30 01:29:51','2023-10-30 01:29:51',NULL,NULL),(21,'Monitors',18,NULL,'published',2,NULL,0,'2023-10-30 01:29:51','2023-10-30 01:29:51',NULL,NULL),(22,'Computer Components',18,NULL,'published',3,NULL,0,'2023-10-30 01:29:51','2023-10-30 01:29:51',NULL,NULL),(23,'Networking',17,NULL,'published',1,NULL,0,'2023-10-30 01:29:51','2023-10-30 01:29:51',NULL,NULL),(24,'Drive & Storages',23,NULL,'published',0,NULL,0,'2023-10-30 01:29:51','2023-10-30 01:29:51',NULL,NULL),(25,'Gaming Laptop',23,NULL,'published',1,NULL,0,'2023-10-30 01:29:51','2023-10-30 01:29:51',NULL,NULL),(26,'Security & Protection',23,NULL,'published',2,NULL,0,'2023-10-30 01:29:51','2023-10-30 01:29:51',NULL,NULL),(27,'Accessories',23,NULL,'published',3,NULL,0,'2023-10-30 01:29:51','2023-10-30 01:29:51',NULL,NULL),(28,'Home & Kitchen',0,NULL,'published',4,'product-categories/4.jpg',1,'2023-10-30 01:29:51','2023-10-30 01:29:51',NULL,NULL),(29,'Health & Beauty',0,NULL,'published',5,'product-categories/5.jpg',1,'2023-10-30 01:29:51','2023-10-30 01:29:51',NULL,NULL),(30,'Jewelry & Watch',0,NULL,'published',6,'product-categories/6.jpg',1,'2023-10-30 01:29:51','2023-10-30 01:29:51',NULL,NULL),(31,'Technology Toys',0,NULL,'published',7,'product-categories/7.jpg',1,'2023-10-30 01:29:51','2023-10-30 01:29:51',NULL,NULL),(32,'Phones',0,NULL,'published',8,'product-categories/8.jpg',1,'2023-10-30 01:29:51','2023-10-30 01:29:51',NULL,NULL),(33,'Babies & Moms',0,NULL,'published',9,NULL,0,'2023-10-30 01:29:51','2023-10-30 01:29:51',NULL,NULL),(34,'Sport & Outdoor',0,NULL,'published',10,NULL,0,'2023-10-30 01:29:51','2023-10-30 01:29:51',NULL,NULL),(35,'Books & Office',0,NULL,'published',11,NULL,0,'2023-10-30 01:29:51','2023-10-30 01:29:51',NULL,NULL),(36,'Cars & Motorcycles',0,NULL,'published',12,NULL,0,'2023-10-30 01:29:51','2023-10-30 01:29:51',NULL,NULL),(37,'Home Improvements',0,NULL,'published',13,NULL,0,'2023-10-30 01:29:51','2023-10-30 01:29:51',NULL,NULL);
/*!40000 ALTER TABLE `ec_product_categories` ENABLE KEYS */;
UNLOCK TABLES;

--
-- Table structure for table `ec_product_categories_translations`
--

DROP TABLE IF EXISTS `ec_product_categories_translations`;
/*!40101 SET @saved_cs_client     = @@character_set_client */;
/*!50503 SET character_set_client = utf8mb4 */;
CREATE TABLE `ec_product_categories_translations` (
  `lang_code` varchar(191) COLLATE utf8mb4_unicode_ci NOT NULL,
  `ec_product_categories_id` bigint unsigned NOT NULL,
  `name` varchar(191) COLLATE utf8mb4_unicode_ci DEFAULT NULL,
  `description` text COLLATE utf8mb4_unicode_ci,
  PRIMARY KEY (`lang_code`,`ec_product_categories_id`)
) ENGINE=InnoDB DEFAULT CHARSET=utf8mb4 COLLATE=utf8mb4_unicode_ci;
/*!40101 SET character_set_client = @saved_cs_client */;

--
-- Dumping data for table `ec_product_categories_translations`
--

LOCK TABLES `ec_product_categories_translations` WRITE;
/*!40000 ALTER TABLE `ec_product_categories_translations` DISABLE KEYS */;
/*!40000 ALTER TABLE `ec_product_categories_translations` ENABLE KEYS */;
UNLOCK TABLES;

--
-- Table structure for table `ec_product_categorizables`
--

DROP TABLE IF EXISTS `ec_product_categorizables`;
/*!40101 SET @saved_cs_client     = @@character_set_client */;
/*!50503 SET character_set_client = utf8mb4 */;
CREATE TABLE `ec_product_categorizables` (
  `category_id` bigint unsigned NOT NULL,
  `reference_id` bigint unsigned NOT NULL,
  `reference_type` varchar(120) COLLATE utf8mb4_unicode_ci NOT NULL,
  PRIMARY KEY (`category_id`,`reference_id`,`reference_type`),
  KEY `ec_product_categorizables_category_id_index` (`category_id`),
  KEY `ec_product_categorizables_reference_id_index` (`reference_id`),
  KEY `ec_product_categorizables_reference_type_index` (`reference_type`)
) ENGINE=InnoDB DEFAULT CHARSET=utf8mb4 COLLATE=utf8mb4_unicode_ci;
/*!40101 SET character_set_client = @saved_cs_client */;

--
-- Dumping data for table `ec_product_categorizables`
--

LOCK TABLES `ec_product_categorizables` WRITE;
/*!40000 ALTER TABLE `ec_product_categorizables` DISABLE KEYS */;
/*!40000 ALTER TABLE `ec_product_categorizables` ENABLE KEYS */;
UNLOCK TABLES;

--
-- Table structure for table `ec_product_category_product`
--

DROP TABLE IF EXISTS `ec_product_category_product`;
/*!40101 SET @saved_cs_client     = @@character_set_client */;
/*!50503 SET character_set_client = utf8mb4 */;
CREATE TABLE `ec_product_category_product` (
  `category_id` bigint unsigned NOT NULL,
  `product_id` bigint unsigned NOT NULL,
  PRIMARY KEY (`product_id`,`category_id`),
  KEY `ec_product_category_product_category_id_index` (`category_id`),
  KEY `ec_product_category_product_product_id_index` (`product_id`)
) ENGINE=InnoDB DEFAULT CHARSET=utf8mb4 COLLATE=utf8mb4_unicode_ci;
/*!40101 SET character_set_client = @saved_cs_client */;

--
-- Dumping data for table `ec_product_category_product`
--

LOCK TABLES `ec_product_category_product` WRITE;
/*!40000 ALTER TABLE `ec_product_category_product` DISABLE KEYS */;
INSERT INTO `ec_product_category_product` VALUES (1,4),(1,13),(2,9),(2,11),(4,3),(5,10),(5,17),(6,1),(6,3),(6,19),(7,22),(8,18),(8,19),(8,21),(9,2),(9,5),(9,12),(9,16),(10,17),(11,8),(11,13),(11,14),(12,17),(13,5),(15,6),(15,12),(15,18),(16,6),(16,9),(16,21),(17,8),(17,11),(18,7),(18,14),(18,20),(18,22),(20,1),(21,16),(22,8),(22,15),(23,1),(23,13),(23,14),(24,4),(24,6),(24,7),(24,11),(24,12),(24,23),(25,2),(25,10),(25,15),(25,21),(25,22),(26,14),(27,1),(27,15),(27,23),(28,7),(28,16),(28,20),(28,21),(29,5),(30,4),(30,7),(30,20),(31,6),(31,19),(32,9),(32,15),(32,18),(32,23),(33,2),(33,11),(33,22),(34,5),(34,19),(35,3),(35,10),(35,16),(35,17),(35,23),(36,4),(36,8),(36,12),(36,18),(37,3),(37,13);
/*!40000 ALTER TABLE `ec_product_category_product` ENABLE KEYS */;
UNLOCK TABLES;

--
-- Table structure for table `ec_product_collection_products`
--

DROP TABLE IF EXISTS `ec_product_collection_products`;
/*!40101 SET @saved_cs_client     = @@character_set_client */;
/*!50503 SET character_set_client = utf8mb4 */;
CREATE TABLE `ec_product_collection_products` (
  `product_collection_id` bigint unsigned NOT NULL,
  `product_id` bigint unsigned NOT NULL,
  PRIMARY KEY (`product_id`,`product_collection_id`),
  KEY `ec_product_collection_products_product_collection_id_index` (`product_collection_id`),
  KEY `ec_product_collection_products_product_id_index` (`product_id`)
) ENGINE=InnoDB DEFAULT CHARSET=utf8mb4 COLLATE=utf8mb4_unicode_ci;
/*!40101 SET character_set_client = @saved_cs_client */;

--
-- Dumping data for table `ec_product_collection_products`
--

LOCK TABLES `ec_product_collection_products` WRITE;
/*!40000 ALTER TABLE `ec_product_collection_products` DISABLE KEYS */;
INSERT INTO `ec_product_collection_products` VALUES (1,2),(1,3),(1,4),(1,5),(1,12),(1,18),(1,20),(2,1),(2,8),(2,9),(2,10),(2,11),(2,13),(2,14),(2,15),(2,16),(2,17),(2,19),(2,21),(2,23),(3,6),(3,7),(3,22);
/*!40000 ALTER TABLE `ec_product_collection_products` ENABLE KEYS */;
UNLOCK TABLES;

--
-- Table structure for table `ec_product_collections`
--

DROP TABLE IF EXISTS `ec_product_collections`;
/*!40101 SET @saved_cs_client     = @@character_set_client */;
/*!50503 SET character_set_client = utf8mb4 */;
CREATE TABLE `ec_product_collections` (
  `id` bigint unsigned NOT NULL AUTO_INCREMENT,
  `name` varchar(191) COLLATE utf8mb4_unicode_ci NOT NULL,
  `slug` varchar(191) COLLATE utf8mb4_unicode_ci NOT NULL,
  `description` varchar(400) COLLATE utf8mb4_unicode_ci DEFAULT NULL,
  `image` varchar(255) COLLATE utf8mb4_unicode_ci DEFAULT NULL,
  `status` varchar(60) COLLATE utf8mb4_unicode_ci NOT NULL DEFAULT 'published',
  `created_at` timestamp NULL DEFAULT NULL,
  `updated_at` timestamp NULL DEFAULT NULL,
  `is_featured` tinyint unsigned NOT NULL DEFAULT '0',
  PRIMARY KEY (`id`)
) ENGINE=InnoDB AUTO_INCREMENT=4 DEFAULT CHARSET=utf8mb4 COLLATE=utf8mb4_unicode_ci;
/*!40101 SET character_set_client = @saved_cs_client */;

--
-- Dumping data for table `ec_product_collections`
--

LOCK TABLES `ec_product_collections` WRITE;
/*!40000 ALTER TABLE `ec_product_collections` DISABLE KEYS */;
INSERT INTO `ec_product_collections` VALUES (1,'New Arrival','new-arrival',NULL,NULL,'published','2023-10-30 01:29:51','2023-10-30 01:29:51',0),(2,'Best Sellers','best-sellers',NULL,NULL,'published','2023-10-30 01:29:51','2023-10-30 01:29:51',0),(3,'Special Offer','special-offer',NULL,NULL,'published','2023-10-30 01:29:51','2023-10-30 01:29:51',0);
/*!40000 ALTER TABLE `ec_product_collections` ENABLE KEYS */;
UNLOCK TABLES;

--
-- Table structure for table `ec_product_collections_translations`
--

DROP TABLE IF EXISTS `ec_product_collections_translations`;
/*!40101 SET @saved_cs_client     = @@character_set_client */;
/*!50503 SET character_set_client = utf8mb4 */;
CREATE TABLE `ec_product_collections_translations` (
  `lang_code` varchar(191) COLLATE utf8mb4_unicode_ci NOT NULL,
  `ec_product_collections_id` bigint unsigned NOT NULL,
  `name` varchar(191) COLLATE utf8mb4_unicode_ci DEFAULT NULL,
  `description` varchar(191) COLLATE utf8mb4_unicode_ci DEFAULT NULL,
  PRIMARY KEY (`lang_code`,`ec_product_collections_id`)
) ENGINE=InnoDB DEFAULT CHARSET=utf8mb4 COLLATE=utf8mb4_unicode_ci;
/*!40101 SET character_set_client = @saved_cs_client */;

--
-- Dumping data for table `ec_product_collections_translations`
--

LOCK TABLES `ec_product_collections_translations` WRITE;
/*!40000 ALTER TABLE `ec_product_collections_translations` DISABLE KEYS */;
/*!40000 ALTER TABLE `ec_product_collections_translations` ENABLE KEYS */;
UNLOCK TABLES;

--
-- Table structure for table `ec_product_cross_sale_relations`
--

DROP TABLE IF EXISTS `ec_product_cross_sale_relations`;
/*!40101 SET @saved_cs_client     = @@character_set_client */;
/*!50503 SET character_set_client = utf8mb4 */;
CREATE TABLE `ec_product_cross_sale_relations` (
  `from_product_id` bigint unsigned NOT NULL,
  `to_product_id` bigint unsigned NOT NULL,
  PRIMARY KEY (`from_product_id`,`to_product_id`),
  KEY `ec_product_cross_sale_relations_from_product_id_index` (`from_product_id`),
  KEY `ec_product_cross_sale_relations_to_product_id_index` (`to_product_id`)
) ENGINE=InnoDB DEFAULT CHARSET=utf8mb4 COLLATE=utf8mb4_unicode_ci;
/*!40101 SET character_set_client = @saved_cs_client */;

--
-- Dumping data for table `ec_product_cross_sale_relations`
--

LOCK TABLES `ec_product_cross_sale_relations` WRITE;
/*!40000 ALTER TABLE `ec_product_cross_sale_relations` DISABLE KEYS */;
INSERT INTO `ec_product_cross_sale_relations` VALUES (1,4),(1,10),(1,12),(1,14),(1,16),(1,17),(1,18),(2,1),(2,4),(2,7),(2,9),(2,18),(2,19),(3,1),(3,4),(3,6),(3,9),(3,14),(3,17),(4,1),(4,2),(4,3),(4,9),(4,11),(4,15),(5,1),(5,6),(5,9),(5,12),(5,16),(5,17),(6,3),(6,8),(6,11),(6,16),(6,17),(6,18),(7,1),(7,6),(7,9),(7,10),(7,14),(7,16),(8,3),(8,6),(8,10),(8,13),(8,15),(8,16),(8,20),(9,1),(9,5),(9,7),(9,14),(9,19),(10,1),(10,7),(10,8),(10,15),(10,16),(10,19),(11,3),(11,5),(11,8),(11,10),(11,12),(11,13),(11,17),(12,1),(12,3),(12,6),(12,13),(12,18),(13,3),(13,11),(13,12),(13,15),(13,16),(13,18),(14,1),(14,4),(14,6),(14,7),(14,15),(14,19),(15,1),(15,3),(15,5),(15,7),(15,13),(15,18),(16,1),(16,5),(16,6),(16,7),(16,15),(16,20),(17,2),(17,5),(17,7),(17,9),(17,19),(18,5),(18,8),(18,9),(18,13),(18,20),(19,6),(19,10),(19,11),(19,17),(20,4),(20,5),(20,7),(20,11),(20,12),(20,15),(20,18),(21,1),(21,3),(21,11),(21,13),(21,15),(21,19),(22,1),(22,6),(22,7),(22,11),(22,14),(22,15),(22,16),(23,4),(23,11),(23,12),(23,13),(23,16),(23,19);
/*!40000 ALTER TABLE `ec_product_cross_sale_relations` ENABLE KEYS */;
UNLOCK TABLES;

--
-- Table structure for table `ec_product_files`
--

DROP TABLE IF EXISTS `ec_product_files`;
/*!40101 SET @saved_cs_client     = @@character_set_client */;
/*!50503 SET character_set_client = utf8mb4 */;
CREATE TABLE `ec_product_files` (
  `id` bigint unsigned NOT NULL AUTO_INCREMENT,
  `product_id` bigint unsigned DEFAULT NULL,
  `url` varchar(400) COLLATE utf8mb4_unicode_ci DEFAULT NULL,
  `extras` mediumtext COLLATE utf8mb4_unicode_ci,
  `created_at` timestamp NULL DEFAULT NULL,
  `updated_at` timestamp NULL DEFAULT NULL,
  PRIMARY KEY (`id`),
  KEY `ec_product_files_product_id_index` (`product_id`)
) ENGINE=InnoDB AUTO_INCREMENT=46 DEFAULT CHARSET=utf8mb4 COLLATE=utf8mb4_unicode_ci;
/*!40101 SET character_set_client = @saved_cs_client */;

--
-- Dumping data for table `ec_product_files`
--

LOCK TABLES `ec_product_files` WRITE;
/*!40000 ALTER TABLE `ec_product_files` DISABLE KEYS */;
INSERT INTO `ec_product_files` VALUES (1,24,'product-files/1.jpg','{\"filename\":\"1.jpg\",\"url\":\"product-files\\/1.jpg\",\"mime_type\":\"image\\/jpeg\",\"size\":9730,\"modified\":\"2023-10-30 08:29:55\",\"name\":\"1\",\"extension\":\"jpg\"}','2023-10-30 01:29:55','2023-10-30 01:29:55'),(2,32,'product-files/5.jpg','{\"filename\":\"5.jpg\",\"url\":\"product-files\\/5.jpg\",\"mime_type\":\"image\\/jpeg\",\"size\":9730,\"modified\":\"2023-10-30 08:29:56\",\"name\":\"5\",\"extension\":\"jpg\"}','2023-10-30 01:29:56','2023-10-30 01:29:56'),(3,32,'product-files/5-1.jpg','{\"filename\":\"5-1.jpg\",\"url\":\"product-files\\/5-1.jpg\",\"mime_type\":\"image\\/jpeg\",\"size\":9730,\"modified\":\"2023-10-30 08:29:56\",\"name\":\"5-1\",\"extension\":\"jpg\"}','2023-10-30 01:29:56','2023-10-30 01:29:56'),(4,32,'product-files/5-2.jpg','{\"filename\":\"5-2.jpg\",\"url\":\"product-files\\/5-2.jpg\",\"mime_type\":\"image\\/jpeg\",\"size\":9730,\"modified\":\"2023-10-30 08:29:56\",\"name\":\"5-2\",\"extension\":\"jpg\"}','2023-10-30 01:29:56','2023-10-30 01:29:56'),(5,32,'product-files/5-3.jpg','{\"filename\":\"5-3.jpg\",\"url\":\"product-files\\/5-3.jpg\",\"mime_type\":\"image\\/jpeg\",\"size\":9730,\"modified\":\"2023-10-30 08:29:56\",\"name\":\"5-3\",\"extension\":\"jpg\"}','2023-10-30 01:29:56','2023-10-30 01:29:56'),(6,40,'product-files/9.jpg','{\"filename\":\"9.jpg\",\"url\":\"product-files\\/9.jpg\",\"mime_type\":\"image\\/jpeg\",\"size\":9730,\"modified\":\"2023-10-30 08:29:56\",\"name\":\"9\",\"extension\":\"jpg\"}','2023-10-30 01:29:56','2023-10-30 01:29:56'),(7,40,'product-files/9-1.jpg','{\"filename\":\"9-1.jpg\",\"url\":\"product-files\\/9-1.jpg\",\"mime_type\":\"image\\/jpeg\",\"size\":9730,\"modified\":\"2023-10-30 08:29:56\",\"name\":\"9-1\",\"extension\":\"jpg\"}','2023-10-30 01:29:56','2023-10-30 01:29:56'),(8,40,'product-files/9-2.jpg','{\"filename\":\"9-2.jpg\",\"url\":\"product-files\\/9-2.jpg\",\"mime_type\":\"image\\/jpeg\",\"size\":9730,\"modified\":\"2023-10-30 08:29:56\",\"name\":\"9-2\",\"extension\":\"jpg\"}','2023-10-30 01:29:56','2023-10-30 01:29:56'),(9,41,'product-files/9.jpg','{\"filename\":\"9.jpg\",\"url\":\"product-files\\/9.jpg\",\"mime_type\":\"image\\/jpeg\",\"size\":9730,\"modified\":\"2023-10-30 08:29:56\",\"name\":\"9\",\"extension\":\"jpg\"}','2023-10-30 01:29:56','2023-10-30 01:29:56'),(10,41,'product-files/9-1.jpg','{\"filename\":\"9-1.jpg\",\"url\":\"product-files\\/9-1.jpg\",\"mime_type\":\"image\\/jpeg\",\"size\":9730,\"modified\":\"2023-10-30 08:29:56\",\"name\":\"9-1\",\"extension\":\"jpg\"}','2023-10-30 01:29:56','2023-10-30 01:29:56'),(11,41,'product-files/9-2.jpg','{\"filename\":\"9-2.jpg\",\"url\":\"product-files\\/9-2.jpg\",\"mime_type\":\"image\\/jpeg\",\"size\":9730,\"modified\":\"2023-10-30 08:29:56\",\"name\":\"9-2\",\"extension\":\"jpg\"}','2023-10-30 01:29:56','2023-10-30 01:29:56'),(12,42,'product-files/9.jpg','{\"filename\":\"9.jpg\",\"url\":\"product-files\\/9.jpg\",\"mime_type\":\"image\\/jpeg\",\"size\":9730,\"modified\":\"2023-10-30 08:29:56\",\"name\":\"9\",\"extension\":\"jpg\"}','2023-10-30 01:29:56','2023-10-30 01:29:56'),(13,42,'product-files/9-1.jpg','{\"filename\":\"9-1.jpg\",\"url\":\"product-files\\/9-1.jpg\",\"mime_type\":\"image\\/jpeg\",\"size\":9730,\"modified\":\"2023-10-30 08:29:56\",\"name\":\"9-1\",\"extension\":\"jpg\"}','2023-10-30 01:29:56','2023-10-30 01:29:56'),(14,42,'product-files/9-2.jpg','{\"filename\":\"9-2.jpg\",\"url\":\"product-files\\/9-2.jpg\",\"mime_type\":\"image\\/jpeg\",\"size\":9730,\"modified\":\"2023-10-30 08:29:56\",\"name\":\"9-2\",\"extension\":\"jpg\"}','2023-10-30 01:29:56','2023-10-30 01:29:56'),(15,54,'product-files/13.jpg','{\"filename\":\"13.jpg\",\"url\":\"product-files\\/13.jpg\",\"mime_type\":\"image\\/jpeg\",\"size\":9730,\"modified\":\"2023-10-30 08:29:56\",\"name\":\"13\",\"extension\":\"jpg\"}','2023-10-30 01:29:56','2023-10-30 01:29:56'),(16,54,'product-files/13-1.jpg','{\"filename\":\"13-1.jpg\",\"url\":\"product-files\\/13-1.jpg\",\"mime_type\":\"image\\/jpeg\",\"size\":9730,\"modified\":\"2023-10-30 08:29:56\",\"name\":\"13-1\",\"extension\":\"jpg\"}','2023-10-30 01:29:56','2023-10-30 01:29:56'),(17,55,'product-files/13.jpg','{\"filename\":\"13.jpg\",\"url\":\"product-files\\/13.jpg\",\"mime_type\":\"image\\/jpeg\",\"size\":9730,\"modified\":\"2023-10-30 08:29:56\",\"name\":\"13\",\"extension\":\"jpg\"}','2023-10-30 01:29:56','2023-10-30 01:29:56'),(18,55,'product-files/13-1.jpg','{\"filename\":\"13-1.jpg\",\"url\":\"product-files\\/13-1.jpg\",\"mime_type\":\"image\\/jpeg\",\"size\":9730,\"modified\":\"2023-10-30 08:29:56\",\"name\":\"13-1\",\"extension\":\"jpg\"}','2023-10-30 01:29:56','2023-10-30 01:29:56'),(19,56,'product-files/13.jpg','{\"filename\":\"13.jpg\",\"url\":\"product-files\\/13.jpg\",\"mime_type\":\"image\\/jpeg\",\"size\":9730,\"modified\":\"2023-10-30 08:29:56\",\"name\":\"13\",\"extension\":\"jpg\"}','2023-10-30 01:29:56','2023-10-30 01:29:56'),(20,56,'product-files/13-1.jpg','{\"filename\":\"13-1.jpg\",\"url\":\"product-files\\/13-1.jpg\",\"mime_type\":\"image\\/jpeg\",\"size\":9730,\"modified\":\"2023-10-30 08:29:56\",\"name\":\"13-1\",\"extension\":\"jpg\"}','2023-10-30 01:29:56','2023-10-30 01:29:56'),(21,65,'product-files/17.jpg','{\"filename\":\"17.jpg\",\"url\":\"product-files\\/17.jpg\",\"mime_type\":\"image\\/jpeg\",\"size\":9730,\"modified\":\"2023-10-30 08:29:57\",\"name\":\"17\",\"extension\":\"jpg\"}','2023-10-30 01:29:57','2023-10-30 01:29:57'),(22,65,'product-files/17-1.jpg','{\"filename\":\"17-1.jpg\",\"url\":\"product-files\\/17-1.jpg\",\"mime_type\":\"image\\/jpeg\",\"size\":9730,\"modified\":\"2023-10-30 08:29:57\",\"name\":\"17-1\",\"extension\":\"jpg\"}','2023-10-30 01:29:57','2023-10-30 01:29:57'),(23,65,'product-files/17-2.jpg','{\"filename\":\"17-2.jpg\",\"url\":\"product-files\\/17-2.jpg\",\"mime_type\":\"image\\/jpeg\",\"size\":9730,\"modified\":\"2023-10-30 08:29:57\",\"name\":\"17-2\",\"extension\":\"jpg\"}','2023-10-30 01:29:57','2023-10-30 01:29:57'),(24,65,'product-files/17-3.jpg','{\"filename\":\"17-3.jpg\",\"url\":\"product-files\\/17-3.jpg\",\"mime_type\":\"image\\/jpeg\",\"size\":9730,\"modified\":\"2023-10-30 08:29:57\",\"name\":\"17-3\",\"extension\":\"jpg\"}','2023-10-30 01:29:57','2023-10-30 01:29:57'),(25,66,'product-files/17.jpg','{\"filename\":\"17.jpg\",\"url\":\"product-files\\/17.jpg\",\"mime_type\":\"image\\/jpeg\",\"size\":9730,\"modified\":\"2023-10-30 08:29:57\",\"name\":\"17\",\"extension\":\"jpg\"}','2023-10-30 01:29:57','2023-10-30 01:29:57'),(26,66,'product-files/17-1.jpg','{\"filename\":\"17-1.jpg\",\"url\":\"product-files\\/17-1.jpg\",\"mime_type\":\"image\\/jpeg\",\"size\":9730,\"modified\":\"2023-10-30 08:29:57\",\"name\":\"17-1\",\"extension\":\"jpg\"}','2023-10-30 01:29:57','2023-10-30 01:29:57'),(27,66,'product-files/17-2.jpg','{\"filename\":\"17-2.jpg\",\"url\":\"product-files\\/17-2.jpg\",\"mime_type\":\"image\\/jpeg\",\"size\":9730,\"modified\":\"2023-10-30 08:29:57\",\"name\":\"17-2\",\"extension\":\"jpg\"}','2023-10-30 01:29:57','2023-10-30 01:29:57'),(28,66,'product-files/17-3.jpg','{\"filename\":\"17-3.jpg\",\"url\":\"product-files\\/17-3.jpg\",\"mime_type\":\"image\\/jpeg\",\"size\":9730,\"modified\":\"2023-10-30 08:29:57\",\"name\":\"17-3\",\"extension\":\"jpg\"}','2023-10-30 01:29:57','2023-10-30 01:29:57'),(29,67,'product-files/17.jpg','{\"filename\":\"17.jpg\",\"url\":\"product-files\\/17.jpg\",\"mime_type\":\"image\\/jpeg\",\"size\":9730,\"modified\":\"2023-10-30 08:29:57\",\"name\":\"17\",\"extension\":\"jpg\"}','2023-10-30 01:29:57','2023-10-30 01:29:57'),(30,67,'product-files/17-1.jpg','{\"filename\":\"17-1.jpg\",\"url\":\"product-files\\/17-1.jpg\",\"mime_type\":\"image\\/jpeg\",\"size\":9730,\"modified\":\"2023-10-30 08:29:57\",\"name\":\"17-1\",\"extension\":\"jpg\"}','2023-10-30 01:29:57','2023-10-30 01:29:57'),(31,67,'product-files/17-2.jpg','{\"filename\":\"17-2.jpg\",\"url\":\"product-files\\/17-2.jpg\",\"mime_type\":\"image\\/jpeg\",\"size\":9730,\"modified\":\"2023-10-30 08:29:57\",\"name\":\"17-2\",\"extension\":\"jpg\"}','2023-10-30 01:29:57','2023-10-30 01:29:57'),(32,67,'product-files/17-3.jpg','{\"filename\":\"17-3.jpg\",\"url\":\"product-files\\/17-3.jpg\",\"mime_type\":\"image\\/jpeg\",\"size\":9730,\"modified\":\"2023-10-30 08:29:57\",\"name\":\"17-3\",\"extension\":\"jpg\"}','2023-10-30 01:29:57','2023-10-30 01:29:57'),(33,68,'product-files/17.jpg','{\"filename\":\"17.jpg\",\"url\":\"product-files\\/17.jpg\",\"mime_type\":\"image\\/jpeg\",\"size\":9730,\"modified\":\"2023-10-30 08:29:57\",\"name\":\"17\",\"extension\":\"jpg\"}','2023-10-30 01:29:57','2023-10-30 01:29:57'),(34,68,'product-files/17-1.jpg','{\"filename\":\"17-1.jpg\",\"url\":\"product-files\\/17-1.jpg\",\"mime_type\":\"image\\/jpeg\",\"size\":9730,\"modified\":\"2023-10-30 08:29:57\",\"name\":\"17-1\",\"extension\":\"jpg\"}','2023-10-30 01:29:57','2023-10-30 01:29:57'),(35,68,'product-files/17-2.jpg','{\"filename\":\"17-2.jpg\",\"url\":\"product-files\\/17-2.jpg\",\"mime_type\":\"image\\/jpeg\",\"size\":9730,\"modified\":\"2023-10-30 08:29:57\",\"name\":\"17-2\",\"extension\":\"jpg\"}','2023-10-30 01:29:57','2023-10-30 01:29:57'),(36,68,'product-files/17-3.jpg','{\"filename\":\"17-3.jpg\",\"url\":\"product-files\\/17-3.jpg\",\"mime_type\":\"image\\/jpeg\",\"size\":9730,\"modified\":\"2023-10-30 08:29:57\",\"name\":\"17-3\",\"extension\":\"jpg\"}','2023-10-30 01:29:57','2023-10-30 01:29:57'),(37,76,'product-files/21.jpg','{\"filename\":\"21.jpg\",\"url\":\"product-files\\/21.jpg\",\"mime_type\":\"image\\/jpeg\",\"size\":9730,\"modified\":\"2023-10-30 08:29:57\",\"name\":\"21\",\"extension\":\"jpg\"}','2023-10-30 01:29:57','2023-10-30 01:29:57'),(38,76,'product-files/21-1.jpg','{\"filename\":\"21-1.jpg\",\"url\":\"product-files\\/21-1.jpg\",\"mime_type\":\"image\\/jpeg\",\"size\":9730,\"modified\":\"2023-10-30 08:29:57\",\"name\":\"21-1\",\"extension\":\"jpg\"}','2023-10-30 01:29:57','2023-10-30 01:29:57'),(39,76,'product-files/21-2.jpg','{\"filename\":\"21-2.jpg\",\"url\":\"product-files\\/21-2.jpg\",\"mime_type\":\"image\\/jpeg\",\"size\":9730,\"modified\":\"2023-10-30 08:29:57\",\"name\":\"21-2\",\"extension\":\"jpg\"}','2023-10-30 01:29:57','2023-10-30 01:29:57'),(40,77,'product-files/21.jpg','{\"filename\":\"21.jpg\",\"url\":\"product-files\\/21.jpg\",\"mime_type\":\"image\\/jpeg\",\"size\":9730,\"modified\":\"2023-10-30 08:29:57\",\"name\":\"21\",\"extension\":\"jpg\"}','2023-10-30 01:29:57','2023-10-30 01:29:57'),(41,77,'product-files/21-1.jpg','{\"filename\":\"21-1.jpg\",\"url\":\"product-files\\/21-1.jpg\",\"mime_type\":\"image\\/jpeg\",\"size\":9730,\"modified\":\"2023-10-30 08:29:57\",\"name\":\"21-1\",\"extension\":\"jpg\"}','2023-10-30 01:29:57','2023-10-30 01:29:57'),(42,77,'product-files/21-2.jpg','{\"filename\":\"21-2.jpg\",\"url\":\"product-files\\/21-2.jpg\",\"mime_type\":\"image\\/jpeg\",\"size\":9730,\"modified\":\"2023-10-30 08:29:57\",\"name\":\"21-2\",\"extension\":\"jpg\"}','2023-10-30 01:29:57','2023-10-30 01:29:57'),(43,78,'product-files/21.jpg','{\"filename\":\"21.jpg\",\"url\":\"product-files\\/21.jpg\",\"mime_type\":\"image\\/jpeg\",\"size\":9730,\"modified\":\"2023-10-30 08:29:57\",\"name\":\"21\",\"extension\":\"jpg\"}','2023-10-30 01:29:57','2023-10-30 01:29:57'),(44,78,'product-files/21-1.jpg','{\"filename\":\"21-1.jpg\",\"url\":\"product-files\\/21-1.jpg\",\"mime_type\":\"image\\/jpeg\",\"size\":9730,\"modified\":\"2023-10-30 08:29:57\",\"name\":\"21-1\",\"extension\":\"jpg\"}','2023-10-30 01:29:57','2023-10-30 01:29:57'),(45,78,'product-files/21-2.jpg','{\"filename\":\"21-2.jpg\",\"url\":\"product-files\\/21-2.jpg\",\"mime_type\":\"image\\/jpeg\",\"size\":9730,\"modified\":\"2023-10-30 08:29:57\",\"name\":\"21-2\",\"extension\":\"jpg\"}','2023-10-30 01:29:57','2023-10-30 01:29:57');
/*!40000 ALTER TABLE `ec_product_files` ENABLE KEYS */;
UNLOCK TABLES;

--
-- Table structure for table `ec_product_label_products`
--

DROP TABLE IF EXISTS `ec_product_label_products`;
/*!40101 SET @saved_cs_client     = @@character_set_client */;
/*!50503 SET character_set_client = utf8mb4 */;
CREATE TABLE `ec_product_label_products` (
  `product_label_id` bigint unsigned NOT NULL,
  `product_id` bigint unsigned NOT NULL,
  PRIMARY KEY (`product_label_id`,`product_id`),
  KEY `ec_product_label_products_product_label_id_index` (`product_label_id`),
  KEY `ec_product_label_products_product_id_index` (`product_id`)
) ENGINE=InnoDB DEFAULT CHARSET=utf8mb4 COLLATE=utf8mb4_unicode_ci;
/*!40101 SET character_set_client = @saved_cs_client */;

--
-- Dumping data for table `ec_product_label_products`
--

LOCK TABLES `ec_product_label_products` WRITE;
/*!40000 ALTER TABLE `ec_product_label_products` DISABLE KEYS */;
INSERT INTO `ec_product_label_products` VALUES (1,21),(2,3),(2,6),(2,9),(2,12),(2,15),(3,18);
/*!40000 ALTER TABLE `ec_product_label_products` ENABLE KEYS */;
UNLOCK TABLES;

--
-- Table structure for table `ec_product_labels`
--

DROP TABLE IF EXISTS `ec_product_labels`;
/*!40101 SET @saved_cs_client     = @@character_set_client */;
/*!50503 SET character_set_client = utf8mb4 */;
CREATE TABLE `ec_product_labels` (
  `id` bigint unsigned NOT NULL AUTO_INCREMENT,
  `name` varchar(255) COLLATE utf8mb4_unicode_ci NOT NULL,
  `color` varchar(120) COLLATE utf8mb4_unicode_ci DEFAULT NULL,
  `status` varchar(60) COLLATE utf8mb4_unicode_ci NOT NULL DEFAULT 'published',
  `created_at` timestamp NULL DEFAULT NULL,
  `updated_at` timestamp NULL DEFAULT NULL,
  PRIMARY KEY (`id`)
) ENGINE=InnoDB AUTO_INCREMENT=4 DEFAULT CHARSET=utf8mb4 COLLATE=utf8mb4_unicode_ci;
/*!40101 SET character_set_client = @saved_cs_client */;

--
-- Dumping data for table `ec_product_labels`
--

LOCK TABLES `ec_product_labels` WRITE;
/*!40000 ALTER TABLE `ec_product_labels` DISABLE KEYS */;
INSERT INTO `ec_product_labels` VALUES (1,'Hot','#ec2434','published','2023-10-30 01:29:51','2023-10-30 01:29:51'),(2,'New','#00c9a7','published','2023-10-30 01:29:51','2023-10-30 01:29:51'),(3,'Sale','#fe9931','published','2023-10-30 01:29:51','2023-10-30 01:29:51');
/*!40000 ALTER TABLE `ec_product_labels` ENABLE KEYS */;
UNLOCK TABLES;

--
-- Table structure for table `ec_product_labels_translations`
--

DROP TABLE IF EXISTS `ec_product_labels_translations`;
/*!40101 SET @saved_cs_client     = @@character_set_client */;
/*!50503 SET character_set_client = utf8mb4 */;
CREATE TABLE `ec_product_labels_translations` (
  `lang_code` varchar(191) COLLATE utf8mb4_unicode_ci NOT NULL,
  `ec_product_labels_id` bigint unsigned NOT NULL,
  `name` varchar(191) COLLATE utf8mb4_unicode_ci DEFAULT NULL,
  `description` varchar(191) COLLATE utf8mb4_unicode_ci DEFAULT NULL,
  PRIMARY KEY (`lang_code`,`ec_product_labels_id`)
) ENGINE=InnoDB DEFAULT CHARSET=utf8mb4 COLLATE=utf8mb4_unicode_ci;
/*!40101 SET character_set_client = @saved_cs_client */;

--
-- Dumping data for table `ec_product_labels_translations`
--

LOCK TABLES `ec_product_labels_translations` WRITE;
/*!40000 ALTER TABLE `ec_product_labels_translations` DISABLE KEYS */;
/*!40000 ALTER TABLE `ec_product_labels_translations` ENABLE KEYS */;
UNLOCK TABLES;

--
-- Table structure for table `ec_product_related_relations`
--

DROP TABLE IF EXISTS `ec_product_related_relations`;
/*!40101 SET @saved_cs_client     = @@character_set_client */;
/*!50503 SET character_set_client = utf8mb4 */;
CREATE TABLE `ec_product_related_relations` (
  `from_product_id` bigint unsigned NOT NULL,
  `to_product_id` bigint unsigned NOT NULL,
  PRIMARY KEY (`from_product_id`,`to_product_id`),
  KEY `ec_product_related_relations_from_product_id_index` (`from_product_id`),
  KEY `ec_product_related_relations_to_product_id_index` (`to_product_id`)
) ENGINE=InnoDB DEFAULT CHARSET=utf8mb4 COLLATE=utf8mb4_unicode_ci;
/*!40101 SET character_set_client = @saved_cs_client */;

--
-- Dumping data for table `ec_product_related_relations`
--

LOCK TABLES `ec_product_related_relations` WRITE;
/*!40000 ALTER TABLE `ec_product_related_relations` DISABLE KEYS */;
/*!40000 ALTER TABLE `ec_product_related_relations` ENABLE KEYS */;
UNLOCK TABLES;

--
-- Table structure for table `ec_product_tag_product`
--

DROP TABLE IF EXISTS `ec_product_tag_product`;
/*!40101 SET @saved_cs_client     = @@character_set_client */;
/*!50503 SET character_set_client = utf8mb4 */;
CREATE TABLE `ec_product_tag_product` (
  `product_id` bigint unsigned NOT NULL,
  `tag_id` bigint unsigned NOT NULL,
  PRIMARY KEY (`product_id`,`tag_id`),
  KEY `ec_product_tag_product_product_id_index` (`product_id`),
  KEY `ec_product_tag_product_tag_id_index` (`tag_id`)
) ENGINE=InnoDB DEFAULT CHARSET=utf8mb4 COLLATE=utf8mb4_unicode_ci;
/*!40101 SET character_set_client = @saved_cs_client */;

--
-- Dumping data for table `ec_product_tag_product`
--

LOCK TABLES `ec_product_tag_product` WRITE;
/*!40000 ALTER TABLE `ec_product_tag_product` DISABLE KEYS */;
INSERT INTO `ec_product_tag_product` VALUES (1,1),(1,5),(2,2),(2,4),(3,3),(3,5),(4,3),(4,5),(4,6),(5,2),(5,4),(5,6),(6,3),(6,5),(6,6),(7,1),(7,5),(7,6),(8,1),(8,5),(8,6),(9,2),(9,5),(9,6),(10,3),(10,5),(10,6),(11,1),(11,5),(12,1),(12,4),(12,5),(13,1),(13,2),(13,4),(14,3),(14,4),(14,5),(15,3),(15,5),(16,3),(16,4),(16,6),(17,2),(17,4),(17,6),(18,2),(18,5),(18,6),(19,3),(19,4),(19,6),(20,1),(20,4),(20,5),(21,2),(21,3),(21,6),(22,1),(22,5),(23,3),(23,4);
/*!40000 ALTER TABLE `ec_product_tag_product` ENABLE KEYS */;
UNLOCK TABLES;

--
-- Table structure for table `ec_product_tags`
--

DROP TABLE IF EXISTS `ec_product_tags`;
/*!40101 SET @saved_cs_client     = @@character_set_client */;
/*!50503 SET character_set_client = utf8mb4 */;
CREATE TABLE `ec_product_tags` (
  `id` bigint unsigned NOT NULL AUTO_INCREMENT,
  `name` varchar(120) COLLATE utf8mb4_unicode_ci NOT NULL,
  `description` varchar(400) COLLATE utf8mb4_unicode_ci DEFAULT NULL,
  `status` varchar(60) COLLATE utf8mb4_unicode_ci NOT NULL DEFAULT 'published',
  `created_at` timestamp NULL DEFAULT NULL,
  `updated_at` timestamp NULL DEFAULT NULL,
  PRIMARY KEY (`id`)
) ENGINE=InnoDB AUTO_INCREMENT=7 DEFAULT CHARSET=utf8mb4 COLLATE=utf8mb4_unicode_ci;
/*!40101 SET character_set_client = @saved_cs_client */;

--
-- Dumping data for table `ec_product_tags`
--

LOCK TABLES `ec_product_tags` WRITE;
/*!40000 ALTER TABLE `ec_product_tags` DISABLE KEYS */;
INSERT INTO `ec_product_tags` VALUES (1,'Electronic',NULL,'published','2023-10-30 01:30:00','2023-10-30 01:30:00'),(2,'Mobile',NULL,'published','2023-10-30 01:30:00','2023-10-30 01:30:00'),(3,'Iphone',NULL,'published','2023-10-30 01:30:00','2023-10-30 01:30:00'),(4,'Printer',NULL,'published','2023-10-30 01:30:00','2023-10-30 01:30:00'),(5,'Office',NULL,'published','2023-10-30 01:30:00','2023-10-30 01:30:00'),(6,'IT',NULL,'published','2023-10-30 01:30:00','2023-10-30 01:30:00');
/*!40000 ALTER TABLE `ec_product_tags` ENABLE KEYS */;
UNLOCK TABLES;

--
-- Table structure for table `ec_product_tags_translations`
--

DROP TABLE IF EXISTS `ec_product_tags_translations`;
/*!40101 SET @saved_cs_client     = @@character_set_client */;
/*!50503 SET character_set_client = utf8mb4 */;
CREATE TABLE `ec_product_tags_translations` (
  `lang_code` varchar(191) COLLATE utf8mb4_unicode_ci NOT NULL,
  `ec_product_tags_id` bigint unsigned NOT NULL,
  `name` varchar(191) COLLATE utf8mb4_unicode_ci DEFAULT NULL,
  PRIMARY KEY (`lang_code`,`ec_product_tags_id`)
) ENGINE=InnoDB DEFAULT CHARSET=utf8mb4 COLLATE=utf8mb4_unicode_ci;
/*!40101 SET character_set_client = @saved_cs_client */;

--
-- Dumping data for table `ec_product_tags_translations`
--

LOCK TABLES `ec_product_tags_translations` WRITE;
/*!40000 ALTER TABLE `ec_product_tags_translations` DISABLE KEYS */;
/*!40000 ALTER TABLE `ec_product_tags_translations` ENABLE KEYS */;
UNLOCK TABLES;

--
-- Table structure for table `ec_product_up_sale_relations`
--

DROP TABLE IF EXISTS `ec_product_up_sale_relations`;
/*!40101 SET @saved_cs_client     = @@character_set_client */;
/*!50503 SET character_set_client = utf8mb4 */;
CREATE TABLE `ec_product_up_sale_relations` (
  `from_product_id` bigint unsigned NOT NULL,
  `to_product_id` bigint unsigned NOT NULL,
  PRIMARY KEY (`from_product_id`,`to_product_id`),
  KEY `ec_product_up_sale_relations_from_product_id_index` (`from_product_id`),
  KEY `ec_product_up_sale_relations_to_product_id_index` (`to_product_id`)
) ENGINE=InnoDB DEFAULT CHARSET=utf8mb4 COLLATE=utf8mb4_unicode_ci;
/*!40101 SET character_set_client = @saved_cs_client */;

--
-- Dumping data for table `ec_product_up_sale_relations`
--

LOCK TABLES `ec_product_up_sale_relations` WRITE;
/*!40000 ALTER TABLE `ec_product_up_sale_relations` DISABLE KEYS */;
/*!40000 ALTER TABLE `ec_product_up_sale_relations` ENABLE KEYS */;
UNLOCK TABLES;

--
-- Table structure for table `ec_product_variation_items`
--

DROP TABLE IF EXISTS `ec_product_variation_items`;
/*!40101 SET @saved_cs_client     = @@character_set_client */;
/*!50503 SET character_set_client = utf8mb4 */;
CREATE TABLE `ec_product_variation_items` (
  `id` bigint unsigned NOT NULL AUTO_INCREMENT,
  `attribute_id` bigint unsigned NOT NULL,
  `variation_id` bigint unsigned NOT NULL,
  PRIMARY KEY (`id`),
  KEY `attribute_variation_index` (`attribute_id`,`variation_id`)
) ENGINE=InnoDB AUTO_INCREMENT=125 DEFAULT CHARSET=utf8mb4 COLLATE=utf8mb4_unicode_ci;
/*!40101 SET character_set_client = @saved_cs_client */;

--
-- Dumping data for table `ec_product_variation_items`
--

LOCK TABLES `ec_product_variation_items` WRITE;
/*!40000 ALTER TABLE `ec_product_variation_items` DISABLE KEYS */;
INSERT INTO `ec_product_variation_items` VALUES (11,1,6),(37,1,19),(43,1,22),(55,1,28),(57,1,29),(59,1,30),(61,1,31),(75,1,38),(77,1,39),(79,1,40),(85,1,43),(87,1,44),(93,1,47),(101,1,51),(103,1,52),(115,1,58),(1,2,1),(7,2,4),(9,2,5),(13,2,7),(23,2,12),(35,2,18),(39,2,20),(45,2,23),(49,2,25),(63,2,32),(65,2,33),(71,2,36),(81,2,41),(83,2,42),(99,2,50),(109,2,55),(121,2,61),(31,3,16),(47,3,24),(73,3,37),(91,3,46),(95,3,48),(97,3,49),(105,3,53),(111,3,56),(113,3,57),(5,4,3),(17,4,9),(21,4,11),(41,4,21),(53,4,27),(67,4,34),(123,4,62),(3,5,2),(15,5,8),(19,5,10),(25,5,13),(27,5,14),(29,5,15),(33,5,17),(51,5,26),(69,5,35),(89,5,45),(107,5,54),(117,5,59),(119,5,60),(18,6,9),(24,6,12),(28,6,14),(32,6,16),(36,6,18),(46,6,23),(50,6,25),(52,6,26),(58,6,29),(60,6,30),(62,6,31),(64,6,32),(82,6,41),(94,6,47),(100,6,50),(104,6,52),(116,6,58),(2,7,1),(12,7,6),(22,7,11),(34,7,17),(42,7,21),(54,7,27),(76,7,38),(84,7,42),(96,7,48),(122,7,61),(124,7,62),(6,8,3),(8,8,4),(20,8,10),(26,8,13),(30,8,15),(38,8,19),(40,8,20),(44,8,22),(66,8,33),(68,8,34),(80,8,40),(92,8,46),(98,8,49),(106,8,53),(10,9,5),(14,9,7),(48,9,24),(74,9,37),(78,9,39),(88,9,44),(102,9,51),(108,9,54),(114,9,57),(118,9,59),(120,9,60),(4,10,2),(16,10,8),(56,10,28),(70,10,35),(72,10,36),(86,10,43),(90,10,45),(110,10,55),(112,10,56);
/*!40000 ALTER TABLE `ec_product_variation_items` ENABLE KEYS */;
UNLOCK TABLES;

--
-- Table structure for table `ec_product_variations`
--

DROP TABLE IF EXISTS `ec_product_variations`;
/*!40101 SET @saved_cs_client     = @@character_set_client */;
/*!50503 SET character_set_client = utf8mb4 */;
CREATE TABLE `ec_product_variations` (
  `id` bigint unsigned NOT NULL AUTO_INCREMENT,
  `product_id` bigint unsigned DEFAULT NULL,
  `configurable_product_id` bigint unsigned NOT NULL,
  `is_default` tinyint NOT NULL DEFAULT '0',
  PRIMARY KEY (`id`),
  KEY `configurable_product_index` (`product_id`,`configurable_product_id`)
) ENGINE=InnoDB AUTO_INCREMENT=63 DEFAULT CHARSET=utf8mb4 COLLATE=utf8mb4_unicode_ci;
/*!40101 SET character_set_client = @saved_cs_client */;

--
-- Dumping data for table `ec_product_variations`
--

LOCK TABLES `ec_product_variations` WRITE;
/*!40000 ALTER TABLE `ec_product_variations` DISABLE KEYS */;
INSERT INTO `ec_product_variations` VALUES (1,24,1,1),(2,25,2,1),(3,26,3,1),(4,27,3,0),(5,28,3,0),(6,29,4,1),(7,30,4,0),(8,31,4,0),(9,32,5,1),(10,33,6,1),(11,34,6,0),(12,35,7,1),(13,36,7,0),(14,37,7,0),(15,38,7,0),(16,39,8,1),(17,40,9,1),(18,41,9,0),(19,42,9,0),(20,43,10,1),(21,44,10,0),(22,45,10,0),(23,46,11,1),(24,47,11,0),(25,48,11,0),(26,49,11,0),(27,50,12,1),(28,51,12,0),(29,52,12,0),(30,53,12,0),(31,54,13,1),(32,55,13,0),(33,56,13,0),(34,57,14,1),(35,58,14,0),(36,59,15,1),(37,60,15,0),(38,61,15,0),(39,62,16,1),(40,63,16,0),(41,64,16,0),(42,65,17,1),(43,66,17,0),(44,67,17,0),(45,68,17,0),(46,69,18,1),(47,70,18,0),(48,71,18,0),(49,72,19,1),(50,73,19,0),(51,74,19,0),(52,75,20,1),(53,76,21,1),(54,77,21,0),(55,78,21,0),(56,79,22,1),(57,80,22,0),(58,81,22,0),(59,82,23,1),(60,83,23,0),(61,84,23,0),(62,85,23,0);
/*!40000 ALTER TABLE `ec_product_variations` ENABLE KEYS */;
UNLOCK TABLES;

--
-- Table structure for table `ec_product_views`
--

DROP TABLE IF EXISTS `ec_product_views`;
/*!40101 SET @saved_cs_client     = @@character_set_client */;
/*!50503 SET character_set_client = utf8mb4 */;
CREATE TABLE `ec_product_views` (
  `id` bigint unsigned NOT NULL AUTO_INCREMENT,
  `product_id` bigint unsigned NOT NULL,
  `views` int NOT NULL DEFAULT '1',
  `date` date NOT NULL DEFAULT '2023-10-30',
  PRIMARY KEY (`id`),
  UNIQUE KEY `ec_product_views_product_id_date_unique` (`product_id`,`date`),
  KEY `ec_product_views_product_id_index` (`product_id`)
) ENGINE=InnoDB DEFAULT CHARSET=utf8mb4 COLLATE=utf8mb4_unicode_ci;
/*!40101 SET character_set_client = @saved_cs_client */;

--
-- Dumping data for table `ec_product_views`
--

LOCK TABLES `ec_product_views` WRITE;
/*!40000 ALTER TABLE `ec_product_views` DISABLE KEYS */;
/*!40000 ALTER TABLE `ec_product_views` ENABLE KEYS */;
UNLOCK TABLES;

--
-- Table structure for table `ec_product_with_attribute_set`
--

DROP TABLE IF EXISTS `ec_product_with_attribute_set`;
/*!40101 SET @saved_cs_client     = @@character_set_client */;
/*!50503 SET character_set_client = utf8mb4 */;
CREATE TABLE `ec_product_with_attribute_set` (
  `attribute_set_id` bigint unsigned NOT NULL,
  `product_id` bigint unsigned NOT NULL,
  `order` tinyint unsigned NOT NULL DEFAULT '0',
  PRIMARY KEY (`product_id`,`attribute_set_id`)
) ENGINE=InnoDB DEFAULT CHARSET=utf8mb4 COLLATE=utf8mb4_unicode_ci;
/*!40101 SET character_set_client = @saved_cs_client */;

--
-- Dumping data for table `ec_product_with_attribute_set`
--

LOCK TABLES `ec_product_with_attribute_set` WRITE;
/*!40000 ALTER TABLE `ec_product_with_attribute_set` DISABLE KEYS */;
INSERT INTO `ec_product_with_attribute_set` VALUES (1,1,0),(2,1,0),(1,2,0),(2,2,0),(1,3,0),(2,3,0),(1,4,0),(2,4,0),(1,5,0),(2,5,0),(1,6,0),(2,6,0),(1,7,0),(2,7,0),(1,8,0),(2,8,0),(1,9,0),(2,9,0),(1,10,0),(2,10,0),(1,11,0),(2,11,0),(1,12,0),(2,12,0),(1,13,0),(2,13,0),(1,14,0),(2,14,0),(1,15,0),(2,15,0),(1,16,0),(2,16,0),(1,17,0),(2,17,0),(1,18,0),(2,18,0),(1,19,0),(2,19,0),(1,20,0),(2,20,0),(1,21,0),(2,21,0),(1,22,0),(2,22,0),(1,23,0),(2,23,0);
/*!40000 ALTER TABLE `ec_product_with_attribute_set` ENABLE KEYS */;
UNLOCK TABLES;

--
-- Table structure for table `ec_products`
--

DROP TABLE IF EXISTS `ec_products`;
/*!40101 SET @saved_cs_client     = @@character_set_client */;
/*!50503 SET character_set_client = utf8mb4 */;
CREATE TABLE `ec_products` (
  `id` bigint unsigned NOT NULL AUTO_INCREMENT,
  `name` varchar(191) COLLATE utf8mb4_unicode_ci NOT NULL,
  `description` text COLLATE utf8mb4_unicode_ci,
  `content` longtext COLLATE utf8mb4_unicode_ci,
  `status` varchar(60) COLLATE utf8mb4_unicode_ci NOT NULL DEFAULT 'published',
  `images` text COLLATE utf8mb4_unicode_ci,
  `sku` varchar(191) COLLATE utf8mb4_unicode_ci DEFAULT NULL,
  `order` int unsigned NOT NULL DEFAULT '0',
  `quantity` int unsigned DEFAULT NULL,
  `allow_checkout_when_out_of_stock` tinyint unsigned NOT NULL DEFAULT '0',
  `with_storehouse_management` tinyint unsigned NOT NULL DEFAULT '0',
  `is_featured` tinyint unsigned NOT NULL DEFAULT '0',
  `brand_id` bigint unsigned DEFAULT NULL,
  `is_variation` tinyint NOT NULL DEFAULT '0',
  `sale_type` tinyint NOT NULL DEFAULT '0',
  `price` double unsigned DEFAULT NULL,
  `sale_price` double unsigned DEFAULT NULL,
  `start_date` timestamp NULL DEFAULT NULL,
  `end_date` timestamp NULL DEFAULT NULL,
  `length` double(8,2) DEFAULT NULL,
  `wide` double(8,2) DEFAULT NULL,
  `height` double(8,2) DEFAULT NULL,
  `weight` double(8,2) DEFAULT NULL,
  `tax_id` bigint unsigned DEFAULT NULL,
  `views` bigint NOT NULL DEFAULT '0',
  `created_at` timestamp NULL DEFAULT NULL,
  `updated_at` timestamp NULL DEFAULT NULL,
  `stock_status` varchar(191) COLLATE utf8mb4_unicode_ci DEFAULT 'in_stock',
  `created_by_id` bigint unsigned DEFAULT '0',
  `created_by_type` varchar(255) COLLATE utf8mb4_unicode_ci NOT NULL DEFAULT 'Botble\\ACL\\Models\\User',
  `image` varchar(255) COLLATE utf8mb4_unicode_ci DEFAULT NULL,
  `product_type` varchar(60) COLLATE utf8mb4_unicode_ci DEFAULT 'physical',
  `barcode` varchar(50) CHARACTER SET utf8mb4 COLLATE utf8mb4_unicode_ci DEFAULT NULL,
  `cost_per_item` double DEFAULT NULL,
  `generate_license_code` tinyint(1) NOT NULL DEFAULT '0',
  `store_id` bigint unsigned DEFAULT NULL,
  `approved_by` bigint unsigned DEFAULT '0',
  PRIMARY KEY (`id`),
  KEY `ec_products_brand_id_status_is_variation_created_at_index` (`brand_id`,`status`,`is_variation`,`created_at`),
  KEY `sale_type_index` (`sale_type`),
  KEY `start_date_index` (`start_date`),
  KEY `end_date_index` (`end_date`),
  KEY `sale_price_index` (`sale_price`),
  KEY `is_variation_index` (`is_variation`),
  KEY `ec_products_sku_index` (`sku`)
) ENGINE=InnoDB AUTO_INCREMENT=86 DEFAULT CHARSET=utf8mb4 COLLATE=utf8mb4_unicode_ci;
/*!40101 SET character_set_client = @saved_cs_client */;

--
-- Dumping data for table `ec_products`
--

LOCK TABLES `ec_products` WRITE;
/*!40000 ALTER TABLE `ec_products` DISABLE KEYS */;
INSERT INTO `ec_products` VALUES (1,'Dual Camera 20MP (Digital)','<ul><li> Unrestrained and portable active stereo speaker</li>\n            <li> Free from the confines of wires and chords</li>\n            <li> 20 hours of portable capabilities</li>\n            <li> Double-ended Coil Cord with 3.5mm Stereo Plugs Included</li>\n            <li> 3/4″ Dome Tweeters: 2X and 4″ Woofer: 1X</li></ul>','<p>Short Hooded Coat features a straight body, large pockets with button flaps, ventilation air holes, and a string detail along the hemline. The style is completed with a drawstring hood, featuring Rains’ signature built-in cap. Made from waterproof, matte PU, this lightweight unisex rain jacket is an ode to nostalgia through its classic silhouette and utilitarian design details.</p>\n                                <p>- Casual unisex fit</p>\n\n                                <p>- 64% polyester, 36% polyurethane</p>\n\n                                <p>- Water column pressure: 4000 mm</p>\n\n                                <p>- Model is 187cm tall and wearing a size S / M</p>\n\n                                <p>- Unisex fit</p>\n\n                                <p>- Drawstring hood with built-in cap</p>\n\n                                <p>- Front placket with snap buttons</p>\n\n                                <p>- Ventilation under armpit</p>\n\n                                <p>- Adjustable cuffs</p>\n\n                                <p>- Double welted front pockets</p>\n\n                                <p>- Adjustable elastic string at hempen</p>\n\n                                <p>- Ultrasonically welded seams</p>\n\n                                <p>This is a unisex item, please check our clothing &amp; footwear sizing guide for specific Rains jacket sizing information. RAINS comes from the rainy nation of Denmark at the edge of the European continent, close to the ocean and with prevailing westerly winds; all factors that contribute to an average of 121 rain days each year. Arising from these rainy weather conditions comes the attitude that a quick rain shower may be beautiful, as well as moody- but first and foremost requires the right outfit. Rains focus on the whole experience of going outside on rainy days, issuing an invitation to explore even in the most mercurial weather.</p>','published','[\"products\\/1.jpg\"]','SW-164-A0',0,14,0,1,1,4,0,0,80.25,NULL,NULL,NULL,19.00,10.00,18.00,841.00,NULL,74559,'2023-10-30 01:29:55','2023-10-30 01:30:05','in_stock',0,'Botble\\ACL\\Models\\User',NULL,'digital',NULL,NULL,0,3,0),(2,'Smart Watches','<ul><li> Unrestrained and portable active stereo speaker</li>\n            <li> Free from the confines of wires and chords</li>\n            <li> 20 hours of portable capabilities</li>\n            <li> Double-ended Coil Cord with 3.5mm Stereo Plugs Included</li>\n            <li> 3/4″ Dome Tweeters: 2X and 4″ Woofer: 1X</li></ul>','<p>Short Hooded Coat features a straight body, large pockets with button flaps, ventilation air holes, and a string detail along the hemline. The style is completed with a drawstring hood, featuring Rains’ signature built-in cap. Made from waterproof, matte PU, this lightweight unisex rain jacket is an ode to nostalgia through its classic silhouette and utilitarian design details.</p>\n                                <p>- Casual unisex fit</p>\n\n                                <p>- 64% polyester, 36% polyurethane</p>\n\n                                <p>- Water column pressure: 4000 mm</p>\n\n                                <p>- Model is 187cm tall and wearing a size S / M</p>\n\n                                <p>- Unisex fit</p>\n\n                                <p>- Drawstring hood with built-in cap</p>\n\n                                <p>- Front placket with snap buttons</p>\n\n                                <p>- Ventilation under armpit</p>\n\n                                <p>- Adjustable cuffs</p>\n\n                                <p>- Double welted front pockets</p>\n\n                                <p>- Adjustable elastic string at hempen</p>\n\n                                <p>- Ultrasonically welded seams</p>\n\n                                <p>This is a unisex item, please check our clothing &amp; footwear sizing guide for specific Rains jacket sizing information. RAINS comes from the rainy nation of Denmark at the edge of the European continent, close to the ocean and with prevailing westerly winds; all factors that contribute to an average of 121 rain days each year. Arising from these rainy weather conditions comes the attitude that a quick rain shower may be beautiful, as well as moody- but first and foremost requires the right outfit. Rains focus on the whole experience of going outside on rainy days, issuing an invitation to explore even in the most mercurial weather.</p>','published','[\"products\\/2.jpg\",\"products\\/2-1.jpg\",\"products\\/2-2.jpg\",\"products\\/2-3.jpg\"]','SW-163-A0',0,18,0,1,1,7,0,0,40.5,NULL,NULL,NULL,19.00,12.00,14.00,558.00,NULL,71125,'2023-10-30 01:29:55','2023-10-30 01:30:05','in_stock',0,'Botble\\ACL\\Models\\User',NULL,'physical',NULL,NULL,0,3,0),(3,'Beat Headphone','<ul><li> Unrestrained and portable active stereo speaker</li>\n            <li> Free from the confines of wires and chords</li>\n            <li> 20 hours of portable capabilities</li>\n            <li> Double-ended Coil Cord with 3.5mm Stereo Plugs Included</li>\n            <li> 3/4″ Dome Tweeters: 2X and 4″ Woofer: 1X</li></ul>','<p>Short Hooded Coat features a straight body, large pockets with button flaps, ventilation air holes, and a string detail along the hemline. The style is completed with a drawstring hood, featuring Rains’ signature built-in cap. Made from waterproof, matte PU, this lightweight unisex rain jacket is an ode to nostalgia through its classic silhouette and utilitarian design details.</p>\n                                <p>- Casual unisex fit</p>\n\n                                <p>- 64% polyester, 36% polyurethane</p>\n\n                                <p>- Water column pressure: 4000 mm</p>\n\n                                <p>- Model is 187cm tall and wearing a size S / M</p>\n\n                                <p>- Unisex fit</p>\n\n                                <p>- Drawstring hood with built-in cap</p>\n\n                                <p>- Front placket with snap buttons</p>\n\n                                <p>- Ventilation under armpit</p>\n\n                                <p>- Adjustable cuffs</p>\n\n                                <p>- Double welted front pockets</p>\n\n                                <p>- Adjustable elastic string at hempen</p>\n\n                                <p>- Ultrasonically welded seams</p>\n\n                                <p>This is a unisex item, please check our clothing &amp; footwear sizing guide for specific Rains jacket sizing information. RAINS comes from the rainy nation of Denmark at the edge of the European continent, close to the ocean and with prevailing westerly winds; all factors that contribute to an average of 121 rain days each year. Arising from these rainy weather conditions comes the attitude that a quick rain shower may be beautiful, as well as moody- but first and foremost requires the right outfit. Rains focus on the whole experience of going outside on rainy days, issuing an invitation to explore even in the most mercurial weather.</p>','published','[\"products\\/3.jpg\"]','SW-177-A0',0,19,0,1,1,5,0,0,20,NULL,NULL,NULL,18.00,16.00,16.00,507.00,NULL,67018,'2023-10-30 01:29:55','2023-10-30 01:30:05','in_stock',0,'Botble\\ACL\\Models\\User',NULL,'physical',NULL,NULL,0,3,0),(4,'Red &amp; Black Headphone','<ul><li> Unrestrained and portable active stereo speaker</li>\n            <li> Free from the confines of wires and chords</li>\n            <li> 20 hours of portable capabilities</li>\n            <li> Double-ended Coil Cord with 3.5mm Stereo Plugs Included</li>\n            <li> 3/4″ Dome Tweeters: 2X and 4″ Woofer: 1X</li></ul>','<p>Short Hooded Coat features a straight body, large pockets with button flaps, ventilation air holes, and a string detail along the hemline. The style is completed with a drawstring hood, featuring Rains’ signature built-in cap. Made from waterproof, matte PU, this lightweight unisex rain jacket is an ode to nostalgia through its classic silhouette and utilitarian design details.</p>\n                                <p>- Casual unisex fit</p>\n\n                                <p>- 64% polyester, 36% polyurethane</p>\n\n                                <p>- Water column pressure: 4000 mm</p>\n\n                                <p>- Model is 187cm tall and wearing a size S / M</p>\n\n                                <p>- Unisex fit</p>\n\n                                <p>- Drawstring hood with built-in cap</p>\n\n                                <p>- Front placket with snap buttons</p>\n\n                                <p>- Ventilation under armpit</p>\n\n                                <p>- Adjustable cuffs</p>\n\n                                <p>- Double welted front pockets</p>\n\n                                <p>- Adjustable elastic string at hempen</p>\n\n                                <p>- Ultrasonically welded seams</p>\n\n                                <p>This is a unisex item, please check our clothing &amp; footwear sizing guide for specific Rains jacket sizing information. RAINS comes from the rainy nation of Denmark at the edge of the European continent, close to the ocean and with prevailing westerly winds; all factors that contribute to an average of 121 rain days each year. Arising from these rainy weather conditions comes the attitude that a quick rain shower may be beautiful, as well as moody- but first and foremost requires the right outfit. Rains focus on the whole experience of going outside on rainy days, issuing an invitation to explore even in the most mercurial weather.</p>','published','[\"products\\/4.jpg\",\"products\\/4-1.jpg\",\"products\\/4-2.jpg\",\"products\\/4-3.jpg\"]','SW-173-A0',0,13,0,1,1,5,0,0,545,452.35,NULL,NULL,12.00,17.00,10.00,589.00,NULL,188584,'2023-10-30 01:29:55','2023-10-30 01:30:05','in_stock',0,'Botble\\ACL\\Models\\User',NULL,'physical',NULL,NULL,0,3,0),(5,'Smart Watch External (Digital)','<ul><li> Unrestrained and portable active stereo speaker</li>\n            <li> Free from the confines of wires and chords</li>\n            <li> 20 hours of portable capabilities</li>\n            <li> Double-ended Coil Cord with 3.5mm Stereo Plugs Included</li>\n            <li> 3/4″ Dome Tweeters: 2X and 4″ Woofer: 1X</li></ul>','<p>Short Hooded Coat features a straight body, large pockets with button flaps, ventilation air holes, and a string detail along the hemline. The style is completed with a drawstring hood, featuring Rains’ signature built-in cap. Made from waterproof, matte PU, this lightweight unisex rain jacket is an ode to nostalgia through its classic silhouette and utilitarian design details.</p>\n                                <p>- Casual unisex fit</p>\n\n                                <p>- 64% polyester, 36% polyurethane</p>\n\n                                <p>- Water column pressure: 4000 mm</p>\n\n                                <p>- Model is 187cm tall and wearing a size S / M</p>\n\n                                <p>- Unisex fit</p>\n\n                                <p>- Drawstring hood with built-in cap</p>\n\n                                <p>- Front placket with snap buttons</p>\n\n                                <p>- Ventilation under armpit</p>\n\n                                <p>- Adjustable cuffs</p>\n\n                                <p>- Double welted front pockets</p>\n\n                                <p>- Adjustable elastic string at hempen</p>\n\n                                <p>- Ultrasonically welded seams</p>\n\n                                <p>This is a unisex item, please check our clothing &amp; footwear sizing guide for specific Rains jacket sizing information. RAINS comes from the rainy nation of Denmark at the edge of the European continent, close to the ocean and with prevailing westerly winds; all factors that contribute to an average of 121 rain days each year. Arising from these rainy weather conditions comes the attitude that a quick rain shower may be beautiful, as well as moody- but first and foremost requires the right outfit. Rains focus on the whole experience of going outside on rainy days, issuing an invitation to explore even in the most mercurial weather.</p>','published','[\"products\\/5.jpg\",\"products\\/5-1.jpg\",\"products\\/5-2.jpg\",\"products\\/5-3.jpg\"]','SW-108-A0',0,13,0,1,1,3,0,0,840,NULL,NULL,NULL,14.00,20.00,16.00,537.00,NULL,35410,'2023-10-30 01:29:55','2023-10-30 01:30:05','in_stock',0,'Botble\\ACL\\Models\\User',NULL,'digital',NULL,NULL,0,3,0),(6,'Nikon HD camera','<ul><li> Unrestrained and portable active stereo speaker</li>\n            <li> Free from the confines of wires and chords</li>\n            <li> 20 hours of portable capabilities</li>\n            <li> Double-ended Coil Cord with 3.5mm Stereo Plugs Included</li>\n            <li> 3/4″ Dome Tweeters: 2X and 4″ Woofer: 1X</li></ul>','<p>Short Hooded Coat features a straight body, large pockets with button flaps, ventilation air holes, and a string detail along the hemline. The style is completed with a drawstring hood, featuring Rains’ signature built-in cap. Made from waterproof, matte PU, this lightweight unisex rain jacket is an ode to nostalgia through its classic silhouette and utilitarian design details.</p>\n                                <p>- Casual unisex fit</p>\n\n                                <p>- 64% polyester, 36% polyurethane</p>\n\n                                <p>- Water column pressure: 4000 mm</p>\n\n                                <p>- Model is 187cm tall and wearing a size S / M</p>\n\n                                <p>- Unisex fit</p>\n\n                                <p>- Drawstring hood with built-in cap</p>\n\n                                <p>- Front placket with snap buttons</p>\n\n                                <p>- Ventilation under armpit</p>\n\n                                <p>- Adjustable cuffs</p>\n\n                                <p>- Double welted front pockets</p>\n\n                                <p>- Adjustable elastic string at hempen</p>\n\n                                <p>- Ultrasonically welded seams</p>\n\n                                <p>This is a unisex item, please check our clothing &amp; footwear sizing guide for specific Rains jacket sizing information. RAINS comes from the rainy nation of Denmark at the edge of the European continent, close to the ocean and with prevailing westerly winds; all factors that contribute to an average of 121 rain days each year. Arising from these rainy weather conditions comes the attitude that a quick rain shower may be beautiful, as well as moody- but first and foremost requires the right outfit. Rains focus on the whole experience of going outside on rainy days, issuing an invitation to explore even in the most mercurial weather.</p>','published','[\"products\\/6.jpg\"]','SW-104-A0',0,13,0,1,1,1,0,0,427,NULL,NULL,NULL,12.00,19.00,14.00,557.00,NULL,23080,'2023-10-30 01:29:55','2023-10-30 01:30:05','in_stock',0,'Botble\\ACL\\Models\\User',NULL,'physical',NULL,NULL,0,3,0),(7,'Audio Equipment','<ul><li> Unrestrained and portable active stereo speaker</li>\n            <li> Free from the confines of wires and chords</li>\n            <li> 20 hours of portable capabilities</li>\n            <li> Double-ended Coil Cord with 3.5mm Stereo Plugs Included</li>\n            <li> 3/4″ Dome Tweeters: 2X and 4″ Woofer: 1X</li></ul>','<p>Short Hooded Coat features a straight body, large pockets with button flaps, ventilation air holes, and a string detail along the hemline. The style is completed with a drawstring hood, featuring Rains’ signature built-in cap. Made from waterproof, matte PU, this lightweight unisex rain jacket is an ode to nostalgia through its classic silhouette and utilitarian design details.</p>\n                                <p>- Casual unisex fit</p>\n\n                                <p>- 64% polyester, 36% polyurethane</p>\n\n                                <p>- Water column pressure: 4000 mm</p>\n\n                                <p>- Model is 187cm tall and wearing a size S / M</p>\n\n                                <p>- Unisex fit</p>\n\n                                <p>- Drawstring hood with built-in cap</p>\n\n                                <p>- Front placket with snap buttons</p>\n\n                                <p>- Ventilation under armpit</p>\n\n                                <p>- Adjustable cuffs</p>\n\n                                <p>- Double welted front pockets</p>\n\n                                <p>- Adjustable elastic string at hempen</p>\n\n                                <p>- Ultrasonically welded seams</p>\n\n                                <p>This is a unisex item, please check our clothing &amp; footwear sizing guide for specific Rains jacket sizing information. RAINS comes from the rainy nation of Denmark at the edge of the European continent, close to the ocean and with prevailing westerly winds; all factors that contribute to an average of 121 rain days each year. Arising from these rainy weather conditions comes the attitude that a quick rain shower may be beautiful, as well as moody- but first and foremost requires the right outfit. Rains focus on the whole experience of going outside on rainy days, issuing an invitation to explore even in the most mercurial weather.</p>','published','[\"products\\/7.jpg\"]','SW-172-A0',0,17,0,1,1,7,0,0,599,NULL,NULL,NULL,14.00,20.00,10.00,559.00,NULL,112547,'2023-10-30 01:29:55','2023-10-30 01:30:05','in_stock',0,'Botble\\ACL\\Models\\User',NULL,'physical',NULL,NULL,0,1,0),(8,'Smart Televisions','<ul><li> Unrestrained and portable active stereo speaker</li>\n            <li> Free from the confines of wires and chords</li>\n            <li> 20 hours of portable capabilities</li>\n            <li> Double-ended Coil Cord with 3.5mm Stereo Plugs Included</li>\n            <li> 3/4″ Dome Tweeters: 2X and 4″ Woofer: 1X</li></ul>','<p>Short Hooded Coat features a straight body, large pockets with button flaps, ventilation air holes, and a string detail along the hemline. The style is completed with a drawstring hood, featuring Rains’ signature built-in cap. Made from waterproof, matte PU, this lightweight unisex rain jacket is an ode to nostalgia through its classic silhouette and utilitarian design details.</p>\n                                <p>- Casual unisex fit</p>\n\n                                <p>- 64% polyester, 36% polyurethane</p>\n\n                                <p>- Water column pressure: 4000 mm</p>\n\n                                <p>- Model is 187cm tall and wearing a size S / M</p>\n\n                                <p>- Unisex fit</p>\n\n                                <p>- Drawstring hood with built-in cap</p>\n\n                                <p>- Front placket with snap buttons</p>\n\n                                <p>- Ventilation under armpit</p>\n\n                                <p>- Adjustable cuffs</p>\n\n                                <p>- Double welted front pockets</p>\n\n                                <p>- Adjustable elastic string at hempen</p>\n\n                                <p>- Ultrasonically welded seams</p>\n\n                                <p>This is a unisex item, please check our clothing &amp; footwear sizing guide for specific Rains jacket sizing information. RAINS comes from the rainy nation of Denmark at the edge of the European continent, close to the ocean and with prevailing westerly winds; all factors that contribute to an average of 121 rain days each year. Arising from these rainy weather conditions comes the attitude that a quick rain shower may be beautiful, as well as moody- but first and foremost requires the right outfit. Rains focus on the whole experience of going outside on rainy days, issuing an invitation to explore even in the most mercurial weather.</p>','published','[\"products\\/8.jpg\",\"products\\/8-1.jpg\",\"products\\/8-2.jpg\",\"products\\/8-3.jpg\"]','SW-128-A0',0,20,0,1,1,1,0,0,1294,983.44,NULL,NULL,14.00,11.00,18.00,832.00,NULL,108890,'2023-10-30 01:29:55','2023-10-30 01:30:05','in_stock',0,'Botble\\ACL\\Models\\User',NULL,'physical',NULL,NULL,0,1,0),(9,'Samsung Smart Phone (Digital)','<ul><li> Unrestrained and portable active stereo speaker</li>\n            <li> Free from the confines of wires and chords</li>\n            <li> 20 hours of portable capabilities</li>\n            <li> Double-ended Coil Cord with 3.5mm Stereo Plugs Included</li>\n            <li> 3/4″ Dome Tweeters: 2X and 4″ Woofer: 1X</li></ul>','<p>Short Hooded Coat features a straight body, large pockets with button flaps, ventilation air holes, and a string detail along the hemline. The style is completed with a drawstring hood, featuring Rains’ signature built-in cap. Made from waterproof, matte PU, this lightweight unisex rain jacket is an ode to nostalgia through its classic silhouette and utilitarian design details.</p>\n                                <p>- Casual unisex fit</p>\n\n                                <p>- 64% polyester, 36% polyurethane</p>\n\n                                <p>- Water column pressure: 4000 mm</p>\n\n                                <p>- Model is 187cm tall and wearing a size S / M</p>\n\n                                <p>- Unisex fit</p>\n\n                                <p>- Drawstring hood with built-in cap</p>\n\n                                <p>- Front placket with snap buttons</p>\n\n                                <p>- Ventilation under armpit</p>\n\n                                <p>- Adjustable cuffs</p>\n\n                                <p>- Double welted front pockets</p>\n\n                                <p>- Adjustable elastic string at hempen</p>\n\n                                <p>- Ultrasonically welded seams</p>\n\n                                <p>This is a unisex item, please check our clothing &amp; footwear sizing guide for specific Rains jacket sizing information. RAINS comes from the rainy nation of Denmark at the edge of the European continent, close to the ocean and with prevailing westerly winds; all factors that contribute to an average of 121 rain days each year. Arising from these rainy weather conditions comes the attitude that a quick rain shower may be beautiful, as well as moody- but first and foremost requires the right outfit. Rains focus on the whole experience of going outside on rainy days, issuing an invitation to explore even in the most mercurial weather.</p>','published','[\"products\\/9.jpg\",\"products\\/9-1.jpg\",\"products\\/9-2.jpg\"]','SW-121-A0',0,11,0,1,1,3,0,0,528,NULL,NULL,NULL,12.00,16.00,13.00,729.00,NULL,135814,'2023-10-30 01:29:55','2023-10-30 01:30:05','in_stock',0,'Botble\\ACL\\Models\\User',NULL,'digital',NULL,NULL,0,1,0),(10,'Herschel Leather Duffle Bag In Brown Color','<ul><li> Unrestrained and portable active stereo speaker</li>\n            <li> Free from the confines of wires and chords</li>\n            <li> 20 hours of portable capabilities</li>\n            <li> Double-ended Coil Cord with 3.5mm Stereo Plugs Included</li>\n            <li> 3/4″ Dome Tweeters: 2X and 4″ Woofer: 1X</li></ul>','<p>Short Hooded Coat features a straight body, large pockets with button flaps, ventilation air holes, and a string detail along the hemline. The style is completed with a drawstring hood, featuring Rains’ signature built-in cap. Made from waterproof, matte PU, this lightweight unisex rain jacket is an ode to nostalgia through its classic silhouette and utilitarian design details.</p>\n                                <p>- Casual unisex fit</p>\n\n                                <p>- 64% polyester, 36% polyurethane</p>\n\n                                <p>- Water column pressure: 4000 mm</p>\n\n                                <p>- Model is 187cm tall and wearing a size S / M</p>\n\n                                <p>- Unisex fit</p>\n\n                                <p>- Drawstring hood with built-in cap</p>\n\n                                <p>- Front placket with snap buttons</p>\n\n                                <p>- Ventilation under armpit</p>\n\n                                <p>- Adjustable cuffs</p>\n\n                                <p>- Double welted front pockets</p>\n\n                                <p>- Adjustable elastic string at hempen</p>\n\n                                <p>- Ultrasonically welded seams</p>\n\n                                <p>This is a unisex item, please check our clothing &amp; footwear sizing guide for specific Rains jacket sizing information. RAINS comes from the rainy nation of Denmark at the edge of the European continent, close to the ocean and with prevailing westerly winds; all factors that contribute to an average of 121 rain days each year. Arising from these rainy weather conditions comes the attitude that a quick rain shower may be beautiful, as well as moody- but first and foremost requires the right outfit. Rains focus on the whole experience of going outside on rainy days, issuing an invitation to explore even in the most mercurial weather.</p>','published','[\"products\\/10.jpg\",\"products\\/10-1.jpg\",\"products\\/10-2.jpg\"]','SW-132-A0',0,15,0,1,0,2,0,0,1294,NULL,NULL,NULL,16.00,12.00,17.00,882.00,NULL,131409,'2023-10-30 01:29:55','2023-10-30 01:30:05','in_stock',0,'Botble\\ACL\\Models\\User',NULL,'physical',NULL,NULL,0,3,0),(11,'Xbox One Wireless Controller Black Color','<ul><li> Unrestrained and portable active stereo speaker</li>\n            <li> Free from the confines of wires and chords</li>\n            <li> 20 hours of portable capabilities</li>\n            <li> Double-ended Coil Cord with 3.5mm Stereo Plugs Included</li>\n            <li> 3/4″ Dome Tweeters: 2X and 4″ Woofer: 1X</li></ul>','<p>Short Hooded Coat features a straight body, large pockets with button flaps, ventilation air holes, and a string detail along the hemline. The style is completed with a drawstring hood, featuring Rains’ signature built-in cap. Made from waterproof, matte PU, this lightweight unisex rain jacket is an ode to nostalgia through its classic silhouette and utilitarian design details.</p>\n                                <p>- Casual unisex fit</p>\n\n                                <p>- 64% polyester, 36% polyurethane</p>\n\n                                <p>- Water column pressure: 4000 mm</p>\n\n                                <p>- Model is 187cm tall and wearing a size S / M</p>\n\n                                <p>- Unisex fit</p>\n\n                                <p>- Drawstring hood with built-in cap</p>\n\n                                <p>- Front placket with snap buttons</p>\n\n                                <p>- Ventilation under armpit</p>\n\n                                <p>- Adjustable cuffs</p>\n\n                                <p>- Double welted front pockets</p>\n\n                                <p>- Adjustable elastic string at hempen</p>\n\n                                <p>- Ultrasonically welded seams</p>\n\n                                <p>This is a unisex item, please check our clothing &amp; footwear sizing guide for specific Rains jacket sizing information. RAINS comes from the rainy nation of Denmark at the edge of the European continent, close to the ocean and with prevailing westerly winds; all factors that contribute to an average of 121 rain days each year. Arising from these rainy weather conditions comes the attitude that a quick rain shower may be beautiful, as well as moody- but first and foremost requires the right outfit. Rains focus on the whole experience of going outside on rainy days, issuing an invitation to explore even in the most mercurial weather.</p>','published','[\"products\\/11.jpg\",\"products\\/11-1.jpg\",\"products\\/11-2.jpg\",\"products\\/11-3.jpg\"]','SW-193-A0',0,17,0,1,0,5,0,0,1297,NULL,NULL,NULL,13.00,18.00,16.00,744.00,NULL,8279,'2023-10-30 01:29:55','2023-10-30 01:30:05','in_stock',0,'Botble\\ACL\\Models\\User',NULL,'physical',NULL,NULL,0,2,0),(12,'EPSION Plaster Printer','<ul><li> Unrestrained and portable active stereo speaker</li>\n            <li> Free from the confines of wires and chords</li>\n            <li> 20 hours of portable capabilities</li>\n            <li> Double-ended Coil Cord with 3.5mm Stereo Plugs Included</li>\n            <li> 3/4″ Dome Tweeters: 2X and 4″ Woofer: 1X</li></ul>','<p>Short Hooded Coat features a straight body, large pockets with button flaps, ventilation air holes, and a string detail along the hemline. The style is completed with a drawstring hood, featuring Rains’ signature built-in cap. Made from waterproof, matte PU, this lightweight unisex rain jacket is an ode to nostalgia through its classic silhouette and utilitarian design details.</p>\n                                <p>- Casual unisex fit</p>\n\n                                <p>- 64% polyester, 36% polyurethane</p>\n\n                                <p>- Water column pressure: 4000 mm</p>\n\n                                <p>- Model is 187cm tall and wearing a size S / M</p>\n\n                                <p>- Unisex fit</p>\n\n                                <p>- Drawstring hood with built-in cap</p>\n\n                                <p>- Front placket with snap buttons</p>\n\n                                <p>- Ventilation under armpit</p>\n\n                                <p>- Adjustable cuffs</p>\n\n                                <p>- Double welted front pockets</p>\n\n                                <p>- Adjustable elastic string at hempen</p>\n\n                                <p>- Ultrasonically welded seams</p>\n\n                                <p>This is a unisex item, please check our clothing &amp; footwear sizing guide for specific Rains jacket sizing information. RAINS comes from the rainy nation of Denmark at the edge of the European continent, close to the ocean and with prevailing westerly winds; all factors that contribute to an average of 121 rain days each year. Arising from these rainy weather conditions comes the attitude that a quick rain shower may be beautiful, as well as moody- but first and foremost requires the right outfit. Rains focus on the whole experience of going outside on rainy days, issuing an invitation to explore even in the most mercurial weather.</p>','published','[\"products\\/12.jpg\",\"products\\/12-1.jpg\",\"products\\/12-2.jpg\",\"products\\/12-3.jpg\"]','SW-171-A0',0,10,0,1,0,3,0,0,589,506.54,NULL,NULL,11.00,15.00,19.00,838.00,NULL,89224,'2023-10-30 01:29:55','2023-10-30 01:30:05','in_stock',0,'Botble\\ACL\\Models\\User',NULL,'physical',NULL,NULL,0,3,0),(13,'Sound Intone I65 Earphone White Version (Digital)','<ul><li> Unrestrained and portable active stereo speaker</li>\n            <li> Free from the confines of wires and chords</li>\n            <li> 20 hours of portable capabilities</li>\n            <li> Double-ended Coil Cord with 3.5mm Stereo Plugs Included</li>\n            <li> 3/4″ Dome Tweeters: 2X and 4″ Woofer: 1X</li></ul>','<p>Short Hooded Coat features a straight body, large pockets with button flaps, ventilation air holes, and a string detail along the hemline. The style is completed with a drawstring hood, featuring Rains’ signature built-in cap. Made from waterproof, matte PU, this lightweight unisex rain jacket is an ode to nostalgia through its classic silhouette and utilitarian design details.</p>\n                                <p>- Casual unisex fit</p>\n\n                                <p>- 64% polyester, 36% polyurethane</p>\n\n                                <p>- Water column pressure: 4000 mm</p>\n\n                                <p>- Model is 187cm tall and wearing a size S / M</p>\n\n                                <p>- Unisex fit</p>\n\n                                <p>- Drawstring hood with built-in cap</p>\n\n                                <p>- Front placket with snap buttons</p>\n\n                                <p>- Ventilation under armpit</p>\n\n                                <p>- Adjustable cuffs</p>\n\n                                <p>- Double welted front pockets</p>\n\n                                <p>- Adjustable elastic string at hempen</p>\n\n                                <p>- Ultrasonically welded seams</p>\n\n                                <p>This is a unisex item, please check our clothing &amp; footwear sizing guide for specific Rains jacket sizing information. RAINS comes from the rainy nation of Denmark at the edge of the European continent, close to the ocean and with prevailing westerly winds; all factors that contribute to an average of 121 rain days each year. Arising from these rainy weather conditions comes the attitude that a quick rain shower may be beautiful, as well as moody- but first and foremost requires the right outfit. Rains focus on the whole experience of going outside on rainy days, issuing an invitation to explore even in the most mercurial weather.</p>','published','[\"products\\/13.jpg\",\"products\\/13-1.jpg\"]','SW-173-A0',0,17,0,1,0,7,0,0,566,NULL,NULL,NULL,12.00,13.00,16.00,792.00,NULL,145673,'2023-10-30 01:29:55','2023-10-30 01:30:05','in_stock',0,'Botble\\ACL\\Models\\User',NULL,'digital',NULL,NULL,0,1,0),(14,'B&amp;O Play Mini Bluetooth Speaker','<ul><li> Unrestrained and portable active stereo speaker</li>\n            <li> Free from the confines of wires and chords</li>\n            <li> 20 hours of portable capabilities</li>\n            <li> Double-ended Coil Cord with 3.5mm Stereo Plugs Included</li>\n            <li> 3/4″ Dome Tweeters: 2X and 4″ Woofer: 1X</li></ul>','<p>Short Hooded Coat features a straight body, large pockets with button flaps, ventilation air holes, and a string detail along the hemline. The style is completed with a drawstring hood, featuring Rains’ signature built-in cap. Made from waterproof, matte PU, this lightweight unisex rain jacket is an ode to nostalgia through its classic silhouette and utilitarian design details.</p>\n                                <p>- Casual unisex fit</p>\n\n                                <p>- 64% polyester, 36% polyurethane</p>\n\n                                <p>- Water column pressure: 4000 mm</p>\n\n                                <p>- Model is 187cm tall and wearing a size S / M</p>\n\n                                <p>- Unisex fit</p>\n\n                                <p>- Drawstring hood with built-in cap</p>\n\n                                <p>- Front placket with snap buttons</p>\n\n                                <p>- Ventilation under armpit</p>\n\n                                <p>- Adjustable cuffs</p>\n\n                                <p>- Double welted front pockets</p>\n\n                                <p>- Adjustable elastic string at hempen</p>\n\n                                <p>- Ultrasonically welded seams</p>\n\n                                <p>This is a unisex item, please check our clothing &amp; footwear sizing guide for specific Rains jacket sizing information. RAINS comes from the rainy nation of Denmark at the edge of the European continent, close to the ocean and with prevailing westerly winds; all factors that contribute to an average of 121 rain days each year. Arising from these rainy weather conditions comes the attitude that a quick rain shower may be beautiful, as well as moody- but first and foremost requires the right outfit. Rains focus on the whole experience of going outside on rainy days, issuing an invitation to explore even in the most mercurial weather.</p>','published','[\"products\\/14.jpg\"]','SW-113-A0',0,13,0,1,0,4,0,0,541,NULL,NULL,NULL,11.00,17.00,18.00,776.00,NULL,197446,'2023-10-30 01:29:55','2023-10-30 01:30:05','in_stock',0,'Botble\\ACL\\Models\\User',NULL,'physical',NULL,NULL,0,2,0),(15,'Apple MacBook Air Retina 13.3-Inch Laptop','<ul><li> Unrestrained and portable active stereo speaker</li>\n            <li> Free from the confines of wires and chords</li>\n            <li> 20 hours of portable capabilities</li>\n            <li> Double-ended Coil Cord with 3.5mm Stereo Plugs Included</li>\n            <li> 3/4″ Dome Tweeters: 2X and 4″ Woofer: 1X</li></ul>','<p>Short Hooded Coat features a straight body, large pockets with button flaps, ventilation air holes, and a string detail along the hemline. The style is completed with a drawstring hood, featuring Rains’ signature built-in cap. Made from waterproof, matte PU, this lightweight unisex rain jacket is an ode to nostalgia through its classic silhouette and utilitarian design details.</p>\n                                <p>- Casual unisex fit</p>\n\n                                <p>- 64% polyester, 36% polyurethane</p>\n\n                                <p>- Water column pressure: 4000 mm</p>\n\n                                <p>- Model is 187cm tall and wearing a size S / M</p>\n\n                                <p>- Unisex fit</p>\n\n                                <p>- Drawstring hood with built-in cap</p>\n\n                                <p>- Front placket with snap buttons</p>\n\n                                <p>- Ventilation under armpit</p>\n\n                                <p>- Adjustable cuffs</p>\n\n                                <p>- Double welted front pockets</p>\n\n                                <p>- Adjustable elastic string at hempen</p>\n\n                                <p>- Ultrasonically welded seams</p>\n\n                                <p>This is a unisex item, please check our clothing &amp; footwear sizing guide for specific Rains jacket sizing information. RAINS comes from the rainy nation of Denmark at the edge of the European continent, close to the ocean and with prevailing westerly winds; all factors that contribute to an average of 121 rain days each year. Arising from these rainy weather conditions comes the attitude that a quick rain shower may be beautiful, as well as moody- but first and foremost requires the right outfit. Rains focus on the whole experience of going outside on rainy days, issuing an invitation to explore even in the most mercurial weather.</p>','published','[\"products\\/15.jpg\",\"products\\/15-1.jpg\"]','SW-132-A0',0,20,0,1,0,2,0,0,594,NULL,NULL,NULL,15.00,17.00,10.00,776.00,NULL,182148,'2023-10-30 01:29:55','2023-10-30 01:30:05','in_stock',0,'Botble\\ACL\\Models\\User',NULL,'physical',NULL,NULL,0,3,0),(16,'Apple MacBook Air Retina 12-Inch Laptop','<ul><li> Unrestrained and portable active stereo speaker</li>\n            <li> Free from the confines of wires and chords</li>\n            <li> 20 hours of portable capabilities</li>\n            <li> Double-ended Coil Cord with 3.5mm Stereo Plugs Included</li>\n            <li> 3/4″ Dome Tweeters: 2X and 4″ Woofer: 1X</li></ul>','<p>Short Hooded Coat features a straight body, large pockets with button flaps, ventilation air holes, and a string detail along the hemline. The style is completed with a drawstring hood, featuring Rains’ signature built-in cap. Made from waterproof, matte PU, this lightweight unisex rain jacket is an ode to nostalgia through its classic silhouette and utilitarian design details.</p>\n                                <p>- Casual unisex fit</p>\n\n                                <p>- 64% polyester, 36% polyurethane</p>\n\n                                <p>- Water column pressure: 4000 mm</p>\n\n                                <p>- Model is 187cm tall and wearing a size S / M</p>\n\n                                <p>- Unisex fit</p>\n\n                                <p>- Drawstring hood with built-in cap</p>\n\n                                <p>- Front placket with snap buttons</p>\n\n                                <p>- Ventilation under armpit</p>\n\n                                <p>- Adjustable cuffs</p>\n\n                                <p>- Double welted front pockets</p>\n\n                                <p>- Adjustable elastic string at hempen</p>\n\n                                <p>- Ultrasonically welded seams</p>\n\n                                <p>This is a unisex item, please check our clothing &amp; footwear sizing guide for specific Rains jacket sizing information. RAINS comes from the rainy nation of Denmark at the edge of the European continent, close to the ocean and with prevailing westerly winds; all factors that contribute to an average of 121 rain days each year. Arising from these rainy weather conditions comes the attitude that a quick rain shower may be beautiful, as well as moody- but first and foremost requires the right outfit. Rains focus on the whole experience of going outside on rainy days, issuing an invitation to explore even in the most mercurial weather.</p>','published','[\"products\\/16.jpg\"]','SW-146-A0',0,12,0,1,0,1,0,0,583,408.1,NULL,NULL,20.00,11.00,20.00,814.00,NULL,123771,'2023-10-30 01:29:55','2023-10-30 01:30:05','in_stock',0,'Botble\\ACL\\Models\\User',NULL,'physical',NULL,NULL,0,2,0),(17,'Samsung Gear VR Virtual Reality Headset (Digital)','<ul><li> Unrestrained and portable active stereo speaker</li>\n            <li> Free from the confines of wires and chords</li>\n            <li> 20 hours of portable capabilities</li>\n            <li> Double-ended Coil Cord with 3.5mm Stereo Plugs Included</li>\n            <li> 3/4″ Dome Tweeters: 2X and 4″ Woofer: 1X</li></ul>','<p>Short Hooded Coat features a straight body, large pockets with button flaps, ventilation air holes, and a string detail along the hemline. The style is completed with a drawstring hood, featuring Rains’ signature built-in cap. Made from waterproof, matte PU, this lightweight unisex rain jacket is an ode to nostalgia through its classic silhouette and utilitarian design details.</p>\n                                <p>- Casual unisex fit</p>\n\n                                <p>- 64% polyester, 36% polyurethane</p>\n\n                                <p>- Water column pressure: 4000 mm</p>\n\n                                <p>- Model is 187cm tall and wearing a size S / M</p>\n\n                                <p>- Unisex fit</p>\n\n                                <p>- Drawstring hood with built-in cap</p>\n\n                                <p>- Front placket with snap buttons</p>\n\n                                <p>- Ventilation under armpit</p>\n\n                                <p>- Adjustable cuffs</p>\n\n                                <p>- Double welted front pockets</p>\n\n                                <p>- Adjustable elastic string at hempen</p>\n\n                                <p>- Ultrasonically welded seams</p>\n\n                                <p>This is a unisex item, please check our clothing &amp; footwear sizing guide for specific Rains jacket sizing information. RAINS comes from the rainy nation of Denmark at the edge of the European continent, close to the ocean and with prevailing westerly winds; all factors that contribute to an average of 121 rain days each year. Arising from these rainy weather conditions comes the attitude that a quick rain shower may be beautiful, as well as moody- but first and foremost requires the right outfit. Rains focus on the whole experience of going outside on rainy days, issuing an invitation to explore even in the most mercurial weather.</p>','published','[\"products\\/17.jpg\",\"products\\/17-1.jpg\",\"products\\/17-2.jpg\",\"products\\/17-3.jpg\"]','SW-159-A0',0,12,0,1,0,4,0,0,526,NULL,NULL,NULL,20.00,10.00,15.00,864.00,NULL,124429,'2023-10-30 01:29:55','2023-10-30 01:30:05','in_stock',0,'Botble\\ACL\\Models\\User',NULL,'digital',NULL,NULL,0,3,0),(18,'Aveeno Moisturizing Body Shower 450ml','<ul><li> Unrestrained and portable active stereo speaker</li>\n            <li> Free from the confines of wires and chords</li>\n            <li> 20 hours of portable capabilities</li>\n            <li> Double-ended Coil Cord with 3.5mm Stereo Plugs Included</li>\n            <li> 3/4″ Dome Tweeters: 2X and 4″ Woofer: 1X</li></ul>','<p>Short Hooded Coat features a straight body, large pockets with button flaps, ventilation air holes, and a string detail along the hemline. The style is completed with a drawstring hood, featuring Rains’ signature built-in cap. Made from waterproof, matte PU, this lightweight unisex rain jacket is an ode to nostalgia through its classic silhouette and utilitarian design details.</p>\n                                <p>- Casual unisex fit</p>\n\n                                <p>- 64% polyester, 36% polyurethane</p>\n\n                                <p>- Water column pressure: 4000 mm</p>\n\n                                <p>- Model is 187cm tall and wearing a size S / M</p>\n\n                                <p>- Unisex fit</p>\n\n                                <p>- Drawstring hood with built-in cap</p>\n\n                                <p>- Front placket with snap buttons</p>\n\n                                <p>- Ventilation under armpit</p>\n\n                                <p>- Adjustable cuffs</p>\n\n                                <p>- Double welted front pockets</p>\n\n                                <p>- Adjustable elastic string at hempen</p>\n\n                                <p>- Ultrasonically welded seams</p>\n\n                                <p>This is a unisex item, please check our clothing &amp; footwear sizing guide for specific Rains jacket sizing information. RAINS comes from the rainy nation of Denmark at the edge of the European continent, close to the ocean and with prevailing westerly winds; all factors that contribute to an average of 121 rain days each year. Arising from these rainy weather conditions comes the attitude that a quick rain shower may be beautiful, as well as moody- but first and foremost requires the right outfit. Rains focus on the whole experience of going outside on rainy days, issuing an invitation to explore even in the most mercurial weather.</p>','published','[\"products\\/18.jpg\",\"products\\/18-1.jpg\",\"products\\/18-2.jpg\",\"products\\/18-3.jpg\"]','SW-127-A0',0,13,0,1,0,7,0,0,1064,NULL,NULL,NULL,17.00,10.00,17.00,522.00,NULL,163569,'2023-10-30 01:29:55','2023-10-30 01:30:05','in_stock',0,'Botble\\ACL\\Models\\User',NULL,'physical',NULL,NULL,0,1,0),(19,'NYX Beauty Couton Pallete Makeup 12','<ul><li> Unrestrained and portable active stereo speaker</li>\n            <li> Free from the confines of wires and chords</li>\n            <li> 20 hours of portable capabilities</li>\n            <li> Double-ended Coil Cord with 3.5mm Stereo Plugs Included</li>\n            <li> 3/4″ Dome Tweeters: 2X and 4″ Woofer: 1X</li></ul>','<p>Short Hooded Coat features a straight body, large pockets with button flaps, ventilation air holes, and a string detail along the hemline. The style is completed with a drawstring hood, featuring Rains’ signature built-in cap. Made from waterproof, matte PU, this lightweight unisex rain jacket is an ode to nostalgia through its classic silhouette and utilitarian design details.</p>\n                                <p>- Casual unisex fit</p>\n\n                                <p>- 64% polyester, 36% polyurethane</p>\n\n                                <p>- Water column pressure: 4000 mm</p>\n\n                                <p>- Model is 187cm tall and wearing a size S / M</p>\n\n                                <p>- Unisex fit</p>\n\n                                <p>- Drawstring hood with built-in cap</p>\n\n                                <p>- Front placket with snap buttons</p>\n\n                                <p>- Ventilation under armpit</p>\n\n                                <p>- Adjustable cuffs</p>\n\n                                <p>- Double welted front pockets</p>\n\n                                <p>- Adjustable elastic string at hempen</p>\n\n                                <p>- Ultrasonically welded seams</p>\n\n                                <p>This is a unisex item, please check our clothing &amp; footwear sizing guide for specific Rains jacket sizing information. RAINS comes from the rainy nation of Denmark at the edge of the European continent, close to the ocean and with prevailing westerly winds; all factors that contribute to an average of 121 rain days each year. Arising from these rainy weather conditions comes the attitude that a quick rain shower may be beautiful, as well as moody- but first and foremost requires the right outfit. Rains focus on the whole experience of going outside on rainy days, issuing an invitation to explore even in the most mercurial weather.</p>','published','[\"products\\/19.jpg\",\"products\\/19-1.jpg\",\"products\\/19-2.jpg\",\"products\\/19-3.jpg\"]','SW-194-A0',0,16,0,1,0,2,0,0,1147,NULL,NULL,NULL,13.00,15.00,19.00,743.00,NULL,9182,'2023-10-30 01:29:55','2023-10-30 01:30:05','in_stock',0,'Botble\\ACL\\Models\\User',NULL,'physical',NULL,NULL,0,2,0),(20,'NYX Beauty Couton Pallete Makeup 12','<ul><li> Unrestrained and portable active stereo speaker</li>\n            <li> Free from the confines of wires and chords</li>\n            <li> 20 hours of portable capabilities</li>\n            <li> Double-ended Coil Cord with 3.5mm Stereo Plugs Included</li>\n            <li> 3/4″ Dome Tweeters: 2X and 4″ Woofer: 1X</li></ul>','<p>Short Hooded Coat features a straight body, large pockets with button flaps, ventilation air holes, and a string detail along the hemline. The style is completed with a drawstring hood, featuring Rains’ signature built-in cap. Made from waterproof, matte PU, this lightweight unisex rain jacket is an ode to nostalgia through its classic silhouette and utilitarian design details.</p>\n                                <p>- Casual unisex fit</p>\n\n                                <p>- 64% polyester, 36% polyurethane</p>\n\n                                <p>- Water column pressure: 4000 mm</p>\n\n                                <p>- Model is 187cm tall and wearing a size S / M</p>\n\n                                <p>- Unisex fit</p>\n\n                                <p>- Drawstring hood with built-in cap</p>\n\n                                <p>- Front placket with snap buttons</p>\n\n                                <p>- Ventilation under armpit</p>\n\n                                <p>- Adjustable cuffs</p>\n\n                                <p>- Double welted front pockets</p>\n\n                                <p>- Adjustable elastic string at hempen</p>\n\n                                <p>- Ultrasonically welded seams</p>\n\n                                <p>This is a unisex item, please check our clothing &amp; footwear sizing guide for specific Rains jacket sizing information. RAINS comes from the rainy nation of Denmark at the edge of the European continent, close to the ocean and with prevailing westerly winds; all factors that contribute to an average of 121 rain days each year. Arising from these rainy weather conditions comes the attitude that a quick rain shower may be beautiful, as well as moody- but first and foremost requires the right outfit. Rains focus on the whole experience of going outside on rainy days, issuing an invitation to explore even in the most mercurial weather.</p>','published','[\"products\\/20.jpg\",\"products\\/20-1.jpg\",\"products\\/20-2.jpg\",\"products\\/20-3.jpg\"]','SW-100-A0',0,13,0,1,0,6,0,0,728,509.6,NULL,NULL,17.00,20.00,15.00,696.00,NULL,4641,'2023-10-30 01:29:55','2023-10-30 01:30:05','in_stock',0,'Botble\\ACL\\Models\\User',NULL,'physical',NULL,NULL,0,2,0),(21,'MVMTH Classical Leather Watch In Black (Digital)','<ul><li> Unrestrained and portable active stereo speaker</li>\n            <li> Free from the confines of wires and chords</li>\n            <li> 20 hours of portable capabilities</li>\n            <li> Double-ended Coil Cord with 3.5mm Stereo Plugs Included</li>\n            <li> 3/4″ Dome Tweeters: 2X and 4″ Woofer: 1X</li></ul>','<p>Short Hooded Coat features a straight body, large pockets with button flaps, ventilation air holes, and a string detail along the hemline. The style is completed with a drawstring hood, featuring Rains’ signature built-in cap. Made from waterproof, matte PU, this lightweight unisex rain jacket is an ode to nostalgia through its classic silhouette and utilitarian design details.</p>\n                                <p>- Casual unisex fit</p>\n\n                                <p>- 64% polyester, 36% polyurethane</p>\n\n                                <p>- Water column pressure: 4000 mm</p>\n\n                                <p>- Model is 187cm tall and wearing a size S / M</p>\n\n                                <p>- Unisex fit</p>\n\n                                <p>- Drawstring hood with built-in cap</p>\n\n                                <p>- Front placket with snap buttons</p>\n\n                                <p>- Ventilation under armpit</p>\n\n                                <p>- Adjustable cuffs</p>\n\n                                <p>- Double welted front pockets</p>\n\n                                <p>- Adjustable elastic string at hempen</p>\n\n                                <p>- Ultrasonically welded seams</p>\n\n                                <p>This is a unisex item, please check our clothing &amp; footwear sizing guide for specific Rains jacket sizing information. RAINS comes from the rainy nation of Denmark at the edge of the European continent, close to the ocean and with prevailing westerly winds; all factors that contribute to an average of 121 rain days each year. Arising from these rainy weather conditions comes the attitude that a quick rain shower may be beautiful, as well as moody- but first and foremost requires the right outfit. Rains focus on the whole experience of going outside on rainy days, issuing an invitation to explore even in the most mercurial weather.</p>','published','[\"products\\/21.jpg\",\"products\\/21-1.jpg\",\"products\\/21-2.jpg\"]','SW-198-A0',0,13,0,1,0,2,0,0,802,NULL,NULL,NULL,14.00,10.00,18.00,631.00,NULL,146012,'2023-10-30 01:29:55','2023-10-30 01:30:05','in_stock',0,'Botble\\ACL\\Models\\User',NULL,'digital',NULL,NULL,0,1,0),(22,'Baxter Care Hair Kit For Bearded Mens','<ul><li> Unrestrained and portable active stereo speaker</li>\n            <li> Free from the confines of wires and chords</li>\n            <li> 20 hours of portable capabilities</li>\n            <li> Double-ended Coil Cord with 3.5mm Stereo Plugs Included</li>\n            <li> 3/4″ Dome Tweeters: 2X and 4″ Woofer: 1X</li></ul>','<p>Short Hooded Coat features a straight body, large pockets with button flaps, ventilation air holes, and a string detail along the hemline. The style is completed with a drawstring hood, featuring Rains’ signature built-in cap. Made from waterproof, matte PU, this lightweight unisex rain jacket is an ode to nostalgia through its classic silhouette and utilitarian design details.</p>\n                                <p>- Casual unisex fit</p>\n\n                                <p>- 64% polyester, 36% polyurethane</p>\n\n                                <p>- Water column pressure: 4000 mm</p>\n\n                                <p>- Model is 187cm tall and wearing a size S / M</p>\n\n                                <p>- Unisex fit</p>\n\n                                <p>- Drawstring hood with built-in cap</p>\n\n                                <p>- Front placket with snap buttons</p>\n\n                                <p>- Ventilation under armpit</p>\n\n                                <p>- Adjustable cuffs</p>\n\n                                <p>- Double welted front pockets</p>\n\n                                <p>- Adjustable elastic string at hempen</p>\n\n                                <p>- Ultrasonically welded seams</p>\n\n                                <p>This is a unisex item, please check our clothing &amp; footwear sizing guide for specific Rains jacket sizing information. RAINS comes from the rainy nation of Denmark at the edge of the European continent, close to the ocean and with prevailing westerly winds; all factors that contribute to an average of 121 rain days each year. Arising from these rainy weather conditions comes the attitude that a quick rain shower may be beautiful, as well as moody- but first and foremost requires the right outfit. Rains focus on the whole experience of going outside on rainy days, issuing an invitation to explore even in the most mercurial weather.</p>','published','[\"products\\/22.jpg\",\"products\\/22-1.jpg\",\"products\\/22-2.jpg\",\"products\\/22-3.jpg\"]','SW-176-A0',0,18,0,1,0,3,0,0,643,NULL,NULL,NULL,16.00,14.00,12.00,685.00,NULL,183709,'2023-10-30 01:29:55','2023-10-30 01:30:05','in_stock',0,'Botble\\ACL\\Models\\User',NULL,'physical',NULL,NULL,0,3,0),(23,'Ciate Palemore Lipstick Bold Red Color','<ul><li> Unrestrained and portable active stereo speaker</li>\n            <li> Free from the confines of wires and chords</li>\n            <li> 20 hours of portable capabilities</li>\n            <li> Double-ended Coil Cord with 3.5mm Stereo Plugs Included</li>\n            <li> 3/4″ Dome Tweeters: 2X and 4″ Woofer: 1X</li></ul>','<p>Short Hooded Coat features a straight body, large pockets with button flaps, ventilation air holes, and a string detail along the hemline. The style is completed with a drawstring hood, featuring Rains’ signature built-in cap. Made from waterproof, matte PU, this lightweight unisex rain jacket is an ode to nostalgia through its classic silhouette and utilitarian design details.</p>\n                                <p>- Casual unisex fit</p>\n\n                                <p>- 64% polyester, 36% polyurethane</p>\n\n                                <p>- Water column pressure: 4000 mm</p>\n\n                                <p>- Model is 187cm tall and wearing a size S / M</p>\n\n                                <p>- Unisex fit</p>\n\n                                <p>- Drawstring hood with built-in cap</p>\n\n                                <p>- Front placket with snap buttons</p>\n\n                                <p>- Ventilation under armpit</p>\n\n                                <p>- Adjustable cuffs</p>\n\n                                <p>- Double welted front pockets</p>\n\n                                <p>- Adjustable elastic string at hempen</p>\n\n                                <p>- Ultrasonically welded seams</p>\n\n                                <p>This is a unisex item, please check our clothing &amp; footwear sizing guide for specific Rains jacket sizing information. RAINS comes from the rainy nation of Denmark at the edge of the European continent, close to the ocean and with prevailing westerly winds; all factors that contribute to an average of 121 rain days each year. Arising from these rainy weather conditions comes the attitude that a quick rain shower may be beautiful, as well as moody- but first and foremost requires the right outfit. Rains focus on the whole experience of going outside on rainy days, issuing an invitation to explore even in the most mercurial weather.</p>','published','[\"products\\/23.jpg\",\"products\\/23-1.jpg\",\"products\\/23-2.jpg\",\"products\\/23-3.jpg\"]','SW-104-A0',0,10,0,1,0,4,0,0,1067,NULL,NULL,NULL,16.00,14.00,11.00,604.00,NULL,52614,'2023-10-30 01:29:55','2023-10-30 01:30:05','in_stock',0,'Botble\\ACL\\Models\\User',NULL,'physical',NULL,NULL,0,2,0),(24,'Dual Camera 20MP (Digital)',NULL,NULL,'published','[\"products\\/1.jpg\"]','SW-164-A0',0,14,0,1,0,4,1,0,80.25,NULL,NULL,NULL,19.00,10.00,18.00,841.00,NULL,0,'2023-10-30 01:29:55','2023-10-30 01:30:05','in_stock',0,'Botble\\ACL\\Models\\User',NULL,'digital',NULL,NULL,0,NULL,0),(25,'Smart Watches',NULL,NULL,'published','[\"products\\/2.jpg\"]','SW-163-A0',0,18,0,1,0,7,1,0,40.5,NULL,NULL,NULL,19.00,12.00,14.00,558.00,NULL,0,'2023-10-30 01:29:55','2023-10-30 01:30:05','in_stock',0,'Botble\\ACL\\Models\\User',NULL,'physical',NULL,NULL,0,NULL,0),(26,'Beat Headphone',NULL,NULL,'published','[\"products\\/3.jpg\"]','SW-177-A0',0,19,0,1,0,5,1,0,20,NULL,NULL,NULL,18.00,16.00,16.00,507.00,NULL,0,'2023-10-30 01:29:55','2023-10-30 01:30:05','in_stock',0,'Botble\\ACL\\Models\\User',NULL,'physical',NULL,NULL,0,NULL,0),(27,'Beat Headphone',NULL,NULL,'published','[\"products\\/3.jpg\"]','SW-177-A0-A1',0,19,0,1,0,5,1,0,20,NULL,NULL,NULL,18.00,16.00,16.00,507.00,NULL,0,'2023-10-30 01:29:56','2023-10-30 01:30:05','in_stock',0,'Botble\\ACL\\Models\\User',NULL,'physical',NULL,NULL,0,NULL,0),(28,'Beat Headphone',NULL,NULL,'published','[\"products\\/3.jpg\"]','SW-177-A0-A2',0,19,0,1,0,5,1,0,20,NULL,NULL,NULL,18.00,16.00,16.00,507.00,NULL,0,'2023-10-30 01:29:56','2023-10-30 01:30:05','in_stock',0,'Botble\\ACL\\Models\\User',NULL,'physical',NULL,NULL,0,NULL,0),(29,'Red & Black Headphone',NULL,NULL,'published','[\"products\\/4.jpg\"]','SW-173-A0',0,13,0,1,0,5,1,0,545,452.35,NULL,NULL,12.00,17.00,10.00,589.00,NULL,0,'2023-10-30 01:29:56','2023-10-30 01:30:05','in_stock',0,'Botble\\ACL\\Models\\User',NULL,'physical',NULL,NULL,0,NULL,0),(30,'Red & Black Headphone',NULL,NULL,'published','[\"products\\/4-1.jpg\"]','SW-173-A0-A1',0,13,0,1,0,5,1,0,545,403.3,NULL,NULL,12.00,17.00,10.00,589.00,NULL,0,'2023-10-30 01:29:56','2023-10-30 01:30:05','in_stock',0,'Botble\\ACL\\Models\\User',NULL,'physical',NULL,NULL,0,NULL,0),(31,'Red & Black Headphone',NULL,NULL,'published','[\"products\\/4-2.jpg\"]','SW-173-A0-A2',0,13,0,1,0,5,1,0,545,485.05,NULL,NULL,12.00,17.00,10.00,589.00,NULL,0,'2023-10-30 01:29:56','2023-10-30 01:30:05','in_stock',0,'Botble\\ACL\\Models\\User',NULL,'physical',NULL,NULL,0,NULL,0),(32,'Smart Watch External (Digital)',NULL,NULL,'published','[\"products\\/5.jpg\"]','SW-108-A0',0,13,0,1,0,3,1,0,840,NULL,NULL,NULL,14.00,20.00,16.00,537.00,NULL,0,'2023-10-30 01:29:56','2023-10-30 01:30:05','in_stock',0,'Botble\\ACL\\Models\\User',NULL,'digital',NULL,NULL,0,NULL,0),(33,'Nikon HD camera',NULL,NULL,'published','[\"products\\/6.jpg\"]','SW-104-A0',0,13,0,1,0,1,1,0,427,NULL,NULL,NULL,12.00,19.00,14.00,557.00,NULL,0,'2023-10-30 01:29:56','2023-10-30 01:30:05','in_stock',0,'Botble\\ACL\\Models\\User',NULL,'physical',NULL,NULL,0,NULL,0),(34,'Nikon HD camera',NULL,NULL,'published','[\"products\\/6.jpg\"]','SW-104-A0-A1',0,13,0,1,0,1,1,0,427,NULL,NULL,NULL,12.00,19.00,14.00,557.00,NULL,0,'2023-10-30 01:29:56','2023-10-30 01:30:05','in_stock',0,'Botble\\ACL\\Models\\User',NULL,'physical',NULL,NULL,0,NULL,0),(35,'Audio Equipment',NULL,NULL,'published','[\"products\\/7.jpg\"]','SW-172-A0',0,17,0,1,0,7,1,0,599,NULL,NULL,NULL,14.00,20.00,10.00,559.00,NULL,0,'2023-10-30 01:29:56','2023-10-30 01:30:05','in_stock',0,'Botble\\ACL\\Models\\User',NULL,'physical',NULL,NULL,0,NULL,0),(36,'Audio Equipment',NULL,NULL,'published','[\"products\\/7.jpg\"]','SW-172-A0-A1',0,17,0,1,0,7,1,0,599,NULL,NULL,NULL,14.00,20.00,10.00,559.00,NULL,0,'2023-10-30 01:29:56','2023-10-30 01:30:05','in_stock',0,'Botble\\ACL\\Models\\User',NULL,'physical',NULL,NULL,0,NULL,0),(37,'Audio Equipment',NULL,NULL,'published','[\"products\\/7.jpg\"]','SW-172-A0-A2',0,17,0,1,0,7,1,0,599,NULL,NULL,NULL,14.00,20.00,10.00,559.00,NULL,0,'2023-10-30 01:29:56','2023-10-30 01:30:05','in_stock',0,'Botble\\ACL\\Models\\User',NULL,'physical',NULL,NULL,0,NULL,0),(38,'Audio Equipment',NULL,NULL,'published','[\"products\\/7.jpg\"]','SW-172-A0-A3',0,17,0,1,0,7,1,0,599,NULL,NULL,NULL,14.00,20.00,10.00,559.00,NULL,0,'2023-10-30 01:29:56','2023-10-30 01:30:05','in_stock',0,'Botble\\ACL\\Models\\User',NULL,'physical',NULL,NULL,0,NULL,0),(39,'Smart Televisions',NULL,NULL,'published','[\"products\\/8.jpg\"]','SW-128-A0',0,20,0,1,0,1,1,0,1294,983.44,NULL,NULL,14.00,11.00,18.00,832.00,NULL,0,'2023-10-30 01:29:56','2023-10-30 01:30:05','in_stock',0,'Botble\\ACL\\Models\\User',NULL,'physical',NULL,NULL,0,NULL,0),(40,'Samsung Smart Phone (Digital)',NULL,NULL,'published','[\"products\\/9.jpg\"]','SW-121-A0',0,11,0,1,0,3,1,0,528,NULL,NULL,NULL,12.00,16.00,13.00,729.00,NULL,0,'2023-10-30 01:29:56','2023-10-30 01:30:05','in_stock',0,'Botble\\ACL\\Models\\User',NULL,'digital',NULL,NULL,0,NULL,0),(41,'Samsung Smart Phone (Digital)',NULL,NULL,'published','[\"products\\/9-1.jpg\"]','SW-121-A0-A1',0,11,0,1,0,3,1,0,528,NULL,NULL,NULL,12.00,16.00,13.00,729.00,NULL,0,'2023-10-30 01:29:56','2023-10-30 01:30:05','in_stock',0,'Botble\\ACL\\Models\\User',NULL,'digital',NULL,NULL,0,NULL,0),(42,'Samsung Smart Phone (Digital)',NULL,NULL,'published','[\"products\\/9-2.jpg\"]','SW-121-A0-A2',0,11,0,1,0,3,1,0,528,NULL,NULL,NULL,12.00,16.00,13.00,729.00,NULL,0,'2023-10-30 01:29:56','2023-10-30 01:30:05','in_stock',0,'Botble\\ACL\\Models\\User',NULL,'digital',NULL,NULL,0,NULL,0),(43,'Herschel Leather Duffle Bag In Brown Color',NULL,NULL,'published','[\"products\\/10.jpg\"]','SW-132-A0',0,15,0,1,0,2,1,0,1294,NULL,NULL,NULL,16.00,12.00,17.00,882.00,NULL,0,'2023-10-30 01:29:56','2023-10-30 01:30:05','in_stock',0,'Botble\\ACL\\Models\\User',NULL,'physical',NULL,NULL,0,NULL,0),(44,'Herschel Leather Duffle Bag In Brown Color',NULL,NULL,'published','[\"products\\/10-1.jpg\"]','SW-132-A0-A1',0,15,0,1,0,2,1,0,1294,NULL,NULL,NULL,16.00,12.00,17.00,882.00,NULL,0,'2023-10-30 01:29:56','2023-10-30 01:30:05','in_stock',0,'Botble\\ACL\\Models\\User',NULL,'physical',NULL,NULL,0,NULL,0),(45,'Herschel Leather Duffle Bag In Brown Color',NULL,NULL,'published','[\"products\\/10-2.jpg\"]','SW-132-A0-A2',0,15,0,1,0,2,1,0,1294,NULL,NULL,NULL,16.00,12.00,17.00,882.00,NULL,0,'2023-10-30 01:29:56','2023-10-30 01:30:05','in_stock',0,'Botble\\ACL\\Models\\User',NULL,'physical',NULL,NULL,0,NULL,0),(46,'Xbox One Wireless Controller Black Color',NULL,NULL,'published','[\"products\\/11.jpg\"]','SW-193-A0',0,17,0,1,0,5,1,0,1297,NULL,NULL,NULL,13.00,18.00,16.00,744.00,NULL,0,'2023-10-30 01:29:56','2023-10-30 01:30:05','in_stock',0,'Botble\\ACL\\Models\\User',NULL,'physical',NULL,NULL,0,NULL,0),(47,'Xbox One Wireless Controller Black Color',NULL,NULL,'published','[\"products\\/11-1.jpg\"]','SW-193-A0-A1',0,17,0,1,0,5,1,0,1297,NULL,NULL,NULL,13.00,18.00,16.00,744.00,NULL,0,'2023-10-30 01:29:56','2023-10-30 01:30:05','in_stock',0,'Botble\\ACL\\Models\\User',NULL,'physical',NULL,NULL,0,NULL,0),(48,'Xbox One Wireless Controller Black Color',NULL,NULL,'published','[\"products\\/11-2.jpg\"]','SW-193-A0-A2',0,17,0,1,0,5,1,0,1297,NULL,NULL,NULL,13.00,18.00,16.00,744.00,NULL,0,'2023-10-30 01:29:56','2023-10-30 01:30:05','in_stock',0,'Botble\\ACL\\Models\\User',NULL,'physical',NULL,NULL,0,NULL,0),(49,'Xbox One Wireless Controller Black Color',NULL,NULL,'published','[\"products\\/11-3.jpg\"]','SW-193-A0-A3',0,17,0,1,0,5,1,0,1297,NULL,NULL,NULL,13.00,18.00,16.00,744.00,NULL,0,'2023-10-30 01:29:56','2023-10-30 01:30:05','in_stock',0,'Botble\\ACL\\Models\\User',NULL,'physical',NULL,NULL,0,NULL,0),(50,'EPSION Plaster Printer',NULL,NULL,'published','[\"products\\/12.jpg\"]','SW-171-A0',0,10,0,1,0,3,1,0,589,506.54,NULL,NULL,11.00,15.00,19.00,838.00,NULL,0,'2023-10-30 01:29:56','2023-10-30 01:30:05','in_stock',0,'Botble\\ACL\\Models\\User',NULL,'physical',NULL,NULL,0,NULL,0),(51,'EPSION Plaster Printer',NULL,NULL,'published','[\"products\\/12-1.jpg\"]','SW-171-A0-A1',0,10,0,1,0,3,1,0,589,477.09,NULL,NULL,11.00,15.00,19.00,838.00,NULL,0,'2023-10-30 01:29:56','2023-10-30 01:30:05','in_stock',0,'Botble\\ACL\\Models\\User',NULL,'physical',NULL,NULL,0,NULL,0),(52,'EPSION Plaster Printer',NULL,NULL,'published','[\"products\\/12-2.jpg\"]','SW-171-A0-A2',0,10,0,1,0,3,1,0,589,482.98,NULL,NULL,11.00,15.00,19.00,838.00,NULL,0,'2023-10-30 01:29:56','2023-10-30 01:30:05','in_stock',0,'Botble\\ACL\\Models\\User',NULL,'physical',NULL,NULL,0,NULL,0),(53,'EPSION Plaster Printer',NULL,NULL,'published','[\"products\\/12-3.jpg\"]','SW-171-A0-A3',0,10,0,1,0,3,1,0,589,453.53,NULL,NULL,11.00,15.00,19.00,838.00,NULL,0,'2023-10-30 01:29:56','2023-10-30 01:30:05','in_stock',0,'Botble\\ACL\\Models\\User',NULL,'physical',NULL,NULL,0,NULL,0),(54,'Sound Intone I65 Earphone White Version (Digital)',NULL,NULL,'published','[\"products\\/13.jpg\"]','SW-173-A0',0,17,0,1,0,7,1,0,566,NULL,NULL,NULL,12.00,13.00,16.00,792.00,NULL,0,'2023-10-30 01:29:56','2023-10-30 01:30:05','in_stock',0,'Botble\\ACL\\Models\\User',NULL,'digital',NULL,NULL,0,NULL,0),(55,'Sound Intone I65 Earphone White Version (Digital)',NULL,NULL,'published','[\"products\\/13-1.jpg\"]','SW-173-A0-A1',0,17,0,1,0,7,1,0,566,NULL,NULL,NULL,12.00,13.00,16.00,792.00,NULL,0,'2023-10-30 01:29:56','2023-10-30 01:30:05','in_stock',0,'Botble\\ACL\\Models\\User',NULL,'digital',NULL,NULL,0,NULL,0),(56,'Sound Intone I65 Earphone White Version (Digital)',NULL,NULL,'published','[\"products\\/13.jpg\"]','SW-173-A0-A2',0,17,0,1,0,7,1,0,566,NULL,NULL,NULL,12.00,13.00,16.00,792.00,NULL,0,'2023-10-30 01:29:56','2023-10-30 01:30:05','in_stock',0,'Botble\\ACL\\Models\\User',NULL,'digital',NULL,NULL,0,NULL,0),(57,'B&O Play Mini Bluetooth Speaker',NULL,NULL,'published','[\"products\\/14.jpg\"]','SW-113-A0',0,13,0,1,0,4,1,0,541,NULL,NULL,NULL,11.00,17.00,18.00,776.00,NULL,0,'2023-10-30 01:29:56','2023-10-30 01:30:05','in_stock',0,'Botble\\ACL\\Models\\User',NULL,'physical',NULL,NULL,0,NULL,0),(58,'B&O Play Mini Bluetooth Speaker',NULL,NULL,'published','[\"products\\/14.jpg\"]','SW-113-A0-A1',0,13,0,1,0,4,1,0,541,NULL,NULL,NULL,11.00,17.00,18.00,776.00,NULL,0,'2023-10-30 01:29:56','2023-10-30 01:30:05','in_stock',0,'Botble\\ACL\\Models\\User',NULL,'physical',NULL,NULL,0,NULL,0),(59,'Apple MacBook Air Retina 13.3-Inch Laptop',NULL,NULL,'published','[\"products\\/15.jpg\"]','SW-132-A0',0,20,0,1,0,2,1,0,594,NULL,NULL,NULL,15.00,17.00,10.00,776.00,NULL,0,'2023-10-30 01:29:56','2023-10-30 01:30:05','in_stock',0,'Botble\\ACL\\Models\\User',NULL,'physical',NULL,NULL,0,NULL,0),(60,'Apple MacBook Air Retina 13.3-Inch Laptop',NULL,NULL,'published','[\"products\\/15-1.jpg\"]','SW-132-A0-A1',0,20,0,1,0,2,1,0,594,NULL,NULL,NULL,15.00,17.00,10.00,776.00,NULL,0,'2023-10-30 01:29:56','2023-10-30 01:30:05','in_stock',0,'Botble\\ACL\\Models\\User',NULL,'physical',NULL,NULL,0,NULL,0),(61,'Apple MacBook Air Retina 13.3-Inch Laptop',NULL,NULL,'published','[\"products\\/15.jpg\"]','SW-132-A0-A2',0,20,0,1,0,2,1,0,594,NULL,NULL,NULL,15.00,17.00,10.00,776.00,NULL,0,'2023-10-30 01:29:56','2023-10-30 01:30:05','in_stock',0,'Botble\\ACL\\Models\\User',NULL,'physical',NULL,NULL,0,NULL,0),(62,'Apple MacBook Air Retina 12-Inch Laptop',NULL,NULL,'published','[\"products\\/16.jpg\"]','SW-146-A0',0,12,0,1,0,1,1,0,583,408.1,NULL,NULL,20.00,11.00,20.00,814.00,NULL,0,'2023-10-30 01:29:56','2023-10-30 01:30:05','in_stock',0,'Botble\\ACL\\Models\\User',NULL,'physical',NULL,NULL,0,NULL,0),(63,'Apple MacBook Air Retina 12-Inch Laptop',NULL,NULL,'published','[\"products\\/16.jpg\"]','SW-146-A0-A1',0,12,0,1,0,1,1,0,583,489.72,NULL,NULL,20.00,11.00,20.00,814.00,NULL,0,'2023-10-30 01:29:56','2023-10-30 01:30:05','in_stock',0,'Botble\\ACL\\Models\\User',NULL,'physical',NULL,NULL,0,NULL,0),(64,'Apple MacBook Air Retina 12-Inch Laptop',NULL,NULL,'published','[\"products\\/16.jpg\"]','SW-146-A0-A2',0,12,0,1,0,1,1,0,583,489.72,NULL,NULL,20.00,11.00,20.00,814.00,NULL,0,'2023-10-30 01:29:57','2023-10-30 01:30:05','in_stock',0,'Botble\\ACL\\Models\\User',NULL,'physical',NULL,NULL,0,NULL,0),(65,'Samsung Gear VR Virtual Reality Headset (Digital)',NULL,NULL,'published','[\"products\\/17.jpg\"]','SW-159-A0',0,12,0,1,0,4,1,0,526,NULL,NULL,NULL,20.00,10.00,15.00,864.00,NULL,0,'2023-10-30 01:29:57','2023-10-30 01:30:05','in_stock',0,'Botble\\ACL\\Models\\User',NULL,'digital',NULL,NULL,0,NULL,0),(66,'Samsung Gear VR Virtual Reality Headset (Digital)',NULL,NULL,'published','[\"products\\/17-1.jpg\"]','SW-159-A0-A1',0,12,0,1,0,4,1,0,526,NULL,NULL,NULL,20.00,10.00,15.00,864.00,NULL,0,'2023-10-30 01:29:57','2023-10-30 01:30:05','in_stock',0,'Botble\\ACL\\Models\\User',NULL,'digital',NULL,NULL,0,NULL,0),(67,'Samsung Gear VR Virtual Reality Headset (Digital)',NULL,NULL,'published','[\"products\\/17-2.jpg\"]','SW-159-A0-A2',0,12,0,1,0,4,1,0,526,NULL,NULL,NULL,20.00,10.00,15.00,864.00,NULL,0,'2023-10-30 01:29:57','2023-10-30 01:30:05','in_stock',0,'Botble\\ACL\\Models\\User',NULL,'digital',NULL,NULL,0,NULL,0),(68,'Samsung Gear VR Virtual Reality Headset (Digital)',NULL,NULL,'published','[\"products\\/17-3.jpg\"]','SW-159-A0-A3',0,12,0,1,0,4,1,0,526,NULL,NULL,NULL,20.00,10.00,15.00,864.00,NULL,0,'2023-10-30 01:29:57','2023-10-30 01:30:05','in_stock',0,'Botble\\ACL\\Models\\User',NULL,'digital',NULL,NULL,0,NULL,0),(69,'Aveeno Moisturizing Body Shower 450ml',NULL,NULL,'published','[\"products\\/18.jpg\"]','SW-127-A0',0,13,0,1,0,7,1,0,1064,NULL,NULL,NULL,17.00,10.00,17.00,522.00,NULL,0,'2023-10-30 01:29:57','2023-10-30 01:30:05','in_stock',0,'Botble\\ACL\\Models\\User',NULL,'physical',NULL,NULL,0,NULL,0),(70,'Aveeno Moisturizing Body Shower 450ml',NULL,NULL,'published','[\"products\\/18-1.jpg\"]','SW-127-A0-A1',0,13,0,1,0,7,1,0,1064,NULL,NULL,NULL,17.00,10.00,17.00,522.00,NULL,0,'2023-10-30 01:29:57','2023-10-30 01:30:05','in_stock',0,'Botble\\ACL\\Models\\User',NULL,'physical',NULL,NULL,0,NULL,0),(71,'Aveeno Moisturizing Body Shower 450ml',NULL,NULL,'published','[\"products\\/18-2.jpg\"]','SW-127-A0-A2',0,13,0,1,0,7,1,0,1064,NULL,NULL,NULL,17.00,10.00,17.00,522.00,NULL,0,'2023-10-30 01:29:57','2023-10-30 01:30:05','in_stock',0,'Botble\\ACL\\Models\\User',NULL,'physical',NULL,NULL,0,NULL,0),(72,'NYX Beauty Couton Pallete Makeup 12',NULL,NULL,'published','[\"products\\/19.jpg\"]','SW-194-A0',0,16,0,1,0,2,1,0,1147,NULL,NULL,NULL,13.00,15.00,19.00,743.00,NULL,0,'2023-10-30 01:29:57','2023-10-30 01:30:05','in_stock',0,'Botble\\ACL\\Models\\User',NULL,'physical',NULL,NULL,0,NULL,0),(73,'NYX Beauty Couton Pallete Makeup 12',NULL,NULL,'published','[\"products\\/19-1.jpg\"]','SW-194-A0-A1',0,16,0,1,0,2,1,0,1147,NULL,NULL,NULL,13.00,15.00,19.00,743.00,NULL,0,'2023-10-30 01:29:57','2023-10-30 01:30:05','in_stock',0,'Botble\\ACL\\Models\\User',NULL,'physical',NULL,NULL,0,NULL,0),(74,'NYX Beauty Couton Pallete Makeup 12',NULL,NULL,'published','[\"products\\/19-2.jpg\"]','SW-194-A0-A2',0,16,0,1,0,2,1,0,1147,NULL,NULL,NULL,13.00,15.00,19.00,743.00,NULL,0,'2023-10-30 01:29:57','2023-10-30 01:30:05','in_stock',0,'Botble\\ACL\\Models\\User',NULL,'physical',NULL,NULL,0,NULL,0),(75,'NYX Beauty Couton Pallete Makeup 12',NULL,NULL,'published','[\"products\\/20.jpg\"]','SW-100-A0',0,13,0,1,0,6,1,0,728,509.6,NULL,NULL,17.00,20.00,15.00,696.00,NULL,0,'2023-10-30 01:29:57','2023-10-30 01:30:05','in_stock',0,'Botble\\ACL\\Models\\User',NULL,'physical',NULL,NULL,0,NULL,0),(76,'MVMTH Classical Leather Watch In Black (Digital)',NULL,NULL,'published','[\"products\\/21.jpg\"]','SW-198-A0',0,13,0,1,0,2,1,0,802,NULL,NULL,NULL,14.00,10.00,18.00,631.00,NULL,0,'2023-10-30 01:29:57','2023-10-30 01:30:05','in_stock',0,'Botble\\ACL\\Models\\User',NULL,'digital',NULL,NULL,0,NULL,0),(77,'MVMTH Classical Leather Watch In Black (Digital)',NULL,NULL,'published','[\"products\\/21-1.jpg\"]','SW-198-A0-A1',0,13,0,1,0,2,1,0,802,NULL,NULL,NULL,14.00,10.00,18.00,631.00,NULL,0,'2023-10-30 01:29:57','2023-10-30 01:30:05','in_stock',0,'Botble\\ACL\\Models\\User',NULL,'digital',NULL,NULL,0,NULL,0),(78,'MVMTH Classical Leather Watch In Black (Digital)',NULL,NULL,'published','[\"products\\/21-2.jpg\"]','SW-198-A0-A2',0,13,0,1,0,2,1,0,802,NULL,NULL,NULL,14.00,10.00,18.00,631.00,NULL,0,'2023-10-30 01:29:57','2023-10-30 01:30:05','in_stock',0,'Botble\\ACL\\Models\\User',NULL,'digital',NULL,NULL,0,NULL,0),(79,'Baxter Care Hair Kit For Bearded Mens',NULL,NULL,'published','[\"products\\/22.jpg\"]','SW-176-A0',0,18,0,1,0,3,1,0,643,NULL,NULL,NULL,16.00,14.00,12.00,685.00,NULL,0,'2023-10-30 01:29:57','2023-10-30 01:30:05','in_stock',0,'Botble\\ACL\\Models\\User',NULL,'physical',NULL,NULL,0,NULL,0),(80,'Baxter Care Hair Kit For Bearded Mens',NULL,NULL,'published','[\"products\\/22-1.jpg\"]','SW-176-A0-A1',0,18,0,1,0,3,1,0,643,NULL,NULL,NULL,16.00,14.00,12.00,685.00,NULL,0,'2023-10-30 01:29:57','2023-10-30 01:30:05','in_stock',0,'Botble\\ACL\\Models\\User',NULL,'physical',NULL,NULL,0,NULL,0),(81,'Baxter Care Hair Kit For Bearded Mens',NULL,NULL,'published','[\"products\\/22-2.jpg\"]','SW-176-A0-A2',0,18,0,1,0,3,1,0,643,NULL,NULL,NULL,16.00,14.00,12.00,685.00,NULL,0,'2023-10-30 01:29:57','2023-10-30 01:30:05','in_stock',0,'Botble\\ACL\\Models\\User',NULL,'physical',NULL,NULL,0,NULL,0),(82,'Ciate Palemore Lipstick Bold Red Color',NULL,NULL,'published','[\"products\\/23.jpg\"]','SW-104-A0',0,10,0,1,0,4,1,0,1067,NULL,NULL,NULL,16.00,14.00,11.00,604.00,NULL,0,'2023-10-30 01:29:57','2023-10-30 01:30:05','in_stock',0,'Botble\\ACL\\Models\\User',NULL,'physical',NULL,NULL,0,NULL,0),(83,'Ciate Palemore Lipstick Bold Red Color',NULL,NULL,'published','[\"products\\/23-1.jpg\"]','SW-104-A0-A1',0,10,0,1,0,4,1,0,1067,NULL,NULL,NULL,16.00,14.00,11.00,604.00,NULL,0,'2023-10-30 01:29:57','2023-10-30 01:30:05','in_stock',0,'Botble\\ACL\\Models\\User',NULL,'physical',NULL,NULL,0,NULL,0),(84,'Ciate Palemore Lipstick Bold Red Color',NULL,NULL,'published','[\"products\\/23-2.jpg\"]','SW-104-A0-A2',0,10,0,1,0,4,1,0,1067,NULL,NULL,NULL,16.00,14.00,11.00,604.00,NULL,0,'2023-10-30 01:29:57','2023-10-30 01:30:05','in_stock',0,'Botble\\ACL\\Models\\User',NULL,'physical',NULL,NULL,0,NULL,0),(85,'Ciate Palemore Lipstick Bold Red Color',NULL,NULL,'published','[\"products\\/23-3.jpg\"]','SW-104-A0-A3',0,10,0,1,0,4,1,0,1067,NULL,NULL,NULL,16.00,14.00,11.00,604.00,NULL,0,'2023-10-30 01:29:57','2023-10-30 01:30:05','in_stock',0,'Botble\\ACL\\Models\\User',NULL,'physical',NULL,NULL,0,NULL,0);
/*!40000 ALTER TABLE `ec_products` ENABLE KEYS */;
UNLOCK TABLES;

--
-- Table structure for table `ec_products_translations`
--

DROP TABLE IF EXISTS `ec_products_translations`;
/*!40101 SET @saved_cs_client     = @@character_set_client */;
/*!50503 SET character_set_client = utf8mb4 */;
CREATE TABLE `ec_products_translations` (
  `lang_code` varchar(191) COLLATE utf8mb4_unicode_ci NOT NULL,
  `ec_products_id` bigint unsigned NOT NULL,
  `name` varchar(191) COLLATE utf8mb4_unicode_ci DEFAULT NULL,
  `description` text COLLATE utf8mb4_unicode_ci,
  `content` text COLLATE utf8mb4_unicode_ci,
  PRIMARY KEY (`lang_code`,`ec_products_id`)
) ENGINE=InnoDB DEFAULT CHARSET=utf8mb4 COLLATE=utf8mb4_unicode_ci;
/*!40101 SET character_set_client = @saved_cs_client */;

--
-- Dumping data for table `ec_products_translations`
--

LOCK TABLES `ec_products_translations` WRITE;
/*!40000 ALTER TABLE `ec_products_translations` DISABLE KEYS */;
/*!40000 ALTER TABLE `ec_products_translations` ENABLE KEYS */;
UNLOCK TABLES;

--
-- Table structure for table `ec_reviews`
--

DROP TABLE IF EXISTS `ec_reviews`;
/*!40101 SET @saved_cs_client     = @@character_set_client */;
/*!50503 SET character_set_client = utf8mb4 */;
CREATE TABLE `ec_reviews` (
  `id` bigint unsigned NOT NULL AUTO_INCREMENT,
  `customer_id` bigint unsigned NOT NULL,
  `product_id` bigint unsigned NOT NULL,
  `star` double(8,2) NOT NULL,
  `comment` text CHARACTER SET utf8mb4 COLLATE utf8mb4_unicode_ci NOT NULL,
  `status` varchar(60) COLLATE utf8mb4_unicode_ci NOT NULL DEFAULT 'published',
  `created_at` timestamp NULL DEFAULT NULL,
  `updated_at` timestamp NULL DEFAULT NULL,
  `images` text COLLATE utf8mb4_unicode_ci,
  PRIMARY KEY (`id`),
  UNIQUE KEY `ec_reviews_product_id_customer_id_unique` (`product_id`,`customer_id`),
  KEY `ec_reviews_product_id_customer_id_status_created_at_index` (`product_id`,`customer_id`,`status`,`created_at`),
  KEY `review_relation_index` (`product_id`,`customer_id`,`status`)
) ENGINE=InnoDB AUTO_INCREMENT=101 DEFAULT CHARSET=utf8mb4 COLLATE=utf8mb4_unicode_ci;
/*!40101 SET character_set_client = @saved_cs_client */;

--
-- Dumping data for table `ec_reviews`
--

LOCK TABLES `ec_reviews` WRITE;
/*!40000 ALTER TABLE `ec_reviews` DISABLE KEYS */;
INSERT INTO `ec_reviews` VALUES (1,3,23,3.00,'The best ecommerce CMS! Excellent coding! best support service! Thank you so much..... I really like your hard work.','published','2023-10-30 01:30:00','2023-10-30 01:30:00','[\"products\\/3.jpg\",\"products\\/5.jpg\"]'),(2,8,20,1.00,'Great E-commerce system. And much more : Wonderful Customer Support.','published','2023-10-30 01:30:00','2023-10-30 01:30:00','[\"products\\/4.jpg\",\"products\\/5.jpg\"]'),(3,2,13,3.00,'Those guys now what they are doing, the release such a good product that it\'s a pleasure to work with ! Even when I was stuck on the project, I created a ticket and the next day it was replied by the team. GOOD JOB guys. I love working with them :)','published','2023-10-30 01:30:00','2023-10-30 01:30:00','{\"0\":\"products\\/3.jpg\",\"2\":\"products\\/16.jpg\"}'),(4,2,3,1.00,'Cool template. Excellent code quality. The support responds very quickly, which is very rare on themeforest and codecanyon.net, I buy a lot of templates, and everyone will have a response from technical support for two or three days. Thanks to tech support. I recommend to buy.','published','2023-10-30 01:30:00','2023-10-30 01:30:00','[\"products\\/4.jpg\",\"products\\/6.jpg\",\"products\\/22.jpg\"]'),(5,4,20,4.00,'I Love this Script. I also found how to add other fees. Now I just wait the BIG update for the Marketplace with the Bulk Import. Just do not forget to make it to be Multi-language for us the Botble Fans.','published','2023-10-30 01:30:00','2023-10-30 01:30:00','[\"products\\/1.jpg\"]'),(6,5,8,4.00,'Those guys now what they are doing, the release such a good product that it\'s a pleasure to work with ! Even when I was stuck on the project, I created a ticket and the next day it was replied by the team. GOOD JOB guys. I love working with them :)','published','2023-10-30 01:30:00','2023-10-30 01:30:00','[\"products\\/2.jpg\"]'),(7,8,8,5.00,'We have received brilliant service support and will be expanding the features with the developer. Nice product!','published','2023-10-30 01:30:00','2023-10-30 01:30:00','[\"products\\/2.jpg\"]'),(9,5,6,1.00,'The code is good, in general, if you like it, can you give it 5 stars?','published','2023-10-30 01:30:00','2023-10-30 01:30:00','[\"products\\/3.jpg\"]'),(10,7,11,4.00,'The script is the best of its class, fast, easy to implement and work with , and the most important thing is the great support team , Recommend with no doubt.','published','2023-10-30 01:30:00','2023-10-30 01:30:00','[\"products\\/3.jpg\",\"products\\/7.jpg\"]'),(11,5,11,5.00,'Customer Support are grade (A*), however the code is a way too over engineered for it\'s purpose.','published','2023-10-30 01:30:00','2023-10-30 01:30:00','[\"products\\/1.jpg\"]'),(12,5,16,5.00,'These guys are amazing! Responses immediately, amazing support and help... I immediately feel at ease after Purchasing..','published','2023-10-30 01:30:00','2023-10-30 01:30:00','[\"products\\/3.jpg\"]'),(13,10,10,3.00,'The script is the best of its class, fast, easy to implement and work with , and the most important thing is the great support team , Recommend with no doubt.','published','2023-10-30 01:30:00','2023-10-30 01:30:00','[\"products\\/4.jpg\",\"products\\/5.jpg\"]'),(14,2,19,1.00,'Solution is too robust for our purpose so we didn\'t use it at the end. But I appreciate customer support during initial configuration.','published','2023-10-30 01:30:00','2023-10-30 01:30:00','[\"products\\/4.jpg\",\"products\\/5.jpg\"]'),(16,10,21,4.00,'Second or third time that I buy a Botble product, happy with the products and support. You guys do a good job :)','published','2023-10-30 01:30:00','2023-10-30 01:30:00','[\"products\\/4.jpg\",\"products\\/6.jpg\",\"products\\/22.jpg\"]'),(17,7,12,2.00,'We have received brilliant service support and will be expanding the features with the developer. Nice product!','published','2023-10-30 01:30:00','2023-10-30 01:30:00','[\"products\\/3.jpg\",\"products\\/7.jpg\"]'),(18,2,5,4.00,'Good app, good backup service and support. Good documentation.','published','2023-10-30 01:30:00','2023-10-30 01:30:00','[\"products\\/2.jpg\",\"products\\/6.jpg\"]'),(19,6,13,5.00,'Cool template. Excellent code quality. The support responds very quickly, which is very rare on themeforest and codecanyon.net, I buy a lot of templates, and everyone will have a response from technical support for two or three days. Thanks to tech support. I recommend to buy.','published','2023-10-30 01:30:00','2023-10-30 01:30:00','[\"products\\/4.jpg\",\"products\\/6.jpg\"]'),(20,8,22,3.00,'Good app, good backup service and support. Good documentation.','published','2023-10-30 01:30:00','2023-10-30 01:30:00','[\"products\\/3.jpg\",\"products\\/6.jpg\",\"products\\/15.jpg\"]'),(21,10,16,5.00,'It\'s not my first experience here on Codecanyon and I can honestly tell you all that Botble puts a LOT of effort into the support. They answer so fast, they helped me tons of times. REALLY by far THE BEST EXPERIENCE on Codecanyon. Those guys at Botble are so good that they deserve 5 stars. I recommend them, I trust them and I can\'t wait to see what they will sell in a near future. Thank you Botble :)','published','2023-10-30 01:30:00','2023-10-30 01:30:00','[\"products\\/3.jpg\",\"products\\/7.jpg\",\"products\\/22.jpg\"]'),(22,7,20,3.00,'These guys are amazing! Responses immediately, amazing support and help... I immediately feel at ease after Purchasing..','published','2023-10-30 01:30:00','2023-10-30 01:30:00','[\"products\\/1.jpg\",\"products\\/6.jpg\",\"products\\/20.jpg\"]'),(24,4,18,1.00,'Great system, great support, good job Botble. I\'m looking forward to more great functional plugins.','published','2023-10-30 01:30:00','2023-10-30 01:30:00','[\"products\\/3.jpg\"]'),(25,6,16,3.00,'Amazing code, amazing support. Overall, im really confident in Botble and im happy I made the right choice! Thank you so much guys for coding this masterpiece','published','2023-10-30 01:30:00','2023-10-30 01:30:00','[\"products\\/2.jpg\",\"products\\/5.jpg\"]'),(26,1,3,5.00,'The script is the best of its class, fast, easy to implement and work with , and the most important thing is the great support team , Recommend with no doubt.','published','2023-10-30 01:30:00','2023-10-30 01:30:00','[\"products\\/3.jpg\"]'),(27,9,15,1.00,'Great system, great support, good job Botble. I\'m looking forward to more great functional plugins.','published','2023-10-30 01:30:00','2023-10-30 01:30:00','{\"0\":\"products\\/3.jpg\",\"2\":\"products\\/8.jpg\"}'),(28,6,14,5.00,'Great system, great support, good job Botble. I\'m looking forward to more great functional plugins.','published','2023-10-30 01:30:00','2023-10-30 01:30:00','[\"products\\/1.jpg\",\"products\\/7.jpg\"]'),(29,7,1,3.00,'Customer Support are grade (A*), however the code is a way too over engineered for it\'s purpose.','published','2023-10-30 01:30:00','2023-10-30 01:30:00','[\"products\\/4.jpg\"]'),(30,5,15,3.00,'For me the best eCommerce script on Envato at this moment: modern, clean code, a lot of great features. The customer support is great too: I always get an answer within hours!','published','2023-10-30 01:30:00','2023-10-30 01:30:00','[\"products\\/3.jpg\",\"products\\/7.jpg\"]'),(31,2,6,2.00,'The best ecommerce CMS! Excellent coding! best support service! Thank you so much..... I really like your hard work.','published','2023-10-30 01:30:00','2023-10-30 01:30:00','[\"products\\/3.jpg\",\"products\\/7.jpg\"]'),(32,3,18,2.00,'Perfect +++++++++ i love it really also i get to fast ticket answers... Thanks Lot BOTBLE Teams','published','2023-10-30 01:30:00','2023-10-30 01:30:00','[\"products\\/1.jpg\",\"products\\/7.jpg\"]'),(33,9,17,4.00,'I Love this Script. I also found how to add other fees. Now I just wait the BIG update for the Marketplace with the Bulk Import. Just do not forget to make it to be Multi-language for us the Botble Fans.','published','2023-10-30 01:30:00','2023-10-30 01:30:00','[\"products\\/1.jpg\"]'),(34,9,22,2.00,'The best ecommerce CMS! Excellent coding! best support service! Thank you so much..... I really like your hard work.','published','2023-10-30 01:30:00','2023-10-30 01:30:00','[\"products\\/2.jpg\",\"products\\/6.jpg\"]'),(35,2,8,2.00,'The best store template! Excellent coding! Very good support! Thank you so much for all the help, I really appreciated.','published','2023-10-30 01:30:00','2023-10-30 01:30:00','[\"products\\/4.jpg\",\"products\\/6.jpg\",\"products\\/14.jpg\"]'),(36,6,9,2.00,'This web app is really good in design, code quality & features. Besides, the customer support provided by the Botble team was really fast & helpful. You guys are awesome!','published','2023-10-30 01:30:00','2023-10-30 01:30:00','[\"products\\/1.jpg\"]'),(37,4,17,5.00,'The code is good, in general, if you like it, can you give it 5 stars?','published','2023-10-30 01:30:00','2023-10-30 01:30:00','{\"0\":\"products\\/3.jpg\",\"2\":\"products\\/19.jpg\"}'),(38,4,3,2.00,'I Love this Script. I also found how to add other fees. Now I just wait the BIG update for the Marketplace with the Bulk Import. Just do not forget to make it to be Multi-language for us the Botble Fans.','published','2023-10-30 01:30:00','2023-10-30 01:30:00','[\"products\\/1.jpg\",\"products\\/5.jpg\"]'),(39,8,13,4.00,'We have received brilliant service support and will be expanding the features with the developer. Nice product!','published','2023-10-30 01:30:00','2023-10-30 01:30:00','[\"products\\/2.jpg\",\"products\\/5.jpg\",\"products\\/10.jpg\"]'),(40,9,14,5.00,'These guys are amazing! Responses immediately, amazing support and help... I immediately feel at ease after Purchasing..','published','2023-10-30 01:30:00','2023-10-30 01:30:00','[\"products\\/4.jpg\",\"products\\/6.jpg\",\"products\\/20.jpg\"]'),(41,6,8,1.00,'The best ecommerce CMS! Excellent coding! best support service! Thank you so much..... I really like your hard work.','published','2023-10-30 01:30:00','2023-10-30 01:30:00','[\"products\\/2.jpg\",\"products\\/6.jpg\"]'),(42,10,15,3.00,'The script is the best of its class, fast, easy to implement and work with , and the most important thing is the great support team , Recommend with no doubt.','published','2023-10-30 01:30:00','2023-10-30 01:30:00','{\"0\":\"products\\/4.jpg\",\"2\":\"products\\/17.jpg\"}'),(43,8,3,5.00,'Very enthusiastic support! Excellent code is written. It\'s a true pleasure working with.','published','2023-10-30 01:30:00','2023-10-30 01:30:00','[\"products\\/3.jpg\",\"products\\/5.jpg\"]'),(44,1,11,4.00,'Those guys now what they are doing, the release such a good product that it\'s a pleasure to work with ! Even when I was stuck on the project, I created a ticket and the next day it was replied by the team. GOOD JOB guys. I love working with them :)','published','2023-10-30 01:30:00','2023-10-30 01:30:00','[\"products\\/1.jpg\"]'),(45,10,18,4.00,'Amazing code, amazing support. Overall, im really confident in Botble and im happy I made the right choice! Thank you so much guys for coding this masterpiece','published','2023-10-30 01:30:00','2023-10-30 01:30:00','[\"products\\/1.jpg\",\"products\\/5.jpg\",\"products\\/16.jpg\"]'),(46,8,15,4.00,'Second or third time that I buy a Botble product, happy with the products and support. You guys do a good job :)','published','2023-10-30 01:30:00','2023-10-30 01:30:00','[\"products\\/1.jpg\",\"products\\/7.jpg\",\"products\\/18.jpg\"]'),(48,1,9,4.00,'Best ecommerce CMS online store!','published','2023-10-30 01:30:00','2023-10-30 01:30:00','[\"products\\/2.jpg\",\"products\\/6.jpg\"]'),(50,1,10,4.00,'Perfect +++++++++ i love it really also i get to fast ticket answers... Thanks Lot BOTBLE Teams','published','2023-10-30 01:30:00','2023-10-30 01:30:00','{\"0\":\"products\\/4.jpg\",\"2\":\"products\\/14.jpg\"}'),(51,7,17,3.00,'The best ecommerce CMS! Excellent coding! best support service! Thank you so much..... I really like your hard work.','published','2023-10-30 01:30:00','2023-10-30 01:30:00','[\"products\\/2.jpg\",\"products\\/6.jpg\"]'),(54,3,14,5.00,'For me the best eCommerce script on Envato at this moment: modern, clean code, a lot of great features. The customer support is great too: I always get an answer within hours!','published','2023-10-30 01:30:00','2023-10-30 01:30:00','[\"products\\/1.jpg\"]'),(55,6,23,3.00,'Perfect +++++++++ i love it really also i get to fast ticket answers... Thanks Lot BOTBLE Teams','published','2023-10-30 01:30:00','2023-10-30 01:30:00','[\"products\\/3.jpg\",\"products\\/6.jpg\"]'),(56,1,4,1.00,'Amazing code, amazing support. Overall, im really confident in Botble and im happy I made the right choice! Thank you so much guys for coding this masterpiece','published','2023-10-30 01:30:00','2023-10-30 01:30:00','[\"products\\/2.jpg\",\"products\\/7.jpg\"]'),(57,10,14,3.00,'Best ecommerce CMS online store!','published','2023-10-30 01:30:00','2023-10-30 01:30:00','{\"0\":\"products\\/4.jpg\",\"2\":\"products\\/15.jpg\"}'),(58,3,5,1.00,'The code is good, in general, if you like it, can you give it 5 stars?','published','2023-10-30 01:30:00','2023-10-30 01:30:00','[\"products\\/1.jpg\",\"products\\/5.jpg\"]'),(59,8,23,2.00,'The best ecommerce CMS! Excellent coding! best support service! Thank you so much..... I really like your hard work.','published','2023-10-30 01:30:00','2023-10-30 01:30:00','[\"products\\/1.jpg\",\"products\\/5.jpg\",\"products\\/16.jpg\"]'),(60,4,6,4.00,'Very enthusiastic support! Excellent code is written. It\'s a true pleasure working with.','published','2023-10-30 01:30:00','2023-10-30 01:30:00','[\"products\\/3.jpg\"]'),(63,7,9,2.00,'Very enthusiastic support! Excellent code is written. It\'s a true pleasure working with.','published','2023-10-30 01:30:00','2023-10-30 01:30:00','[\"products\\/2.jpg\",\"products\\/7.jpg\"]'),(64,9,23,5.00,'This script is well coded and is super fast. The support is pretty quick. Very patient and helpful team. I strongly recommend it and they deserve more than 5 stars.','published','2023-10-30 01:30:00','2023-10-30 01:30:00','[\"products\\/3.jpg\"]'),(65,10,22,4.00,'Good app, good backup service and support. Good documentation.','published','2023-10-30 01:30:00','2023-10-30 01:30:00','[\"products\\/2.jpg\",\"products\\/5.jpg\",\"products\\/8.jpg\"]'),(66,7,10,5.00,'Very enthusiastic support! Excellent code is written. It\'s a true pleasure working with.','published','2023-10-30 01:30:00','2023-10-30 01:30:00','[\"products\\/4.jpg\",\"products\\/5.jpg\",\"products\\/12.jpg\"]'),(70,7,4,3.00,'These guys are amazing! Responses immediately, amazing support and help... I immediately feel at ease after Purchasing..','published','2023-10-30 01:30:00','2023-10-30 01:30:00','[\"products\\/3.jpg\",\"products\\/7.jpg\"]'),(72,5,9,4.00,'Customer Support are grade (A*), however the code is a way too over engineered for it\'s purpose.','published','2023-10-30 01:30:00','2023-10-30 01:30:00','[\"products\\/1.jpg\",\"products\\/6.jpg\"]'),(73,1,17,3.00,'We have received brilliant service support and will be expanding the features with the developer. Nice product!','published','2023-10-30 01:30:00','2023-10-30 01:30:00','[\"products\\/2.jpg\",\"products\\/5.jpg\",\"products\\/18.jpg\"]'),(74,4,8,5.00,'The script is the best of its class, fast, easy to implement and work with , and the most important thing is the great support team , Recommend with no doubt.','published','2023-10-30 01:30:00','2023-10-30 01:30:00','{\"0\":\"products\\/3.jpg\",\"2\":\"products\\/18.jpg\"}'),(75,9,11,1.00,'Clean & perfect source code','published','2023-10-30 01:30:00','2023-10-30 01:30:00','[\"products\\/1.jpg\",\"products\\/5.jpg\",\"products\\/19.jpg\"]'),(77,1,22,1.00,'Clean & perfect source code','published','2023-10-30 01:30:00','2023-10-30 01:30:00','[\"products\\/4.jpg\",\"products\\/5.jpg\"]'),(78,9,6,1.00,'Cool template. Excellent code quality. The support responds very quickly, which is very rare on themeforest and codecanyon.net, I buy a lot of templates, and everyone will have a response from technical support for two or three days. Thanks to tech support. I recommend to buy.','published','2023-10-30 01:30:00','2023-10-30 01:30:00','[\"products\\/4.jpg\"]'),(79,6,6,1.00,'The best ecommerce CMS! Excellent coding! best support service! Thank you so much..... I really like your hard work.','published','2023-10-30 01:30:00','2023-10-30 01:30:00','[\"products\\/1.jpg\",\"products\\/5.jpg\"]'),(81,3,17,1.00,'The best store template! Excellent coding! Very good support! Thank you so much for all the help, I really appreciated.','published','2023-10-30 01:30:00','2023-10-30 01:30:00','[\"products\\/1.jpg\",\"products\\/6.jpg\"]'),(82,6,4,2.00,'Cool template. Excellent code quality. The support responds very quickly, which is very rare on themeforest and codecanyon.net, I buy a lot of templates, and everyone will have a response from technical support for two or three days. Thanks to tech support. I recommend to buy.','published','2023-10-30 01:30:00','2023-10-30 01:30:00','[\"products\\/3.jpg\"]'),(83,1,16,1.00,'This script is well coded and is super fast. The support is pretty quick. Very patient and helpful team. I strongly recommend it and they deserve more than 5 stars.','published','2023-10-30 01:30:00','2023-10-30 01:30:00','{\"0\":\"products\\/3.jpg\",\"2\":\"products\\/13.jpg\"}'),(84,5,20,3.00,'Best ecommerce CMS online store!','published','2023-10-30 01:30:00','2023-10-30 01:30:00','[\"products\\/4.jpg\",\"products\\/5.jpg\",\"products\\/12.jpg\"]'),(85,2,23,5.00,'Great E-commerce system. And much more : Wonderful Customer Support.','published','2023-10-30 01:30:00','2023-10-30 01:30:00','[\"products\\/1.jpg\"]'),(88,3,2,1.00,'Solution is too robust for our purpose so we didn\'t use it at the end. But I appreciate customer support during initial configuration.','published','2023-10-30 01:30:00','2023-10-30 01:30:00','[\"products\\/1.jpg\",\"products\\/5.jpg\"]'),(91,5,3,4.00,'For me the best eCommerce script on Envato at this moment: modern, clean code, a lot of great features. The customer support is great too: I always get an answer within hours!','published','2023-10-30 01:30:00','2023-10-30 01:30:00','[\"products\\/4.jpg\"]'),(93,4,21,3.00,'This web app is really good in design, code quality & features. Besides, the customer support provided by the Botble team was really fast & helpful. You guys are awesome!','published','2023-10-30 01:30:00','2023-10-30 01:30:00','[\"products\\/3.jpg\",\"products\\/6.jpg\"]'),(94,6,5,5.00,'The best ecommerce CMS! Excellent coding! best support service! Thank you so much..... I really like your hard work.','published','2023-10-30 01:30:00','2023-10-30 01:30:00','{\"0\":\"products\\/1.jpg\",\"2\":\"products\\/22.jpg\"}'),(95,6,21,2.00,'Cool template. Excellent code quality. The support responds very quickly, which is very rare on themeforest and codecanyon.net, I buy a lot of templates, and everyone will have a response from technical support for two or three days. Thanks to tech support. I recommend to buy.','published','2023-10-30 01:30:00','2023-10-30 01:30:00','[\"products\\/2.jpg\",\"products\\/5.jpg\",\"products\\/14.jpg\"]'),(97,8,12,4.00,'Perfect +++++++++ i love it really also i get to fast ticket answers... Thanks Lot BOTBLE Teams','published','2023-10-30 01:30:00','2023-10-30 01:30:00','[\"products\\/4.jpg\"]'),(98,1,8,1.00,'Very enthusiastic support! Excellent code is written. It\'s a true pleasure working with.','published','2023-10-30 01:30:00','2023-10-30 01:30:00','[\"products\\/1.jpg\",\"products\\/7.jpg\"]'),(99,7,16,5.00,'Perfect +++++++++ i love it really also i get to fast ticket answers... Thanks Lot BOTBLE Teams','published','2023-10-30 01:30:00','2023-10-30 01:30:00','[\"products\\/1.jpg\",\"products\\/5.jpg\"]');
/*!40000 ALTER TABLE `ec_reviews` ENABLE KEYS */;
UNLOCK TABLES;

--
-- Table structure for table `ec_shipment_histories`
--

DROP TABLE IF EXISTS `ec_shipment_histories`;
/*!40101 SET @saved_cs_client     = @@character_set_client */;
/*!50503 SET character_set_client = utf8mb4 */;
CREATE TABLE `ec_shipment_histories` (
  `id` bigint unsigned NOT NULL AUTO_INCREMENT,
  `action` varchar(120) COLLATE utf8mb4_unicode_ci NOT NULL,
  `description` varchar(255) COLLATE utf8mb4_unicode_ci NOT NULL,
  `user_id` bigint unsigned DEFAULT NULL,
  `shipment_id` bigint unsigned NOT NULL,
  `order_id` bigint unsigned NOT NULL,
  `created_at` timestamp NULL DEFAULT NULL,
  `updated_at` timestamp NULL DEFAULT NULL,
  `user_type` varchar(255) COLLATE utf8mb4_unicode_ci NOT NULL DEFAULT 'Botble\\ACL\\Models\\User',
  PRIMARY KEY (`id`)
) ENGINE=InnoDB AUTO_INCREMENT=65 DEFAULT CHARSET=utf8mb4 COLLATE=utf8mb4_unicode_ci;
/*!40101 SET character_set_client = @saved_cs_client */;

--
-- Dumping data for table `ec_shipment_histories`
--

LOCK TABLES `ec_shipment_histories` WRITE;
/*!40000 ALTER TABLE `ec_shipment_histories` DISABLE KEYS */;
INSERT INTO `ec_shipment_histories` VALUES (1,'create_from_order','Shipping was created from order %order_id%',0,1,1,'2023-10-16 17:30:05','2023-10-16 17:30:05','Botble\\ACL\\Models\\User'),(2,'update_status','Changed status of shipping to: Approved. Updated by: %user_name%',0,1,1,'2023-10-28 09:30:05','2023-10-30 01:30:05','Botble\\ACL\\Models\\User'),(3,'create_from_order','Shipping was created from order %order_id%',0,2,2,'2023-10-18 09:30:05','2023-10-18 09:30:05','Botble\\ACL\\Models\\User'),(4,'update_status','Changed status of shipping to: Approved. Updated by: %user_name%',0,2,2,'2023-10-28 09:30:05','2023-10-30 01:30:05','Botble\\ACL\\Models\\User'),(5,'update_cod_status','Updated COD status to Completed . Updated by: %user_name%',0,2,2,'2023-10-30 01:30:05','2023-10-30 01:30:05','Botble\\ACL\\Models\\User'),(6,'update_status','Changed status of shipping to: Delivered. Updated by: %user_name%',0,2,2,'2023-10-30 01:30:05','2023-10-30 01:30:05','Botble\\ACL\\Models\\User'),(7,'create_from_order','Shipping was created from order %order_id%',0,3,4,'2023-10-28 11:30:05','2023-10-28 11:30:05','Botble\\ACL\\Models\\User'),(8,'update_status','Changed status of shipping to: Approved. Updated by: %user_name%',0,3,4,'2023-10-28 11:30:06','2023-10-30 01:30:06','Botble\\ACL\\Models\\User'),(9,'update_status','Changed status of shipping to: Delivered. Updated by: %user_name%',0,3,4,'2023-10-30 01:30:06','2023-10-30 01:30:06','Botble\\ACL\\Models\\User'),(10,'create_from_order','Shipping was created from order %order_id%',0,4,5,'2023-10-16 13:30:06','2023-10-16 13:30:06','Botble\\ACL\\Models\\User'),(11,'update_status','Changed status of shipping to: Approved. Updated by: %user_name%',0,4,5,'2023-10-28 13:30:06','2023-10-30 01:30:06','Botble\\ACL\\Models\\User'),(12,'create_from_order','Shipping was created from order %order_id%',0,5,7,'2023-10-21 13:30:06','2023-10-21 13:30:06','Botble\\ACL\\Models\\User'),(13,'update_status','Changed status of shipping to: Approved. Updated by: %user_name%',0,5,7,'2023-10-28 15:30:06','2023-10-30 01:30:06','Botble\\ACL\\Models\\User'),(14,'update_status','Changed status of shipping to: Delivered. Updated by: %user_name%',0,5,7,'2023-10-30 01:30:06','2023-10-30 01:30:06','Botble\\ACL\\Models\\User'),(15,'create_from_order','Shipping was created from order %order_id%',0,6,9,'2023-10-17 07:30:06','2023-10-17 07:30:06','Botble\\ACL\\Models\\User'),(16,'update_status','Changed status of shipping to: Approved. Updated by: %user_name%',0,6,9,'2023-10-28 15:30:06','2023-10-30 01:30:06','Botble\\ACL\\Models\\User'),(17,'update_status','Changed status of shipping to: Delivered. Updated by: %user_name%',0,6,9,'2023-10-30 01:30:06','2023-10-30 01:30:06','Botble\\ACL\\Models\\User'),(18,'create_from_order','Shipping was created from order %order_id%',0,7,10,'2023-10-23 09:30:06','2023-10-23 09:30:06','Botble\\ACL\\Models\\User'),(19,'update_status','Changed status of shipping to: Approved. Updated by: %user_name%',0,7,10,'2023-10-28 17:30:06','2023-10-30 01:30:06','Botble\\ACL\\Models\\User'),(20,'create_from_order','Shipping was created from order %order_id%',0,8,11,'2023-10-28 17:30:06','2023-10-28 17:30:06','Botble\\ACL\\Models\\User'),(21,'update_status','Changed status of shipping to: Approved. Updated by: %user_name%',0,8,11,'2023-10-28 17:30:06','2023-10-30 01:30:06','Botble\\ACL\\Models\\User'),(22,'update_status','Changed status of shipping to: Delivered. Updated by: %user_name%',0,8,11,'2023-10-30 01:30:06','2023-10-30 01:30:06','Botble\\ACL\\Models\\User'),(23,'create_from_order','Shipping was created from order %order_id%',0,9,12,'2023-10-20 01:30:06','2023-10-20 01:30:06','Botble\\ACL\\Models\\User'),(24,'update_status','Changed status of shipping to: Approved. Updated by: %user_name%',0,9,12,'2023-10-28 19:30:06','2023-10-30 01:30:06','Botble\\ACL\\Models\\User'),(25,'create_from_order','Shipping was created from order %order_id%',0,10,13,'2023-10-20 01:30:06','2023-10-20 01:30:06','Botble\\ACL\\Models\\User'),(26,'update_status','Changed status of shipping to: Approved. Updated by: %user_name%',0,10,13,'2023-10-28 19:30:06','2023-10-30 01:30:06','Botble\\ACL\\Models\\User'),(27,'update_status','Changed status of shipping to: Delivered. Updated by: %user_name%',0,10,13,'2023-10-30 01:30:06','2023-10-30 01:30:06','Botble\\ACL\\Models\\User'),(28,'create_from_order','Shipping was created from order %order_id%',0,11,14,'2023-10-23 01:30:06','2023-10-23 01:30:06','Botble\\ACL\\Models\\User'),(29,'update_status','Changed status of shipping to: Approved. Updated by: %user_name%',0,11,14,'2023-10-28 21:30:06','2023-10-30 01:30:06','Botble\\ACL\\Models\\User'),(30,'update_status','Changed status of shipping to: Delivered. Updated by: %user_name%',0,11,14,'2023-10-30 01:30:06','2023-10-30 01:30:06','Botble\\ACL\\Models\\User'),(31,'create_from_order','Shipping was created from order %order_id%',0,12,17,'2023-10-25 01:30:07','2023-10-25 01:30:07','Botble\\ACL\\Models\\User'),(32,'update_status','Changed status of shipping to: Approved. Updated by: %user_name%',0,12,17,'2023-10-29 01:30:07','2023-10-30 01:30:07','Botble\\ACL\\Models\\User'),(33,'create_from_order','Shipping was created from order %order_id%',0,13,20,'2023-10-25 01:30:07','2023-10-25 01:30:07','Botble\\ACL\\Models\\User'),(34,'update_status','Changed status of shipping to: Approved. Updated by: %user_name%',0,13,20,'2023-10-29 05:30:07','2023-10-30 01:30:07','Botble\\ACL\\Models\\User'),(35,'create_from_order','Shipping was created from order %order_id%',0,14,22,'2023-10-27 19:30:07','2023-10-27 19:30:07','Botble\\ACL\\Models\\User'),(36,'update_status','Changed status of shipping to: Approved. Updated by: %user_name%',0,14,22,'2023-10-29 07:30:07','2023-10-30 01:30:07','Botble\\ACL\\Models\\User'),(37,'create_from_order','Shipping was created from order %order_id%',0,15,23,'2023-10-28 01:30:07','2023-10-28 01:30:07','Botble\\ACL\\Models\\User'),(38,'update_status','Changed status of shipping to: Approved. Updated by: %user_name%',0,15,23,'2023-10-29 09:30:07','2023-10-30 01:30:07','Botble\\ACL\\Models\\User'),(39,'create_from_order','Shipping was created from order %order_id%',0,16,25,'2023-10-25 09:30:07','2023-10-25 09:30:07','Botble\\ACL\\Models\\User'),(40,'update_status','Changed status of shipping to: Approved. Updated by: %user_name%',0,16,25,'2023-10-29 11:30:07','2023-10-30 01:30:07','Botble\\ACL\\Models\\User'),(41,'update_status','Changed status of shipping to: Delivered. Updated by: %user_name%',0,16,25,'2023-10-30 01:30:07','2023-10-30 01:30:07','Botble\\ACL\\Models\\User'),(42,'create_from_order','Shipping was created from order %order_id%',0,17,26,'2023-10-27 17:30:07','2023-10-27 17:30:07','Botble\\ACL\\Models\\User'),(43,'update_status','Changed status of shipping to: Approved. Updated by: %user_name%',0,17,26,'2023-10-29 11:30:07','2023-10-30 01:30:07','Botble\\ACL\\Models\\User'),(44,'create_from_order','Shipping was created from order %order_id%',0,18,28,'2023-10-29 01:30:08','2023-10-29 01:30:08','Botble\\ACL\\Models\\User'),(45,'update_status','Changed status of shipping to: Approved. Updated by: %user_name%',0,18,28,'2023-10-29 13:30:08','2023-10-30 01:30:08','Botble\\ACL\\Models\\User'),(46,'create_from_order','Shipping was created from order %order_id%',0,19,29,'2023-10-26 07:30:08','2023-10-26 07:30:08','Botble\\ACL\\Models\\User'),(47,'update_status','Changed status of shipping to: Approved. Updated by: %user_name%',0,19,29,'2023-10-29 15:30:08','2023-10-30 01:30:08','Botble\\ACL\\Models\\User'),(48,'update_status','Changed status of shipping to: Delivered. Updated by: %user_name%',0,19,29,'2023-10-30 01:30:08','2023-10-30 01:30:08','Botble\\ACL\\Models\\User'),(49,'create_from_order','Shipping was created from order %order_id%',0,20,30,'2023-10-29 05:30:08','2023-10-29 05:30:08','Botble\\ACL\\Models\\User'),(50,'update_status','Changed status of shipping to: Approved. Updated by: %user_name%',0,20,30,'2023-10-29 15:30:08','2023-10-30 01:30:08','Botble\\ACL\\Models\\User'),(51,'update_status','Changed status of shipping to: Delivered. Updated by: %user_name%',0,20,30,'2023-10-30 01:30:08','2023-10-30 01:30:08','Botble\\ACL\\Models\\User'),(52,'create_from_order','Shipping was created from order %order_id%',0,21,31,'2023-10-29 09:30:08','2023-10-29 09:30:08','Botble\\ACL\\Models\\User'),(53,'update_status','Changed status of shipping to: Approved. Updated by: %user_name%',0,21,31,'2023-10-29 17:30:08','2023-10-30 01:30:08','Botble\\ACL\\Models\\User'),(54,'create_from_order','Shipping was created from order %order_id%',0,22,34,'2023-10-28 19:30:08','2023-10-28 19:30:08','Botble\\ACL\\Models\\User'),(55,'update_status','Changed status of shipping to: Approved. Updated by: %user_name%',0,22,34,'2023-10-29 19:30:08','2023-10-30 01:30:08','Botble\\ACL\\Models\\User'),(56,'create_from_order','Shipping was created from order %order_id%',0,23,35,'2023-10-29 13:30:08','2023-10-29 13:30:08','Botble\\ACL\\Models\\User'),(57,'update_status','Changed status of shipping to: Approved. Updated by: %user_name%',0,23,35,'2023-10-29 19:30:08','2023-10-30 01:30:08','Botble\\ACL\\Models\\User'),(58,'update_status','Changed status of shipping to: Delivered. Updated by: %user_name%',0,23,35,'2023-10-30 01:30:08','2023-10-30 01:30:08','Botble\\ACL\\Models\\User'),(59,'create_from_order','Shipping was created from order %order_id%',0,24,37,'2023-10-29 21:30:08','2023-10-29 21:30:08','Botble\\ACL\\Models\\User'),(60,'update_status','Changed status of shipping to: Approved. Updated by: %user_name%',0,24,37,'2023-10-29 21:30:08','2023-10-30 01:30:08','Botble\\ACL\\Models\\User'),(61,'create_from_order','Shipping was created from order %order_id%',0,25,38,'2023-10-29 05:30:08','2023-10-29 05:30:08','Botble\\ACL\\Models\\User'),(62,'update_status','Changed status of shipping to: Approved. Updated by: %user_name%',0,25,38,'2023-10-29 23:30:08','2023-10-30 01:30:08','Botble\\ACL\\Models\\User'),(63,'create_from_order','Shipping was created from order %order_id%',0,26,39,'2023-10-29 15:30:08','2023-10-29 15:30:08','Botble\\ACL\\Models\\User'),(64,'update_status','Changed status of shipping to: Approved. Updated by: %user_name%',0,26,39,'2023-10-29 23:30:08','2023-10-30 01:30:08','Botble\\ACL\\Models\\User');
/*!40000 ALTER TABLE `ec_shipment_histories` ENABLE KEYS */;
UNLOCK TABLES;

--
-- Table structure for table `ec_shipments`
--

DROP TABLE IF EXISTS `ec_shipments`;
/*!40101 SET @saved_cs_client     = @@character_set_client */;
/*!50503 SET character_set_client = utf8mb4 */;
CREATE TABLE `ec_shipments` (
  `id` bigint unsigned NOT NULL AUTO_INCREMENT,
  `order_id` bigint unsigned NOT NULL,
  `user_id` bigint unsigned DEFAULT NULL,
  `weight` double(8,2) DEFAULT '0.00',
  `shipment_id` varchar(120) COLLATE utf8mb4_unicode_ci DEFAULT NULL,
  `rate_id` varchar(120) COLLATE utf8mb4_unicode_ci DEFAULT NULL,
  `note` varchar(120) COLLATE utf8mb4_unicode_ci DEFAULT NULL,
  `status` varchar(120) COLLATE utf8mb4_unicode_ci NOT NULL DEFAULT 'pending',
  `cod_amount` decimal(15,2) DEFAULT '0.00',
  `cod_status` varchar(60) COLLATE utf8mb4_unicode_ci NOT NULL DEFAULT 'pending',
  `cross_checking_status` varchar(60) COLLATE utf8mb4_unicode_ci NOT NULL DEFAULT 'pending',
  `price` decimal(15,2) DEFAULT '0.00',
  `store_id` bigint unsigned DEFAULT NULL,
  `created_at` timestamp NULL DEFAULT NULL,
  `updated_at` timestamp NULL DEFAULT NULL,
  `tracking_id` varchar(191) COLLATE utf8mb4_unicode_ci DEFAULT NULL,
  `shipping_company_name` varchar(191) COLLATE utf8mb4_unicode_ci DEFAULT NULL,
  `tracking_link` varchar(191) COLLATE utf8mb4_unicode_ci DEFAULT NULL,
  `estimate_date_shipped` datetime DEFAULT NULL,
  `date_shipped` datetime DEFAULT NULL,
  `label_url` text COLLATE utf8mb4_unicode_ci,
  `metadata` mediumtext COLLATE utf8mb4_unicode_ci,
  PRIMARY KEY (`id`)
) ENGINE=InnoDB AUTO_INCREMENT=27 DEFAULT CHARSET=utf8mb4 COLLATE=utf8mb4_unicode_ci;
/*!40101 SET character_set_client = @saved_cs_client */;

--
-- Dumping data for table `ec_shipments`
--

LOCK TABLES `ec_shipments` WRITE;
/*!40000 ALTER TABLE `ec_shipments` DISABLE KEYS */;
INSERT INTO `ec_shipments` VALUES (1,1,NULL,4264.00,NULL,NULL,'','approved',0.00,'completed','pending',0.00,0,'2023-10-30 01:30:05','2023-10-30 01:30:05','JJD0052937573','GHN','https://mydhl.express.dhl/us/en/tracking.html#/track-by-reference','2023-11-06 08:30:05',NULL,NULL,NULL),(2,2,NULL,1044.00,NULL,NULL,'','delivered',2128.00,'completed','pending',0.00,0,'2023-10-30 01:30:05','2023-10-30 01:30:05','JJD0023509247','FastShipping','https://mydhl.express.dhl/us/en/tracking.html#/track-by-reference','2023-11-08 08:30:05','2023-10-30 08:30:05',NULL,NULL),(3,4,NULL,604.00,NULL,NULL,'','delivered',0.00,'completed','pending',0.00,0,'2023-10-30 01:30:06','2023-10-30 01:30:06','JJD0061190780','GHN','https://mydhl.express.dhl/us/en/tracking.html#/track-by-reference','2023-11-08 08:30:06','2023-10-30 08:30:06',NULL,NULL),(4,5,NULL,1014.00,NULL,NULL,'','approved',0.00,'completed','pending',0.00,0,'2023-10-30 01:30:06','2023-10-30 01:30:06','JJD0052838128','FastShipping','https://mydhl.express.dhl/us/en/tracking.html#/track-by-reference','2023-11-02 08:30:06',NULL,NULL,NULL),(5,7,NULL,3008.00,NULL,NULL,'','delivered',0.00,'completed','pending',0.00,0,'2023-10-30 01:30:06','2023-10-30 01:30:06','JJD0018759646','AliExpress','https://mydhl.express.dhl/us/en/tracking.html#/track-by-reference','2023-11-02 08:30:06','2023-10-30 08:30:06',NULL,NULL),(6,9,NULL,685.00,NULL,NULL,'','delivered',0.00,'completed','pending',0.00,0,'2023-10-30 01:30:06','2023-10-30 01:30:06','JJD0020997256','AliExpress','https://mydhl.express.dhl/us/en/tracking.html#/track-by-reference','2023-11-01 08:30:06','2023-10-30 08:30:06',NULL,NULL),(7,10,NULL,4242.00,NULL,NULL,'','approved',0.00,'completed','pending',0.00,0,'2023-10-30 01:30:06','2023-10-30 01:30:06','JJD0074559314','GHN','https://mydhl.express.dhl/us/en/tracking.html#/track-by-reference','2023-11-02 08:30:06',NULL,NULL,NULL),(8,11,NULL,1486.00,NULL,NULL,'','delivered',0.00,'completed','pending',0.00,0,'2023-10-30 01:30:06','2023-10-30 01:30:06','JJD0022155304','AliExpress','https://mydhl.express.dhl/us/en/tracking.html#/track-by-reference','2023-11-09 08:30:06','2023-10-30 08:30:06',NULL,NULL),(9,12,NULL,2496.00,NULL,NULL,'','approved',0.00,'completed','pending',0.00,0,'2023-10-30 01:30:06','2023-10-30 01:30:06','JJD001476173','FastShipping','https://mydhl.express.dhl/us/en/tracking.html#/track-by-reference','2023-11-01 08:30:06',NULL,NULL,NULL),(10,13,NULL,3782.00,NULL,NULL,'','delivered',0.00,'completed','pending',0.00,0,'2023-10-30 01:30:06','2023-10-30 01:30:06','JJD0054320176','FastShipping','https://mydhl.express.dhl/us/en/tracking.html#/track-by-reference','2023-11-01 08:30:06','2023-10-30 08:30:06',NULL,NULL),(11,14,NULL,1375.00,NULL,NULL,'','delivered',0.00,'completed','pending',0.00,0,'2023-10-30 01:30:06','2023-10-30 01:30:06','JJD0011371102','DHL','https://mydhl.express.dhl/us/en/tracking.html#/track-by-reference','2023-11-01 08:30:06','2023-10-30 08:30:06',NULL,NULL),(12,17,NULL,4281.00,NULL,NULL,'','approved',0.00,'completed','pending',0.00,0,'2023-10-30 01:30:07','2023-10-30 01:30:07','JJD0010661898','FastShipping','https://mydhl.express.dhl/us/en/tracking.html#/track-by-reference','2023-11-08 08:30:07',NULL,NULL,NULL),(13,20,NULL,4212.00,NULL,NULL,'','approved',0.00,'completed','pending',0.00,0,'2023-10-30 01:30:07','2023-10-30 01:30:07','JJD0073578192','GHN','https://mydhl.express.dhl/us/en/tracking.html#/track-by-reference','2023-11-09 08:30:07',NULL,NULL,NULL),(14,22,NULL,7543.00,NULL,NULL,'','approved',0.00,'completed','pending',0.00,0,'2023-10-30 01:30:07','2023-10-30 01:30:07','JJD0051367396','GHN','https://mydhl.express.dhl/us/en/tracking.html#/track-by-reference','2023-11-07 08:30:07',NULL,NULL,NULL),(15,23,NULL,2688.00,NULL,NULL,'','approved',0.00,'completed','pending',0.00,0,'2023-10-30 01:30:07','2023-10-30 01:30:07','JJD0038335052','FastShipping','https://mydhl.express.dhl/us/en/tracking.html#/track-by-reference','2023-11-02 08:30:07',NULL,NULL,NULL),(16,25,NULL,1677.00,NULL,NULL,'','delivered',0.00,'completed','pending',0.00,0,'2023-10-30 01:30:07','2023-10-30 01:30:07','JJD0044088433','FastShipping','https://mydhl.express.dhl/us/en/tracking.html#/track-by-reference','2023-11-07 08:30:07','2023-10-30 08:30:07',NULL,NULL),(17,26,NULL,685.00,NULL,NULL,'','approved',0.00,'completed','pending',0.00,0,'2023-10-30 01:30:07','2023-10-30 01:30:07','JJD0071208140','AliExpress','https://mydhl.express.dhl/us/en/tracking.html#/track-by-reference','2023-11-07 08:30:07',NULL,NULL,NULL),(18,28,NULL,3008.00,NULL,NULL,'','approved',0.00,'completed','pending',0.00,0,'2023-10-30 01:30:08','2023-10-30 01:30:08','JJD0012093612','DHL','https://mydhl.express.dhl/us/en/tracking.html#/track-by-reference','2023-11-02 08:30:08',NULL,NULL,NULL),(19,29,NULL,1014.00,NULL,NULL,'','delivered',0.00,'completed','pending',0.00,0,'2023-10-30 01:30:08','2023-10-30 01:30:08','JJD0055710907','GHN','https://mydhl.express.dhl/us/en/tracking.html#/track-by-reference','2023-11-01 08:30:08','2023-10-30 08:30:08',NULL,NULL),(20,30,NULL,2106.00,NULL,NULL,'','delivered',0.00,'completed','pending',0.00,0,'2023-10-30 01:30:08','2023-10-30 01:30:08','JJD0073856034','GHN','https://mydhl.express.dhl/us/en/tracking.html#/track-by-reference','2023-11-04 08:30:08','2023-10-30 08:30:08',NULL,NULL),(21,31,NULL,3010.00,NULL,NULL,'','approved',0.00,'completed','pending',0.00,0,'2023-10-30 01:30:08','2023-10-30 01:30:08','JJD0016593344','FastShipping','https://mydhl.express.dhl/us/en/tracking.html#/track-by-reference','2023-11-04 08:30:08',NULL,NULL,NULL),(22,34,NULL,1486.00,NULL,NULL,'','approved',0.00,'completed','pending',0.00,0,'2023-10-30 01:30:08','2023-10-30 01:30:08','JJD0077044163','GHN','https://mydhl.express.dhl/us/en/tracking.html#/track-by-reference','2023-11-01 08:30:08',NULL,NULL,NULL),(23,35,NULL,2055.00,NULL,NULL,'','delivered',0.00,'completed','pending',0.00,0,'2023-10-30 01:30:08','2023-10-30 01:30:08','JJD0010856579','AliExpress','https://mydhl.express.dhl/us/en/tracking.html#/track-by-reference','2023-11-03 08:30:08','2023-10-30 08:30:08',NULL,NULL),(24,37,NULL,522.00,NULL,NULL,'','approved',0.00,'completed','pending',0.00,0,'2023-10-30 01:30:08','2023-10-30 01:30:08','JJD0044435398','DHL','https://mydhl.express.dhl/us/en/tracking.html#/track-by-reference','2023-11-04 08:30:08',NULL,NULL,NULL),(25,38,NULL,1984.00,NULL,NULL,'','approved',0.00,'completed','pending',0.00,0,'2023-10-30 01:30:08','2023-10-30 01:30:08','JJD0052023186','GHN','https://mydhl.express.dhl/us/en/tracking.html#/track-by-reference','2023-11-09 08:30:08',NULL,NULL,NULL),(26,39,NULL,4920.00,NULL,NULL,'','approved',0.00,'completed','pending',0.00,0,'2023-10-30 01:30:08','2023-10-30 01:30:08','JJD0024662100','FastShipping','https://mydhl.express.dhl/us/en/tracking.html#/track-by-reference','2023-10-31 08:30:08',NULL,NULL,NULL);
/*!40000 ALTER TABLE `ec_shipments` ENABLE KEYS */;
UNLOCK TABLES;

--
-- Table structure for table `ec_shipping`
--

DROP TABLE IF EXISTS `ec_shipping`;
/*!40101 SET @saved_cs_client     = @@character_set_client */;
/*!50503 SET character_set_client = utf8mb4 */;
CREATE TABLE `ec_shipping` (
  `id` bigint unsigned NOT NULL AUTO_INCREMENT,
  `title` varchar(191) COLLATE utf8mb4_unicode_ci DEFAULT NULL,
  `country` varchar(120) COLLATE utf8mb4_unicode_ci DEFAULT NULL,
  `created_at` timestamp NULL DEFAULT NULL,
  `updated_at` timestamp NULL DEFAULT NULL,
  PRIMARY KEY (`id`)
) ENGINE=InnoDB AUTO_INCREMENT=2 DEFAULT CHARSET=utf8mb4 COLLATE=utf8mb4_unicode_ci;
/*!40101 SET character_set_client = @saved_cs_client */;

--
-- Dumping data for table `ec_shipping`
--

LOCK TABLES `ec_shipping` WRITE;
/*!40000 ALTER TABLE `ec_shipping` DISABLE KEYS */;
INSERT INTO `ec_shipping` VALUES (1,'All',NULL,'2023-10-30 01:30:00','2023-10-30 01:30:00');
/*!40000 ALTER TABLE `ec_shipping` ENABLE KEYS */;
UNLOCK TABLES;

--
-- Table structure for table `ec_shipping_rule_items`
--

DROP TABLE IF EXISTS `ec_shipping_rule_items`;
/*!40101 SET @saved_cs_client     = @@character_set_client */;
/*!50503 SET character_set_client = utf8mb4 */;
CREATE TABLE `ec_shipping_rule_items` (
  `id` bigint unsigned NOT NULL AUTO_INCREMENT,
  `shipping_rule_id` bigint unsigned NOT NULL,
  `country` varchar(120) COLLATE utf8mb4_unicode_ci DEFAULT NULL,
  `state` varchar(120) COLLATE utf8mb4_unicode_ci DEFAULT NULL,
  `city` varchar(120) COLLATE utf8mb4_unicode_ci DEFAULT NULL,
  `zip_code` varchar(20) COLLATE utf8mb4_unicode_ci DEFAULT NULL,
  `adjustment_price` decimal(15,2) DEFAULT '0.00',
  `is_enabled` tinyint(1) NOT NULL DEFAULT '1',
  `created_at` timestamp NULL DEFAULT NULL,
  `updated_at` timestamp NULL DEFAULT NULL,
  PRIMARY KEY (`id`)
) ENGINE=InnoDB DEFAULT CHARSET=utf8mb4 COLLATE=utf8mb4_unicode_ci;
/*!40101 SET character_set_client = @saved_cs_client */;

--
-- Dumping data for table `ec_shipping_rule_items`
--

LOCK TABLES `ec_shipping_rule_items` WRITE;
/*!40000 ALTER TABLE `ec_shipping_rule_items` DISABLE KEYS */;
/*!40000 ALTER TABLE `ec_shipping_rule_items` ENABLE KEYS */;
UNLOCK TABLES;

--
-- Table structure for table `ec_shipping_rules`
--

DROP TABLE IF EXISTS `ec_shipping_rules`;
/*!40101 SET @saved_cs_client     = @@character_set_client */;
/*!50503 SET character_set_client = utf8mb4 */;
CREATE TABLE `ec_shipping_rules` (
  `id` bigint unsigned NOT NULL AUTO_INCREMENT,
  `name` varchar(120) COLLATE utf8mb4_unicode_ci NOT NULL,
  `shipping_id` bigint unsigned NOT NULL,
  `type` varchar(24) CHARACTER SET utf8mb4 COLLATE utf8mb4_unicode_ci DEFAULT 'based_on_price',
  `from` decimal(15,2) DEFAULT '0.00',
  `to` decimal(15,2) DEFAULT '0.00',
  `price` decimal(15,2) DEFAULT '0.00',
  `created_at` timestamp NULL DEFAULT NULL,
  `updated_at` timestamp NULL DEFAULT NULL,
  PRIMARY KEY (`id`)
) ENGINE=InnoDB AUTO_INCREMENT=2 DEFAULT CHARSET=utf8mb4 COLLATE=utf8mb4_unicode_ci;
/*!40101 SET character_set_client = @saved_cs_client */;

--
-- Dumping data for table `ec_shipping_rules`
--

LOCK TABLES `ec_shipping_rules` WRITE;
/*!40000 ALTER TABLE `ec_shipping_rules` DISABLE KEYS */;
INSERT INTO `ec_shipping_rules` VALUES (1,'Free delivery',1,'based_on_price',0.00,NULL,0.00,'2023-10-30 01:30:00','2023-10-30 01:30:00');
/*!40000 ALTER TABLE `ec_shipping_rules` ENABLE KEYS */;
UNLOCK TABLES;

--
-- Table structure for table `ec_store_locators`
--

DROP TABLE IF EXISTS `ec_store_locators`;
/*!40101 SET @saved_cs_client     = @@character_set_client */;
/*!50503 SET character_set_client = utf8mb4 */;
CREATE TABLE `ec_store_locators` (
  `id` bigint unsigned NOT NULL AUTO_INCREMENT,
  `name` varchar(60) COLLATE utf8mb4_unicode_ci NOT NULL,
  `email` varchar(60) COLLATE utf8mb4_unicode_ci DEFAULT NULL,
  `phone` varchar(20) COLLATE utf8mb4_unicode_ci NOT NULL,
  `address` varchar(255) COLLATE utf8mb4_unicode_ci NOT NULL,
  `country` varchar(120) COLLATE utf8mb4_unicode_ci DEFAULT NULL,
  `state` varchar(120) COLLATE utf8mb4_unicode_ci DEFAULT NULL,
  `city` varchar(120) COLLATE utf8mb4_unicode_ci DEFAULT NULL,
  `is_primary` tinyint(1) DEFAULT '0',
  `is_shipping_location` tinyint(1) DEFAULT '1',
  `created_at` timestamp NULL DEFAULT NULL,
  `updated_at` timestamp NULL DEFAULT NULL,
  PRIMARY KEY (`id`)
) ENGINE=InnoDB AUTO_INCREMENT=2 DEFAULT CHARSET=utf8mb4 COLLATE=utf8mb4_unicode_ci;
/*!40101 SET character_set_client = @saved_cs_client */;

--
-- Dumping data for table `ec_store_locators`
--

LOCK TABLES `ec_store_locators` WRITE;
/*!40000 ALTER TABLE `ec_store_locators` DISABLE KEYS */;
INSERT INTO `ec_store_locators` VALUES (1,'Martfury','sales@botble.com','1800979769','502 New Street','AU','Brighton VIC','Brighton VIC',1,1,'2023-10-30 01:30:03','2023-10-30 01:30:03');
/*!40000 ALTER TABLE `ec_store_locators` ENABLE KEYS */;
UNLOCK TABLES;

--
-- Table structure for table `ec_tax_products`
--

DROP TABLE IF EXISTS `ec_tax_products`;
/*!40101 SET @saved_cs_client     = @@character_set_client */;
/*!50503 SET character_set_client = utf8mb4 */;
CREATE TABLE `ec_tax_products` (
  `tax_id` bigint unsigned NOT NULL,
  `product_id` bigint unsigned NOT NULL,
  PRIMARY KEY (`product_id`,`tax_id`),
  KEY `ec_tax_products_tax_id_index` (`tax_id`),
  KEY `ec_tax_products_product_id_index` (`product_id`)
) ENGINE=InnoDB DEFAULT CHARSET=utf8mb4 COLLATE=utf8mb4_unicode_ci;
/*!40101 SET character_set_client = @saved_cs_client */;

--
-- Dumping data for table `ec_tax_products`
--

LOCK TABLES `ec_tax_products` WRITE;
/*!40000 ALTER TABLE `ec_tax_products` DISABLE KEYS */;
INSERT INTO `ec_tax_products` VALUES (1,1),(1,2),(1,3),(1,4),(1,5),(1,6),(1,7),(1,8),(1,9),(1,10),(1,11),(1,12),(1,13),(1,14),(1,15),(1,16),(1,17),(1,18),(1,19),(1,20),(1,21),(1,22),(1,23);
/*!40000 ALTER TABLE `ec_tax_products` ENABLE KEYS */;
UNLOCK TABLES;

--
-- Table structure for table `ec_tax_rules`
--

DROP TABLE IF EXISTS `ec_tax_rules`;
/*!40101 SET @saved_cs_client     = @@character_set_client */;
/*!50503 SET character_set_client = utf8mb4 */;
CREATE TABLE `ec_tax_rules` (
  `id` bigint unsigned NOT NULL AUTO_INCREMENT,
  `tax_id` bigint unsigned NOT NULL,
  `country` varchar(120) COLLATE utf8mb4_unicode_ci DEFAULT NULL,
  `state` varchar(120) COLLATE utf8mb4_unicode_ci DEFAULT NULL,
  `city` varchar(120) COLLATE utf8mb4_unicode_ci DEFAULT NULL,
  `zip_code` varchar(20) COLLATE utf8mb4_unicode_ci DEFAULT NULL,
  `priority` int DEFAULT NULL,
  `is_enabled` tinyint(1) NOT NULL DEFAULT '1',
  `created_at` timestamp NULL DEFAULT NULL,
  `updated_at` timestamp NULL DEFAULT NULL,
  PRIMARY KEY (`id`)
) ENGINE=InnoDB DEFAULT CHARSET=utf8mb4 COLLATE=utf8mb4_unicode_ci;
/*!40101 SET character_set_client = @saved_cs_client */;

--
-- Dumping data for table `ec_tax_rules`
--

LOCK TABLES `ec_tax_rules` WRITE;
/*!40000 ALTER TABLE `ec_tax_rules` DISABLE KEYS */;
/*!40000 ALTER TABLE `ec_tax_rules` ENABLE KEYS */;
UNLOCK TABLES;

--
-- Table structure for table `ec_taxes`
--

DROP TABLE IF EXISTS `ec_taxes`;
/*!40101 SET @saved_cs_client     = @@character_set_client */;
/*!50503 SET character_set_client = utf8mb4 */;
CREATE TABLE `ec_taxes` (
  `id` bigint unsigned NOT NULL AUTO_INCREMENT,
  `title` varchar(191) COLLATE utf8mb4_unicode_ci DEFAULT NULL,
  `percentage` double(8,6) DEFAULT NULL,
  `priority` int DEFAULT NULL,
  `status` varchar(60) COLLATE utf8mb4_unicode_ci NOT NULL DEFAULT 'published',
  `created_at` timestamp NULL DEFAULT NULL,
  `updated_at` timestamp NULL DEFAULT NULL,
  PRIMARY KEY (`id`)
) ENGINE=InnoDB AUTO_INCREMENT=4 DEFAULT CHARSET=utf8mb4 COLLATE=utf8mb4_unicode_ci;
/*!40101 SET character_set_client = @saved_cs_client */;

--
-- Dumping data for table `ec_taxes`
--

LOCK TABLES `ec_taxes` WRITE;
/*!40000 ALTER TABLE `ec_taxes` DISABLE KEYS */;
INSERT INTO `ec_taxes` VALUES (1,'VAT',10.000000,1,'published','2023-10-30 01:30:00','2023-10-30 01:30:00'),(2,'None',0.000000,2,'published','2023-10-30 01:30:00','2023-10-30 01:30:00'),(3,'Import Tax',15.000000,3,'published','2023-10-30 01:30:00','2023-10-30 01:30:00');
/*!40000 ALTER TABLE `ec_taxes` ENABLE KEYS */;
UNLOCK TABLES;

--
-- Table structure for table `ec_wish_lists`
--

DROP TABLE IF EXISTS `ec_wish_lists`;
/*!40101 SET @saved_cs_client     = @@character_set_client */;
/*!50503 SET character_set_client = utf8mb4 */;
CREATE TABLE `ec_wish_lists` (
  `id` bigint unsigned NOT NULL AUTO_INCREMENT,
  `customer_id` bigint unsigned NOT NULL,
  `product_id` bigint unsigned NOT NULL,
  `created_at` timestamp NULL DEFAULT NULL,
  `updated_at` timestamp NULL DEFAULT NULL,
  PRIMARY KEY (`id`),
  KEY `wishlist_relation_index` (`product_id`,`customer_id`)
) ENGINE=InnoDB DEFAULT CHARSET=utf8mb4 COLLATE=utf8mb4_unicode_ci;
/*!40101 SET character_set_client = @saved_cs_client */;

--
-- Dumping data for table `ec_wish_lists`
--

LOCK TABLES `ec_wish_lists` WRITE;
/*!40000 ALTER TABLE `ec_wish_lists` DISABLE KEYS */;
/*!40000 ALTER TABLE `ec_wish_lists` ENABLE KEYS */;
UNLOCK TABLES;

--
-- Table structure for table `failed_jobs`
--

DROP TABLE IF EXISTS `failed_jobs`;
/*!40101 SET @saved_cs_client     = @@character_set_client */;
/*!50503 SET character_set_client = utf8mb4 */;
CREATE TABLE `failed_jobs` (
  `id` bigint unsigned NOT NULL AUTO_INCREMENT,
  `uuid` varchar(191) COLLATE utf8mb4_unicode_ci NOT NULL,
  `connection` text COLLATE utf8mb4_unicode_ci NOT NULL,
  `queue` text COLLATE utf8mb4_unicode_ci NOT NULL,
  `payload` longtext COLLATE utf8mb4_unicode_ci NOT NULL,
  `exception` longtext COLLATE utf8mb4_unicode_ci NOT NULL,
  `failed_at` timestamp NOT NULL DEFAULT CURRENT_TIMESTAMP,
  PRIMARY KEY (`id`),
  UNIQUE KEY `failed_jobs_uuid_unique` (`uuid`)
) ENGINE=InnoDB DEFAULT CHARSET=utf8mb4 COLLATE=utf8mb4_unicode_ci;
/*!40101 SET character_set_client = @saved_cs_client */;

--
-- Dumping data for table `failed_jobs`
--

LOCK TABLES `failed_jobs` WRITE;
/*!40000 ALTER TABLE `failed_jobs` DISABLE KEYS */;
/*!40000 ALTER TABLE `failed_jobs` ENABLE KEYS */;
UNLOCK TABLES;

--
-- Table structure for table `faq_categories`
--

DROP TABLE IF EXISTS `faq_categories`;
/*!40101 SET @saved_cs_client     = @@character_set_client */;
/*!50503 SET character_set_client = utf8mb4 */;
CREATE TABLE `faq_categories` (
  `id` bigint unsigned NOT NULL AUTO_INCREMENT,
  `name` varchar(120) COLLATE utf8mb4_unicode_ci NOT NULL,
  `order` tinyint NOT NULL DEFAULT '0',
  `status` varchar(60) COLLATE utf8mb4_unicode_ci NOT NULL DEFAULT 'published',
  `created_at` timestamp NULL DEFAULT NULL,
  `updated_at` timestamp NULL DEFAULT NULL,
  PRIMARY KEY (`id`)
) ENGINE=InnoDB AUTO_INCREMENT=4 DEFAULT CHARSET=utf8mb4 COLLATE=utf8mb4_unicode_ci;
/*!40101 SET character_set_client = @saved_cs_client */;

--
-- Dumping data for table `faq_categories`
--

LOCK TABLES `faq_categories` WRITE;
/*!40000 ALTER TABLE `faq_categories` DISABLE KEYS */;
INSERT INTO `faq_categories` VALUES (1,'SHIPPING',0,'published','2023-10-30 01:30:03','2023-10-30 01:30:03'),(2,'PAYMENT',1,'published','2023-10-30 01:30:03','2023-10-30 01:30:03'),(3,'ORDER &amp; RETURNS',2,'published','2023-10-30 01:30:03','2023-10-30 01:30:03');
/*!40000 ALTER TABLE `faq_categories` ENABLE KEYS */;
UNLOCK TABLES;

--
-- Table structure for table `faq_categories_translations`
--

DROP TABLE IF EXISTS `faq_categories_translations`;
/*!40101 SET @saved_cs_client     = @@character_set_client */;
/*!50503 SET character_set_client = utf8mb4 */;
CREATE TABLE `faq_categories_translations` (
  `lang_code` varchar(191) COLLATE utf8mb4_unicode_ci NOT NULL,
  `faq_categories_id` bigint unsigned NOT NULL,
  `name` varchar(120) COLLATE utf8mb4_unicode_ci DEFAULT NULL,
  PRIMARY KEY (`lang_code`,`faq_categories_id`)
) ENGINE=InnoDB DEFAULT CHARSET=utf8mb4 COLLATE=utf8mb4_unicode_ci;
/*!40101 SET character_set_client = @saved_cs_client */;

--
-- Dumping data for table `faq_categories_translations`
--

LOCK TABLES `faq_categories_translations` WRITE;
/*!40000 ALTER TABLE `faq_categories_translations` DISABLE KEYS */;
/*!40000 ALTER TABLE `faq_categories_translations` ENABLE KEYS */;
UNLOCK TABLES;

--
-- Table structure for table `faqs`
--

DROP TABLE IF EXISTS `faqs`;
/*!40101 SET @saved_cs_client     = @@character_set_client */;
/*!50503 SET character_set_client = utf8mb4 */;
CREATE TABLE `faqs` (
  `id` bigint unsigned NOT NULL AUTO_INCREMENT,
  `question` text COLLATE utf8mb4_unicode_ci NOT NULL,
  `answer` text COLLATE utf8mb4_unicode_ci NOT NULL,
  `category_id` bigint unsigned NOT NULL,
  `status` varchar(60) COLLATE utf8mb4_unicode_ci NOT NULL DEFAULT 'published',
  `created_at` timestamp NULL DEFAULT NULL,
  `updated_at` timestamp NULL DEFAULT NULL,
  PRIMARY KEY (`id`)
) ENGINE=InnoDB AUTO_INCREMENT=11 DEFAULT CHARSET=utf8mb4 COLLATE=utf8mb4_unicode_ci;
/*!40101 SET character_set_client = @saved_cs_client */;

--
-- Dumping data for table `faqs`
--

LOCK TABLES `faqs` WRITE;
/*!40000 ALTER TABLE `faqs` DISABLE KEYS */;
INSERT INTO `faqs` VALUES (1,'What Shipping Methods Are Available?','Ex Portland Pitchfork irure mustache. Eutra fap before they sold out literally. Aliquip ugh bicycle rights actually mlkshk, seitan squid craft beer tempor.',1,'published','2023-10-30 01:30:03','2023-10-30 01:30:03'),(2,'Do You Ship Internationally?','Hoodie tote bag mixtape tofu. Typewriter jean shorts wolf quinoa, messenger bag organic freegan cray.',1,'published','2023-10-30 01:30:03','2023-10-30 01:30:03'),(3,'How Long Will It Take To Get My Package?','Swag slow-carb quinoa VHS typewriter pork belly brunch, paleo single-origin coffee Wes Anderson. Flexitarian Pitchfork forage, literally paleo fap pour-over. Wes Anderson Pinterest YOLO fanny pack meggings, deep v XOXO chambray sustainable slow-carb raw denim church-key fap chillwave Etsy. +1 typewriter kitsch, American Apparel tofu Banksy Vice.',1,'published','2023-10-30 01:30:03','2023-10-30 01:30:03'),(4,'What Payment Methods Are Accepted?','Fashion axe DIY jean shorts, swag kale chips meh polaroid kogi butcher Wes Anderson chambray next level semiotics gentrify yr. Voluptate photo booth fugiat Vice. Austin sed Williamsburg, ea labore raw denim voluptate cred proident mixtape excepteur mustache. Twee chia photo booth readymade food truck, hoodie roof party swag keytar PBR DIY.',2,'published','2023-10-30 01:30:03','2023-10-30 01:30:03'),(5,'Is Buying On-Line Safe?','Art party authentic freegan semiotics jean shorts chia cred. Neutra Austin roof party Brooklyn, synth Thundercats swag 8-bit photo booth. Plaid letterpress leggings craft beer meh ethical Pinterest.',2,'published','2023-10-30 01:30:03','2023-10-30 01:30:03'),(6,'How do I place an Order?','Keytar cray slow-carb, Godard banh mi salvia pour-over. Slow-carb Odd Future seitan normcore. Master cleanse American Apparel gentrify flexitarian beard slow-carb next level. Raw denim polaroid paleo farm-to-table, put a bird on it lo-fi tattooed Wes Anderson Pinterest letterpress. Fingerstache McSweeney’s pour-over, letterpress Schlitz photo booth master cleanse bespoke hashtag chillwave gentrify.',3,'published','2023-10-30 01:30:03','2023-10-30 01:30:03'),(7,'How Can I Cancel Or Change My Order?','Plaid letterpress leggings craft beer meh ethical Pinterest. Art party authentic freegan semiotics jean shorts chia cred. Neutra Austin roof party Brooklyn, synth Thundercats swag 8-bit photo booth.',3,'published','2023-10-30 01:30:03','2023-10-30 01:30:03'),(8,'Do I need an account to place an order?','Thundercats swag 8-bit photo booth. Plaid letterpress leggings craft beer meh ethical Pinterest. Twee chia photo booth readymade food truck, hoodie roof party swag keytar PBR DIY. Cray ugh 3 wolf moon fap, fashion axe irony butcher cornhole typewriter chambray VHS banjo street art.',3,'published','2023-10-30 01:30:03','2023-10-30 01:30:03'),(9,'How Do I Track My Order?','Keytar cray slow-carb, Godard banh mi salvia pour-over. Slow-carb @Odd Future seitan normcore. Master cleanse American Apparel gentrify flexitarian beard slow-carb next level.',3,'published','2023-10-30 01:30:03','2023-10-30 01:30:03'),(10,'How Can I Return a Product?','Kale chips Truffaut Williamsburg, hashtag fixie Pinterest raw denim c hambray drinking vinegar Carles street art Bushwick gastropub. Wolf Tumblr paleo church-key. Plaid food truck Echo Park YOLO bitters hella, direct trade Thundercats leggings quinoa before they sold out. You probably haven’t heard of them wayfarers authentic umami drinking vinegar Pinterest Cosby sweater, fingerstache fap High Life.',3,'published','2023-10-30 01:30:03','2023-10-30 01:30:03');
/*!40000 ALTER TABLE `faqs` ENABLE KEYS */;
UNLOCK TABLES;

--
-- Table structure for table `faqs_translations`
--

DROP TABLE IF EXISTS `faqs_translations`;
/*!40101 SET @saved_cs_client     = @@character_set_client */;
/*!50503 SET character_set_client = utf8mb4 */;
CREATE TABLE `faqs_translations` (
  `lang_code` varchar(191) COLLATE utf8mb4_unicode_ci NOT NULL,
  `faqs_id` bigint unsigned NOT NULL,
  `question` text COLLATE utf8mb4_unicode_ci,
  `answer` text COLLATE utf8mb4_unicode_ci,
  PRIMARY KEY (`lang_code`,`faqs_id`)
) ENGINE=InnoDB DEFAULT CHARSET=utf8mb4 COLLATE=utf8mb4_unicode_ci;
/*!40101 SET character_set_client = @saved_cs_client */;

--
-- Dumping data for table `faqs_translations`
--

LOCK TABLES `faqs_translations` WRITE;
/*!40000 ALTER TABLE `faqs_translations` DISABLE KEYS */;
/*!40000 ALTER TABLE `faqs_translations` ENABLE KEYS */;
UNLOCK TABLES;

--
-- Table structure for table `jobs`
--

DROP TABLE IF EXISTS `jobs`;
/*!40101 SET @saved_cs_client     = @@character_set_client */;
/*!50503 SET character_set_client = utf8mb4 */;
CREATE TABLE `jobs` (
  `id` bigint unsigned NOT NULL AUTO_INCREMENT,
  `queue` varchar(191) COLLATE utf8mb4_unicode_ci NOT NULL,
  `payload` longtext COLLATE utf8mb4_unicode_ci NOT NULL,
  `attempts` tinyint unsigned NOT NULL,
  `reserved_at` int unsigned DEFAULT NULL,
  `available_at` int unsigned NOT NULL,
  `created_at` int unsigned NOT NULL,
  PRIMARY KEY (`id`),
  KEY `jobs_queue_index` (`queue`)
) ENGINE=InnoDB DEFAULT CHARSET=utf8mb4 COLLATE=utf8mb4_unicode_ci;
/*!40101 SET character_set_client = @saved_cs_client */;

--
-- Dumping data for table `jobs`
--

LOCK TABLES `jobs` WRITE;
/*!40000 ALTER TABLE `jobs` DISABLE KEYS */;
/*!40000 ALTER TABLE `jobs` ENABLE KEYS */;
UNLOCK TABLES;

--
-- Table structure for table `language_meta`
--

DROP TABLE IF EXISTS `language_meta`;
/*!40101 SET @saved_cs_client     = @@character_set_client */;
/*!50503 SET character_set_client = utf8mb4 */;
CREATE TABLE `language_meta` (
  `lang_meta_id` bigint unsigned NOT NULL AUTO_INCREMENT,
  `lang_meta_code` varchar(20) CHARACTER SET utf8mb4 COLLATE utf8mb4_unicode_ci DEFAULT NULL,
  `lang_meta_origin` varchar(32) CHARACTER SET utf8mb4 COLLATE utf8mb4_unicode_ci NOT NULL,
  `reference_id` bigint unsigned NOT NULL,
  `reference_type` varchar(120) COLLATE utf8mb4_unicode_ci NOT NULL,
  PRIMARY KEY (`lang_meta_id`),
  KEY `language_meta_reference_id_index` (`reference_id`),
  KEY `meta_code_index` (`lang_meta_code`),
  KEY `meta_origin_index` (`lang_meta_origin`),
  KEY `meta_reference_type_index` (`reference_type`)
) ENGINE=InnoDB AUTO_INCREMENT=7 DEFAULT CHARSET=utf8mb4 COLLATE=utf8mb4_unicode_ci;
/*!40101 SET character_set_client = @saved_cs_client */;

--
-- Dumping data for table `language_meta`
--

LOCK TABLES `language_meta` WRITE;
/*!40000 ALTER TABLE `language_meta` DISABLE KEYS */;
INSERT INTO `language_meta` VALUES (1,'en_US','7a4bba89d9886e539bb89c9d8e6a5512',1,'Botble\\SimpleSlider\\Models\\SimpleSlider'),(2,'en_US','dfffe53ce16b9777f9aed840c10ae24f',1,'Botble\\Menu\\Models\\MenuLocation'),(3,'en_US','deeced3b8be6de301de0052a7bd369b6',1,'Botble\\Menu\\Models\\Menu'),(4,'en_US','f0e60f51cad30edb42cde86ad2e6ee95',2,'Botble\\Menu\\Models\\Menu'),(5,'en_US','e2b7d93656fab78e02904bbc4d5464f6',3,'Botble\\Menu\\Models\\Menu'),(6,'en_US','146d10aa436b0f522f8876f0fec4e77f',4,'Botble\\Menu\\Models\\Menu');
/*!40000 ALTER TABLE `language_meta` ENABLE KEYS */;
UNLOCK TABLES;

--
-- Table structure for table `languages`
--

DROP TABLE IF EXISTS `languages`;
/*!40101 SET @saved_cs_client     = @@character_set_client */;
/*!50503 SET character_set_client = utf8mb4 */;
CREATE TABLE `languages` (
  `lang_id` bigint unsigned NOT NULL AUTO_INCREMENT,
  `lang_name` varchar(120) COLLATE utf8mb4_unicode_ci NOT NULL,
  `lang_locale` varchar(20) COLLATE utf8mb4_unicode_ci NOT NULL,
  `lang_code` varchar(20) COLLATE utf8mb4_unicode_ci NOT NULL,
  `lang_flag` varchar(20) COLLATE utf8mb4_unicode_ci DEFAULT NULL,
  `lang_is_default` tinyint unsigned NOT NULL DEFAULT '0',
  `lang_order` int NOT NULL DEFAULT '0',
  `lang_is_rtl` tinyint unsigned NOT NULL DEFAULT '0',
  PRIMARY KEY (`lang_id`),
  KEY `lang_locale_index` (`lang_locale`),
  KEY `lang_code_index` (`lang_code`),
  KEY `lang_is_default_index` (`lang_is_default`)
) ENGINE=InnoDB AUTO_INCREMENT=2 DEFAULT CHARSET=utf8mb4 COLLATE=utf8mb4_unicode_ci;
/*!40101 SET character_set_client = @saved_cs_client */;

--
-- Dumping data for table `languages`
--

LOCK TABLES `languages` WRITE;
/*!40000 ALTER TABLE `languages` DISABLE KEYS */;
INSERT INTO `languages` VALUES (1,'English','en','en_US','us',1,0,0);
/*!40000 ALTER TABLE `languages` ENABLE KEYS */;
UNLOCK TABLES;

--
-- Table structure for table `media_files`
--

DROP TABLE IF EXISTS `media_files`;
/*!40101 SET @saved_cs_client     = @@character_set_client */;
/*!50503 SET character_set_client = utf8mb4 */;
CREATE TABLE `media_files` (
  `id` bigint unsigned NOT NULL AUTO_INCREMENT,
  `user_id` bigint unsigned NOT NULL,
  `name` varchar(255) COLLATE utf8mb4_unicode_ci NOT NULL,
  `alt` varchar(191) COLLATE utf8mb4_unicode_ci DEFAULT NULL,
  `folder_id` bigint unsigned NOT NULL DEFAULT '0',
  `mime_type` varchar(120) COLLATE utf8mb4_unicode_ci NOT NULL,
  `size` int NOT NULL,
  `url` varchar(255) COLLATE utf8mb4_unicode_ci NOT NULL,
  `options` text COLLATE utf8mb4_unicode_ci,
  `created_at` timestamp NULL DEFAULT NULL,
  `updated_at` timestamp NULL DEFAULT NULL,
  `deleted_at` timestamp NULL DEFAULT NULL,
  PRIMARY KEY (`id`),
  KEY `media_files_user_id_index` (`user_id`),
  KEY `media_files_index` (`folder_id`,`user_id`,`created_at`)
) ENGINE=InnoDB AUTO_INCREMENT=151 DEFAULT CHARSET=utf8mb4 COLLATE=utf8mb4_unicode_ci;
/*!40101 SET character_set_client = @saved_cs_client */;

--
-- Dumping data for table `media_files`
--

LOCK TABLES `media_files` WRITE;
/*!40000 ALTER TABLE `media_files` DISABLE KEYS */;
INSERT INTO `media_files` VALUES (1,0,'1','1',1,'image/jpeg',1592,'brands/1.jpg','[]','2023-10-30 01:29:50','2023-10-30 01:29:50',NULL),(2,0,'2','2',1,'image/jpeg',1592,'brands/2.jpg','[]','2023-10-30 01:29:50','2023-10-30 01:29:50',NULL),(3,0,'3','3',1,'image/jpeg',1592,'brands/3.jpg','[]','2023-10-30 01:29:50','2023-10-30 01:29:50',NULL),(4,0,'4','4',1,'image/jpeg',1592,'brands/4.jpg','[]','2023-10-30 01:29:50','2023-10-30 01:29:50',NULL),(5,0,'5','5',1,'image/jpeg',1592,'brands/5.jpg','[]','2023-10-30 01:29:50','2023-10-30 01:29:50',NULL),(6,0,'6','6',1,'image/jpeg',1592,'brands/6.jpg','[]','2023-10-30 01:29:50','2023-10-30 01:29:50',NULL),(7,0,'7','7',1,'image/jpeg',1592,'brands/7.jpg','[]','2023-10-30 01:29:50','2023-10-30 01:29:50',NULL),(8,0,'1','1',2,'image/jpeg',9730,'product-categories/1.jpg','[]','2023-10-30 01:29:51','2023-10-30 01:29:51',NULL),(9,0,'2','2',2,'image/jpeg',9730,'product-categories/2.jpg','[]','2023-10-30 01:29:51','2023-10-30 01:29:51',NULL),(10,0,'3','3',2,'image/jpeg',9730,'product-categories/3.jpg','[]','2023-10-30 01:29:51','2023-10-30 01:29:51',NULL),(11,0,'4','4',2,'image/jpeg',9730,'product-categories/4.jpg','[]','2023-10-30 01:29:51','2023-10-30 01:29:51',NULL),(12,0,'5','5',2,'image/jpeg',9730,'product-categories/5.jpg','[]','2023-10-30 01:29:51','2023-10-30 01:29:51',NULL),(13,0,'6','6',2,'image/jpeg',9730,'product-categories/6.jpg','[]','2023-10-30 01:29:51','2023-10-30 01:29:51',NULL),(14,0,'7','7',2,'image/jpeg',9730,'product-categories/7.jpg','[]','2023-10-30 01:29:51','2023-10-30 01:29:51',NULL),(15,0,'8','8',2,'image/jpeg',9730,'product-categories/8.jpg','[]','2023-10-30 01:29:51','2023-10-30 01:29:51',NULL),(16,0,'1','1',3,'image/jpeg',9730,'products/1.jpg','[]','2023-10-30 01:29:51','2023-10-30 01:29:51',NULL),(17,0,'10-1','10-1',3,'image/jpeg',9730,'products/10-1.jpg','[]','2023-10-30 01:29:51','2023-10-30 01:29:51',NULL),(18,0,'10-2','10-2',3,'image/jpeg',9730,'products/10-2.jpg','[]','2023-10-30 01:29:51','2023-10-30 01:29:51',NULL),(19,0,'10','10',3,'image/jpeg',9730,'products/10.jpg','[]','2023-10-30 01:29:51','2023-10-30 01:29:51',NULL),(20,0,'11-1','11-1',3,'image/jpeg',9730,'products/11-1.jpg','[]','2023-10-30 01:29:51','2023-10-30 01:29:51',NULL),(21,0,'11-2','11-2',3,'image/jpeg',9730,'products/11-2.jpg','[]','2023-10-30 01:29:51','2023-10-30 01:29:51',NULL),(22,0,'11-3','11-3',3,'image/jpeg',9730,'products/11-3.jpg','[]','2023-10-30 01:29:52','2023-10-30 01:29:52',NULL),(23,0,'11','11',3,'image/jpeg',9730,'products/11.jpg','[]','2023-10-30 01:29:52','2023-10-30 01:29:52',NULL),(24,0,'12-1','12-1',3,'image/jpeg',9730,'products/12-1.jpg','[]','2023-10-30 01:29:52','2023-10-30 01:29:52',NULL),(25,0,'12-2','12-2',3,'image/jpeg',9730,'products/12-2.jpg','[]','2023-10-30 01:29:52','2023-10-30 01:29:52',NULL),(26,0,'12-3','12-3',3,'image/jpeg',9730,'products/12-3.jpg','[]','2023-10-30 01:29:52','2023-10-30 01:29:52',NULL),(27,0,'12','12',3,'image/jpeg',9730,'products/12.jpg','[]','2023-10-30 01:29:52','2023-10-30 01:29:52',NULL),(28,0,'13-1','13-1',3,'image/jpeg',9730,'products/13-1.jpg','[]','2023-10-30 01:29:52','2023-10-30 01:29:52',NULL),(29,0,'13','13',3,'image/jpeg',9730,'products/13.jpg','[]','2023-10-30 01:29:52','2023-10-30 01:29:52',NULL),(30,0,'14','14',3,'image/jpeg',9730,'products/14.jpg','[]','2023-10-30 01:29:52','2023-10-30 01:29:52',NULL),(31,0,'15-1','15-1',3,'image/jpeg',9730,'products/15-1.jpg','[]','2023-10-30 01:29:52','2023-10-30 01:29:52',NULL),(32,0,'15','15',3,'image/jpeg',9730,'products/15.jpg','[]','2023-10-30 01:29:52','2023-10-30 01:29:52',NULL),(33,0,'16','16',3,'image/jpeg',9730,'products/16.jpg','[]','2023-10-30 01:29:52','2023-10-30 01:29:52',NULL),(34,0,'17-1','17-1',3,'image/jpeg',9730,'products/17-1.jpg','[]','2023-10-30 01:29:52','2023-10-30 01:29:52',NULL),(35,0,'17-2','17-2',3,'image/jpeg',9730,'products/17-2.jpg','[]','2023-10-30 01:29:52','2023-10-30 01:29:52',NULL),(36,0,'17-3','17-3',3,'image/jpeg',9730,'products/17-3.jpg','[]','2023-10-30 01:29:52','2023-10-30 01:29:52',NULL),(37,0,'17','17',3,'image/jpeg',9730,'products/17.jpg','[]','2023-10-30 01:29:52','2023-10-30 01:29:52',NULL),(38,0,'18-1','18-1',3,'image/jpeg',9730,'products/18-1.jpg','[]','2023-10-30 01:29:52','2023-10-30 01:29:52',NULL),(39,0,'18-2','18-2',3,'image/jpeg',9730,'products/18-2.jpg','[]','2023-10-30 01:29:52','2023-10-30 01:29:52',NULL),(40,0,'18-3','18-3',3,'image/jpeg',9730,'products/18-3.jpg','[]','2023-10-30 01:29:53','2023-10-30 01:29:53',NULL),(41,0,'18','18',3,'image/jpeg',9730,'products/18.jpg','[]','2023-10-30 01:29:53','2023-10-30 01:29:53',NULL),(42,0,'19-1','19-1',3,'image/jpeg',9730,'products/19-1.jpg','[]','2023-10-30 01:29:53','2023-10-30 01:29:53',NULL),(43,0,'19-2','19-2',3,'image/jpeg',9730,'products/19-2.jpg','[]','2023-10-30 01:29:53','2023-10-30 01:29:53',NULL),(44,0,'19-3','19-3',3,'image/jpeg',9730,'products/19-3.jpg','[]','2023-10-30 01:29:53','2023-10-30 01:29:53',NULL),(45,0,'19','19',3,'image/jpeg',9730,'products/19.jpg','[]','2023-10-30 01:29:53','2023-10-30 01:29:53',NULL),(46,0,'2-1','2-1',3,'image/jpeg',9730,'products/2-1.jpg','[]','2023-10-30 01:29:53','2023-10-30 01:29:53',NULL),(47,0,'2-2','2-2',3,'image/jpeg',9730,'products/2-2.jpg','[]','2023-10-30 01:29:53','2023-10-30 01:29:53',NULL),(48,0,'2-3','2-3',3,'image/jpeg',9730,'products/2-3.jpg','[]','2023-10-30 01:29:53','2023-10-30 01:29:53',NULL),(49,0,'2','2',3,'image/jpeg',9730,'products/2.jpg','[]','2023-10-30 01:29:53','2023-10-30 01:29:53',NULL),(50,0,'20-1','20-1',3,'image/jpeg',9730,'products/20-1.jpg','[]','2023-10-30 01:29:53','2023-10-30 01:29:53',NULL),(51,0,'20-2','20-2',3,'image/jpeg',9730,'products/20-2.jpg','[]','2023-10-30 01:29:53','2023-10-30 01:29:53',NULL),(52,0,'20-3','20-3',3,'image/jpeg',9730,'products/20-3.jpg','[]','2023-10-30 01:29:53','2023-10-30 01:29:53',NULL),(53,0,'20','20',3,'image/jpeg',9730,'products/20.jpg','[]','2023-10-30 01:29:53','2023-10-30 01:29:53',NULL),(54,0,'21-1','21-1',3,'image/jpeg',9730,'products/21-1.jpg','[]','2023-10-30 01:29:53','2023-10-30 01:29:53',NULL),(55,0,'21-2','21-2',3,'image/jpeg',9730,'products/21-2.jpg','[]','2023-10-30 01:29:53','2023-10-30 01:29:53',NULL),(56,0,'21','21',3,'image/jpeg',9730,'products/21.jpg','[]','2023-10-30 01:29:53','2023-10-30 01:29:53',NULL),(57,0,'22-1','22-1',3,'image/jpeg',9730,'products/22-1.jpg','[]','2023-10-30 01:29:53','2023-10-30 01:29:53',NULL),(58,0,'22-2','22-2',3,'image/jpeg',9730,'products/22-2.jpg','[]','2023-10-30 01:29:53','2023-10-30 01:29:53',NULL),(59,0,'22-3','22-3',3,'image/jpeg',9730,'products/22-3.jpg','[]','2023-10-30 01:29:54','2023-10-30 01:29:54',NULL),(60,0,'22','22',3,'image/jpeg',9730,'products/22.jpg','[]','2023-10-30 01:29:54','2023-10-30 01:29:54',NULL),(61,0,'23-1','23-1',3,'image/jpeg',9730,'products/23-1.jpg','[]','2023-10-30 01:29:54','2023-10-30 01:29:54',NULL),(62,0,'23-2','23-2',3,'image/jpeg',9730,'products/23-2.jpg','[]','2023-10-30 01:29:54','2023-10-30 01:29:54',NULL),(63,0,'23-3','23-3',3,'image/jpeg',9730,'products/23-3.jpg','[]','2023-10-30 01:29:54','2023-10-30 01:29:54',NULL),(64,0,'23','23',3,'image/jpeg',9730,'products/23.jpg','[]','2023-10-30 01:29:54','2023-10-30 01:29:54',NULL),(65,0,'3','3',3,'image/jpeg',9730,'products/3.jpg','[]','2023-10-30 01:29:54','2023-10-30 01:29:54',NULL),(66,0,'4-1','4-1',3,'image/jpeg',9730,'products/4-1.jpg','[]','2023-10-30 01:29:54','2023-10-30 01:29:54',NULL),(67,0,'4-2','4-2',3,'image/jpeg',9730,'products/4-2.jpg','[]','2023-10-30 01:29:54','2023-10-30 01:29:54',NULL),(68,0,'4-3','4-3',3,'image/jpeg',9730,'products/4-3.jpg','[]','2023-10-30 01:29:54','2023-10-30 01:29:54',NULL),(69,0,'4','4',3,'image/jpeg',9730,'products/4.jpg','[]','2023-10-30 01:29:54','2023-10-30 01:29:54',NULL),(70,0,'5-1','5-1',3,'image/jpeg',9730,'products/5-1.jpg','[]','2023-10-30 01:29:54','2023-10-30 01:29:54',NULL),(71,0,'5-2','5-2',3,'image/jpeg',9730,'products/5-2.jpg','[]','2023-10-30 01:29:54','2023-10-30 01:29:54',NULL),(72,0,'5-3','5-3',3,'image/jpeg',9730,'products/5-3.jpg','[]','2023-10-30 01:29:54','2023-10-30 01:29:54',NULL),(73,0,'5','5',3,'image/jpeg',9730,'products/5.jpg','[]','2023-10-30 01:29:54','2023-10-30 01:29:54',NULL),(74,0,'6','6',3,'image/jpeg',9730,'products/6.jpg','[]','2023-10-30 01:29:54','2023-10-30 01:29:54',NULL),(75,0,'7','7',3,'image/jpeg',9730,'products/7.jpg','[]','2023-10-30 01:29:54','2023-10-30 01:29:54',NULL),(76,0,'8-1','8-1',3,'image/jpeg',9730,'products/8-1.jpg','[]','2023-10-30 01:29:54','2023-10-30 01:29:54',NULL),(77,0,'8-2','8-2',3,'image/jpeg',9730,'products/8-2.jpg','[]','2023-10-30 01:29:54','2023-10-30 01:29:54',NULL),(78,0,'8-3','8-3',3,'image/jpeg',9730,'products/8-3.jpg','[]','2023-10-30 01:29:55','2023-10-30 01:29:55',NULL),(79,0,'8','8',3,'image/jpeg',9730,'products/8.jpg','[]','2023-10-30 01:29:55','2023-10-30 01:29:55',NULL),(80,0,'9-1','9-1',3,'image/jpeg',9730,'products/9-1.jpg','[]','2023-10-30 01:29:55','2023-10-30 01:29:55',NULL),(81,0,'9-2','9-2',3,'image/jpeg',9730,'products/9-2.jpg','[]','2023-10-30 01:29:55','2023-10-30 01:29:55',NULL),(82,0,'9','9',3,'image/jpeg',9730,'products/9.jpg','[]','2023-10-30 01:29:55','2023-10-30 01:29:55',NULL),(83,0,'1','1',4,'image/jpeg',9730,'customers/1.jpg','[]','2023-10-30 01:29:57','2023-10-30 01:29:57',NULL),(84,0,'10','10',4,'image/jpeg',9730,'customers/10.jpg','[]','2023-10-30 01:29:57','2023-10-30 01:29:57',NULL),(85,0,'2','2',4,'image/jpeg',9730,'customers/2.jpg','[]','2023-10-30 01:29:57','2023-10-30 01:29:57',NULL),(86,0,'3','3',4,'image/jpeg',9730,'customers/3.jpg','[]','2023-10-30 01:29:57','2023-10-30 01:29:57',NULL),(87,0,'4','4',4,'image/jpeg',9730,'customers/4.jpg','[]','2023-10-30 01:29:57','2023-10-30 01:29:57',NULL),(88,0,'5','5',4,'image/jpeg',9730,'customers/5.jpg','[]','2023-10-30 01:29:57','2023-10-30 01:29:57',NULL),(89,0,'6','6',4,'image/jpeg',9730,'customers/6.jpg','[]','2023-10-30 01:29:58','2023-10-30 01:29:58',NULL),(90,0,'7','7',4,'image/jpeg',9730,'customers/7.jpg','[]','2023-10-30 01:29:58','2023-10-30 01:29:58',NULL),(91,0,'8','8',4,'image/jpeg',9730,'customers/8.jpg','[]','2023-10-30 01:29:58','2023-10-30 01:29:58',NULL),(92,0,'9','9',4,'image/jpeg',9730,'customers/9.jpg','[]','2023-10-30 01:29:58','2023-10-30 01:29:58',NULL),(93,0,'1','1',5,'image/jpeg',9730,'news/1.jpg','[]','2023-10-30 01:30:01','2023-10-30 01:30:01',NULL),(94,0,'10','10',5,'image/jpeg',9730,'news/10.jpg','[]','2023-10-30 01:30:01','2023-10-30 01:30:01',NULL),(95,0,'11','11',5,'image/jpeg',9730,'news/11.jpg','[]','2023-10-30 01:30:01','2023-10-30 01:30:01',NULL),(96,0,'2','2',5,'image/jpeg',9730,'news/2.jpg','[]','2023-10-30 01:30:01','2023-10-30 01:30:01',NULL),(97,0,'3','3',5,'image/jpeg',9730,'news/3.jpg','[]','2023-10-30 01:30:01','2023-10-30 01:30:01',NULL),(98,0,'4','4',5,'image/jpeg',9730,'news/4.jpg','[]','2023-10-30 01:30:01','2023-10-30 01:30:01',NULL),(99,0,'5','5',5,'image/jpeg',9730,'news/5.jpg','[]','2023-10-30 01:30:02','2023-10-30 01:30:02',NULL),(100,0,'6','6',5,'image/jpeg',9730,'news/6.jpg','[]','2023-10-30 01:30:02','2023-10-30 01:30:02',NULL),(101,0,'7','7',5,'image/jpeg',9730,'news/7.jpg','[]','2023-10-30 01:30:02','2023-10-30 01:30:02',NULL),(102,0,'8','8',5,'image/jpeg',9730,'news/8.jpg','[]','2023-10-30 01:30:02','2023-10-30 01:30:02',NULL),(103,0,'9','9',5,'image/jpeg',9730,'news/9.jpg','[]','2023-10-30 01:30:02','2023-10-30 01:30:02',NULL),(104,0,'1-lg','1-lg',6,'image/jpeg',8795,'sliders/1-lg.jpg','[]','2023-10-30 01:30:02','2023-10-30 01:30:02',NULL),(105,0,'1-md','1-md',6,'image/jpeg',8795,'sliders/1-md.jpg','[]','2023-10-30 01:30:02','2023-10-30 01:30:02',NULL),(106,0,'1-sm','1-sm',6,'image/jpeg',8795,'sliders/1-sm.jpg','[]','2023-10-30 01:30:02','2023-10-30 01:30:02',NULL),(107,0,'2-lg','2-lg',6,'image/jpeg',8795,'sliders/2-lg.jpg','[]','2023-10-30 01:30:02','2023-10-30 01:30:02',NULL),(108,0,'2-md','2-md',6,'image/jpeg',8795,'sliders/2-md.jpg','[]','2023-10-30 01:30:02','2023-10-30 01:30:02',NULL),(109,0,'2-sm','2-sm',6,'image/jpeg',8795,'sliders/2-sm.jpg','[]','2023-10-30 01:30:02','2023-10-30 01:30:02',NULL),(110,0,'3-lg','3-lg',6,'image/jpeg',8795,'sliders/3-lg.jpg','[]','2023-10-30 01:30:02','2023-10-30 01:30:02',NULL),(111,0,'3-md','3-md',6,'image/jpeg',8795,'sliders/3-md.jpg','[]','2023-10-30 01:30:02','2023-10-30 01:30:02',NULL),(112,0,'3-sm','3-sm',6,'image/jpeg',8795,'sliders/3-sm.jpg','[]','2023-10-30 01:30:02','2023-10-30 01:30:02',NULL),(113,0,'1','1',7,'image/jpeg',3592,'promotion/1.jpg','[]','2023-10-30 01:30:03','2023-10-30 01:30:03',NULL),(114,0,'2','2',7,'image/jpeg',3592,'promotion/2.jpg','[]','2023-10-30 01:30:03','2023-10-30 01:30:03',NULL),(115,0,'3','3',7,'image/jpeg',5370,'promotion/3.jpg','[]','2023-10-30 01:30:03','2023-10-30 01:30:03',NULL),(116,0,'4','4',7,'image/jpeg',5370,'promotion/4.jpg','[]','2023-10-30 01:30:03','2023-10-30 01:30:03',NULL),(117,0,'5','5',7,'image/jpeg',5370,'promotion/5.jpg','[]','2023-10-30 01:30:03','2023-10-30 01:30:03',NULL),(118,0,'6','6',7,'image/jpeg',5370,'promotion/6.jpg','[]','2023-10-30 01:30:03','2023-10-30 01:30:03',NULL),(119,0,'7','7',7,'image/jpeg',5370,'promotion/7.jpg','[]','2023-10-30 01:30:03','2023-10-30 01:30:03',NULL),(120,0,'8','8',7,'image/jpeg',5370,'promotion/8.jpg','[]','2023-10-30 01:30:03','2023-10-30 01:30:03',NULL),(121,0,'9','9',7,'image/jpeg',5370,'promotion/9.jpg','[]','2023-10-30 01:30:03','2023-10-30 01:30:03',NULL),(122,0,'app','app',8,'image/png',8634,'general/app.png','[]','2023-10-30 01:30:03','2023-10-30 01:30:03',NULL),(123,0,'coming-soon','coming-soon',8,'image/jpeg',19900,'general/coming-soon.jpg','[]','2023-10-30 01:30:03','2023-10-30 01:30:03',NULL),(124,0,'favicon','favicon',8,'image/png',1925,'general/favicon.png','[]','2023-10-30 01:30:03','2023-10-30 01:30:03',NULL),(125,0,'logo-dark','logo-dark',8,'image/png',784,'general/logo-dark.png','[]','2023-10-30 01:30:03','2023-10-30 01:30:03',NULL),(126,0,'logo-light','logo-light',8,'image/png',783,'general/logo-light.png','[]','2023-10-30 01:30:03','2023-10-30 01:30:03',NULL),(127,0,'logo','logo',8,'image/png',793,'general/logo.png','[]','2023-10-30 01:30:03','2023-10-30 01:30:03',NULL),(128,0,'newsletter','newsletter',8,'image/jpeg',9745,'general/newsletter.jpg','[]','2023-10-30 01:30:04','2023-10-30 01:30:04',NULL),(129,0,'payment-method-1','payment-method-1',8,'image/jpeg',813,'general/payment-method-1.jpg','[]','2023-10-30 01:30:04','2023-10-30 01:30:04',NULL),(130,0,'payment-method-2','payment-method-2',8,'image/jpeg',878,'general/payment-method-2.jpg','[]','2023-10-30 01:30:04','2023-10-30 01:30:04',NULL),(131,0,'payment-method-3','payment-method-3',8,'image/jpeg',816,'general/payment-method-3.jpg','[]','2023-10-30 01:30:04','2023-10-30 01:30:04',NULL),(132,0,'payment-method-4','payment-method-4',8,'image/jpeg',638,'general/payment-method-4.jpg','[]','2023-10-30 01:30:04','2023-10-30 01:30:04',NULL),(133,0,'payment-method-5','payment-method-5',8,'image/jpeg',659,'general/payment-method-5.jpg','[]','2023-10-30 01:30:04','2023-10-30 01:30:04',NULL),(134,0,'1','1',9,'image/png',3482,'stores/1.png','[]','2023-10-30 01:30:04','2023-10-30 01:30:04',NULL),(135,0,'10','10',9,'image/png',1675,'stores/10.png','[]','2023-10-30 01:30:04','2023-10-30 01:30:04',NULL),(136,0,'11','11',9,'image/png',1857,'stores/11.png','[]','2023-10-30 01:30:04','2023-10-30 01:30:04',NULL),(137,0,'12','12',9,'image/png',2046,'stores/12.png','[]','2023-10-30 01:30:04','2023-10-30 01:30:04',NULL),(138,0,'13','13',9,'image/png',1597,'stores/13.png','[]','2023-10-30 01:30:04','2023-10-30 01:30:04',NULL),(139,0,'14','14',9,'image/png',1649,'stores/14.png','[]','2023-10-30 01:30:04','2023-10-30 01:30:04',NULL),(140,0,'15','15',9,'image/png',2120,'stores/15.png','[]','2023-10-30 01:30:04','2023-10-30 01:30:04',NULL),(141,0,'16','16',9,'image/png',2556,'stores/16.png','[]','2023-10-30 01:30:04','2023-10-30 01:30:04',NULL),(142,0,'17','17',9,'image/png',2631,'stores/17.png','[]','2023-10-30 01:30:04','2023-10-30 01:30:04',NULL),(143,0,'2','2',9,'image/png',3369,'stores/2.png','[]','2023-10-30 01:30:04','2023-10-30 01:30:04',NULL),(144,0,'3','3',9,'image/png',3044,'stores/3.png','[]','2023-10-30 01:30:04','2023-10-30 01:30:04',NULL),(145,0,'4','4',9,'image/png',3096,'stores/4.png','[]','2023-10-30 01:30:04','2023-10-30 01:30:04',NULL),(146,0,'5','5',9,'image/png',3607,'stores/5.png','[]','2023-10-30 01:30:04','2023-10-30 01:30:04',NULL),(147,0,'6','6',9,'image/png',3778,'stores/6.png','[]','2023-10-30 01:30:04','2023-10-30 01:30:04',NULL),(148,0,'7','7',9,'image/png',1566,'stores/7.png','[]','2023-10-30 01:30:04','2023-10-30 01:30:04',NULL),(149,0,'8','8',9,'image/png',1773,'stores/8.png','[]','2023-10-30 01:30:04','2023-10-30 01:30:04',NULL),(150,0,'9','9',9,'image/png',1671,'stores/9.png','[]','2023-10-30 01:30:04','2023-10-30 01:30:04',NULL);
/*!40000 ALTER TABLE `media_files` ENABLE KEYS */;
UNLOCK TABLES;

--
-- Table structure for table `media_folders`
--

DROP TABLE IF EXISTS `media_folders`;
/*!40101 SET @saved_cs_client     = @@character_set_client */;
/*!50503 SET character_set_client = utf8mb4 */;
CREATE TABLE `media_folders` (
  `id` bigint unsigned NOT NULL AUTO_INCREMENT,
  `user_id` bigint unsigned NOT NULL,
  `name` varchar(191) COLLATE utf8mb4_unicode_ci DEFAULT NULL,
  `slug` varchar(191) COLLATE utf8mb4_unicode_ci DEFAULT NULL,
  `parent_id` bigint unsigned NOT NULL DEFAULT '0',
  `created_at` timestamp NULL DEFAULT NULL,
  `updated_at` timestamp NULL DEFAULT NULL,
  `deleted_at` timestamp NULL DEFAULT NULL,
  PRIMARY KEY (`id`),
  KEY `media_folders_user_id_index` (`user_id`),
  KEY `media_folders_index` (`parent_id`,`user_id`,`created_at`)
) ENGINE=InnoDB AUTO_INCREMENT=10 DEFAULT CHARSET=utf8mb4 COLLATE=utf8mb4_unicode_ci;
/*!40101 SET character_set_client = @saved_cs_client */;

--
-- Dumping data for table `media_folders`
--

LOCK TABLES `media_folders` WRITE;
/*!40000 ALTER TABLE `media_folders` DISABLE KEYS */;
INSERT INTO `media_folders` VALUES (1,0,'brands','brands',0,'2023-10-30 01:29:50','2023-10-30 01:29:50',NULL),(2,0,'product-categories','product-categories',0,'2023-10-30 01:29:51','2023-10-30 01:29:51',NULL),(3,0,'products','products',0,'2023-10-30 01:29:51','2023-10-30 01:29:51',NULL),(4,0,'customers','customers',0,'2023-10-30 01:29:57','2023-10-30 01:29:57',NULL),(5,0,'news','news',0,'2023-10-30 01:30:01','2023-10-30 01:30:01',NULL),(6,0,'sliders','sliders',0,'2023-10-30 01:30:02','2023-10-30 01:30:02',NULL),(7,0,'promotion','promotion',0,'2023-10-30 01:30:03','2023-10-30 01:30:03',NULL),(8,0,'general','general',0,'2023-10-30 01:30:03','2023-10-30 01:30:03',NULL),(9,0,'stores','stores',0,'2023-10-30 01:30:04','2023-10-30 01:30:04',NULL);
/*!40000 ALTER TABLE `media_folders` ENABLE KEYS */;
UNLOCK TABLES;

--
-- Table structure for table `media_settings`
--

DROP TABLE IF EXISTS `media_settings`;
/*!40101 SET @saved_cs_client     = @@character_set_client */;
/*!50503 SET character_set_client = utf8mb4 */;
CREATE TABLE `media_settings` (
  `id` bigint unsigned NOT NULL AUTO_INCREMENT,
  `key` varchar(120) COLLATE utf8mb4_unicode_ci NOT NULL,
  `value` text COLLATE utf8mb4_unicode_ci,
  `media_id` bigint unsigned DEFAULT NULL,
  `user_id` bigint unsigned DEFAULT NULL,
  `created_at` timestamp NULL DEFAULT NULL,
  `updated_at` timestamp NULL DEFAULT NULL,
  PRIMARY KEY (`id`)
) ENGINE=InnoDB DEFAULT CHARSET=utf8mb4 COLLATE=utf8mb4_unicode_ci;
/*!40101 SET character_set_client = @saved_cs_client */;

--
-- Dumping data for table `media_settings`
--

LOCK TABLES `media_settings` WRITE;
/*!40000 ALTER TABLE `media_settings` DISABLE KEYS */;
/*!40000 ALTER TABLE `media_settings` ENABLE KEYS */;
UNLOCK TABLES;

--
-- Table structure for table `menu_locations`
--

DROP TABLE IF EXISTS `menu_locations`;
/*!40101 SET @saved_cs_client     = @@character_set_client */;
/*!50503 SET character_set_client = utf8mb4 */;
CREATE TABLE `menu_locations` (
  `id` bigint unsigned NOT NULL AUTO_INCREMENT,
  `menu_id` bigint unsigned NOT NULL,
  `location` varchar(120) COLLATE utf8mb4_unicode_ci NOT NULL,
  `created_at` timestamp NULL DEFAULT NULL,
  `updated_at` timestamp NULL DEFAULT NULL,
  PRIMARY KEY (`id`),
  KEY `menu_locations_menu_id_created_at_index` (`menu_id`,`created_at`)
) ENGINE=InnoDB AUTO_INCREMENT=2 DEFAULT CHARSET=utf8mb4 COLLATE=utf8mb4_unicode_ci;
/*!40101 SET character_set_client = @saved_cs_client */;

--
-- Dumping data for table `menu_locations`
--

LOCK TABLES `menu_locations` WRITE;
/*!40000 ALTER TABLE `menu_locations` DISABLE KEYS */;
INSERT INTO `menu_locations` VALUES (1,1,'main-menu','2023-10-30 01:30:03','2023-10-30 01:30:03');
/*!40000 ALTER TABLE `menu_locations` ENABLE KEYS */;
UNLOCK TABLES;

--
-- Table structure for table `menu_nodes`
--

DROP TABLE IF EXISTS `menu_nodes`;
/*!40101 SET @saved_cs_client     = @@character_set_client */;
/*!50503 SET character_set_client = utf8mb4 */;
CREATE TABLE `menu_nodes` (
  `id` bigint unsigned NOT NULL AUTO_INCREMENT,
  `menu_id` bigint unsigned NOT NULL,
  `parent_id` bigint unsigned NOT NULL DEFAULT '0',
  `reference_id` bigint unsigned DEFAULT NULL,
  `reference_type` varchar(255) COLLATE utf8mb4_unicode_ci DEFAULT NULL,
  `url` varchar(120) COLLATE utf8mb4_unicode_ci DEFAULT NULL,
  `icon_font` varchar(50) COLLATE utf8mb4_unicode_ci DEFAULT NULL,
  `position` tinyint unsigned NOT NULL DEFAULT '0',
  `title` varchar(120) COLLATE utf8mb4_unicode_ci DEFAULT NULL,
  `css_class` varchar(120) COLLATE utf8mb4_unicode_ci DEFAULT NULL,
  `target` varchar(20) COLLATE utf8mb4_unicode_ci NOT NULL DEFAULT '_self',
  `has_child` tinyint unsigned NOT NULL DEFAULT '0',
  `created_at` timestamp NULL DEFAULT NULL,
  `updated_at` timestamp NULL DEFAULT NULL,
  PRIMARY KEY (`id`),
  KEY `menu_nodes_menu_id_index` (`menu_id`),
  KEY `menu_nodes_parent_id_index` (`parent_id`),
  KEY `reference_id` (`reference_id`),
  KEY `reference_type` (`reference_type`)
) ENGINE=InnoDB AUTO_INCREMENT=29 DEFAULT CHARSET=utf8mb4 COLLATE=utf8mb4_unicode_ci;
/*!40101 SET character_set_client = @saved_cs_client */;

--
-- Dumping data for table `menu_nodes`
--

LOCK TABLES `menu_nodes` WRITE;
/*!40000 ALTER TABLE `menu_nodes` DISABLE KEYS */;
INSERT INTO `menu_nodes` VALUES (1,1,0,NULL,NULL,'/',NULL,0,'Home',NULL,'_self',0,'2023-10-30 01:30:03','2023-10-30 01:30:03'),(2,1,0,NULL,NULL,'#',NULL,0,'Pages',NULL,'_self',1,'2023-10-30 01:30:03','2023-10-30 01:30:03'),(3,1,2,2,'Botble\\Page\\Models\\Page','/about-us',NULL,0,'About us',NULL,'_self',0,'2023-10-30 01:30:03','2023-10-30 01:30:03'),(4,1,2,3,'Botble\\Page\\Models\\Page','/terms-of-use',NULL,0,'Terms Of Use',NULL,'_self',0,'2023-10-30 01:30:03','2023-10-30 01:30:03'),(5,1,2,4,'Botble\\Page\\Models\\Page','/terms-conditions',NULL,0,'Terms & Conditions',NULL,'_self',0,'2023-10-30 01:30:03','2023-10-30 01:30:03'),(6,1,2,5,'Botble\\Page\\Models\\Page','/refund-policy',NULL,0,'Refund Policy',NULL,'_self',0,'2023-10-30 01:30:03','2023-10-30 01:30:03'),(7,1,2,12,'Botble\\Page\\Models\\Page','/coming-soon',NULL,0,'Coming soon',NULL,'_self',0,'2023-10-30 01:30:03','2023-10-30 01:30:03'),(8,1,0,NULL,NULL,'/products',NULL,0,'Shop',NULL,'_self',1,'2023-10-30 01:30:03','2023-10-30 01:30:03'),(9,1,8,NULL,NULL,'/products',NULL,0,'All products',NULL,'_self',0,'2023-10-30 01:30:03','2023-10-30 01:30:03'),(10,1,8,15,'Botble\\Ecommerce\\Models\\ProductCategory','/product-categories/batteries',NULL,0,'Products Of Category',NULL,'_self',0,'2023-10-30 01:30:03','2023-10-30 01:30:03'),(11,1,8,NULL,NULL,'/products/beat-headphone',NULL,0,'Product Single',NULL,'_self',0,'2023-10-30 01:30:03','2023-10-30 01:30:03'),(12,1,0,NULL,NULL,'/stores',NULL,0,'Stores',NULL,'_self',0,'2023-10-30 01:30:03','2023-10-30 01:30:03'),(13,1,0,6,'Botble\\Page\\Models\\Page','/blog',NULL,0,'Blog',NULL,'_self',0,'2023-10-30 01:30:03','2023-10-30 01:30:03'),(14,1,0,7,'Botble\\Page\\Models\\Page','/faqs',NULL,0,'FAQs',NULL,'_self',0,'2023-10-30 01:30:03','2023-10-30 01:30:03'),(15,1,0,8,'Botble\\Page\\Models\\Page','/contact',NULL,0,'Contact',NULL,'_self',0,'2023-10-30 01:30:03','2023-10-30 01:30:03'),(16,2,0,3,'Botble\\Page\\Models\\Page','/terms-of-use',NULL,0,'Terms Of Use',NULL,'_self',0,'2023-10-30 01:30:03','2023-10-30 01:30:03'),(17,2,0,4,'Botble\\Page\\Models\\Page','/terms-conditions',NULL,0,'Terms & Conditions',NULL,'_self',0,'2023-10-30 01:30:03','2023-10-30 01:30:03'),(18,2,0,5,'Botble\\Page\\Models\\Page','/refund-policy',NULL,0,'Refund Policy',NULL,'_self',0,'2023-10-30 01:30:03','2023-10-30 01:30:03'),(19,2,0,7,'Botble\\Page\\Models\\Page','/faqs',NULL,0,'FAQs',NULL,'_self',0,'2023-10-30 01:30:03','2023-10-30 01:30:03'),(20,2,0,NULL,NULL,'/nothing',NULL,0,'404 Page',NULL,'_self',0,'2023-10-30 01:30:03','2023-10-30 01:30:03'),(21,3,0,2,'Botble\\Page\\Models\\Page','/about-us',NULL,0,'About us',NULL,'_self',0,'2023-10-30 01:30:03','2023-10-30 01:30:03'),(22,3,0,10,'Botble\\Page\\Models\\Page','/affiliate',NULL,0,'Affiliate',NULL,'_self',0,'2023-10-30 01:30:03','2023-10-30 01:30:03'),(23,3,0,11,'Botble\\Page\\Models\\Page','/career',NULL,0,'Career',NULL,'_self',0,'2023-10-30 01:30:03','2023-10-30 01:30:03'),(24,3,0,8,'Botble\\Page\\Models\\Page','/contact',NULL,0,'Contact us',NULL,'_self',0,'2023-10-30 01:30:03','2023-10-30 01:30:03'),(25,4,0,6,'Botble\\Page\\Models\\Page','/blog',NULL,0,'Our blog',NULL,'_self',0,'2023-10-30 01:30:03','2023-10-30 01:30:03'),(26,4,0,NULL,NULL,'/cart',NULL,0,'Cart',NULL,'_self',0,'2023-10-30 01:30:03','2023-10-30 01:30:03'),(27,4,0,NULL,NULL,'/customer/overview',NULL,0,'My account',NULL,'_self',0,'2023-10-30 01:30:03','2023-10-30 01:30:03'),(28,4,0,NULL,NULL,'/products',NULL,0,'Shop',NULL,'_self',0,'2023-10-30 01:30:03','2023-10-30 01:30:03');
/*!40000 ALTER TABLE `menu_nodes` ENABLE KEYS */;
UNLOCK TABLES;

--
-- Table structure for table `menus`
--

DROP TABLE IF EXISTS `menus`;
/*!40101 SET @saved_cs_client     = @@character_set_client */;
/*!50503 SET character_set_client = utf8mb4 */;
CREATE TABLE `menus` (
  `id` bigint unsigned NOT NULL AUTO_INCREMENT,
  `name` varchar(120) COLLATE utf8mb4_unicode_ci NOT NULL,
  `slug` varchar(120) COLLATE utf8mb4_unicode_ci DEFAULT NULL,
  `status` varchar(60) COLLATE utf8mb4_unicode_ci NOT NULL DEFAULT 'published',
  `created_at` timestamp NULL DEFAULT NULL,
  `updated_at` timestamp NULL DEFAULT NULL,
  PRIMARY KEY (`id`),
  UNIQUE KEY `menus_slug_unique` (`slug`)
) ENGINE=InnoDB AUTO_INCREMENT=5 DEFAULT CHARSET=utf8mb4 COLLATE=utf8mb4_unicode_ci;
/*!40101 SET character_set_client = @saved_cs_client */;

--
-- Dumping data for table `menus`
--

LOCK TABLES `menus` WRITE;
/*!40000 ALTER TABLE `menus` DISABLE KEYS */;
INSERT INTO `menus` VALUES (1,'Main menu','main-menu','published','2023-10-30 01:30:03','2023-10-30 01:30:03'),(2,'Quick links','quick-links','published','2023-10-30 01:30:03','2023-10-30 01:30:03'),(3,'Company','company','published','2023-10-30 01:30:03','2023-10-30 01:30:03'),(4,'Business','business','published','2023-10-30 01:30:03','2023-10-30 01:30:03');
/*!40000 ALTER TABLE `menus` ENABLE KEYS */;
UNLOCK TABLES;

--
-- Table structure for table `meta_boxes`
--

DROP TABLE IF EXISTS `meta_boxes`;
/*!40101 SET @saved_cs_client     = @@character_set_client */;
/*!50503 SET character_set_client = utf8mb4 */;
CREATE TABLE `meta_boxes` (
  `id` bigint unsigned NOT NULL AUTO_INCREMENT,
  `meta_key` varchar(255) COLLATE utf8mb4_unicode_ci NOT NULL,
  `meta_value` text COLLATE utf8mb4_unicode_ci,
  `reference_id` bigint unsigned NOT NULL,
  `reference_type` varchar(120) COLLATE utf8mb4_unicode_ci NOT NULL,
  `created_at` timestamp NULL DEFAULT NULL,
  `updated_at` timestamp NULL DEFAULT NULL,
  PRIMARY KEY (`id`),
  KEY `meta_boxes_reference_id_index` (`reference_id`)
) ENGINE=InnoDB AUTO_INCREMENT=44 DEFAULT CHARSET=utf8mb4 COLLATE=utf8mb4_unicode_ci;
/*!40101 SET character_set_client = @saved_cs_client */;

--
-- Dumping data for table `meta_boxes`
--

LOCK TABLES `meta_boxes` WRITE;
/*!40000 ALTER TABLE `meta_boxes` DISABLE KEYS */;
INSERT INTO `meta_boxes` VALUES (1,'icon','[\"icon-star\"]',1,'Botble\\Ecommerce\\Models\\ProductCategory','2023-10-30 01:29:51','2023-10-30 01:29:51'),(2,'icon','[\"icon-laundry\"]',2,'Botble\\Ecommerce\\Models\\ProductCategory','2023-10-30 01:29:51','2023-10-30 01:29:51'),(3,'icon','[\"icon-shirt\"]',16,'Botble\\Ecommerce\\Models\\ProductCategory','2023-10-30 01:29:51','2023-10-30 01:29:51'),(4,'icon','[\"icon-desktop\"]',17,'Botble\\Ecommerce\\Models\\ProductCategory','2023-10-30 01:29:51','2023-10-30 01:29:51'),(5,'icon','[\"icon-lampshade\"]',28,'Botble\\Ecommerce\\Models\\ProductCategory','2023-10-30 01:29:51','2023-10-30 01:29:51'),(6,'icon','[\"icon-heart-pulse\"]',29,'Botble\\Ecommerce\\Models\\ProductCategory','2023-10-30 01:29:51','2023-10-30 01:29:51'),(7,'icon','[\"icon-diamond2\"]',30,'Botble\\Ecommerce\\Models\\ProductCategory','2023-10-30 01:29:51','2023-10-30 01:29:51'),(8,'icon','[\"icon-desktop\"]',31,'Botble\\Ecommerce\\Models\\ProductCategory','2023-10-30 01:29:51','2023-10-30 01:29:51'),(9,'icon','[\"icon-smartphone\"]',32,'Botble\\Ecommerce\\Models\\ProductCategory','2023-10-30 01:29:51','2023-10-30 01:29:51'),(10,'icon','[\"icon-baby-bottle\"]',33,'Botble\\Ecommerce\\Models\\ProductCategory','2023-10-30 01:29:51','2023-10-30 01:29:51'),(11,'icon','[\"icon-baseball\"]',34,'Botble\\Ecommerce\\Models\\ProductCategory','2023-10-30 01:29:51','2023-10-30 01:29:51'),(12,'icon','[\"icon-book2\"]',35,'Botble\\Ecommerce\\Models\\ProductCategory','2023-10-30 01:29:51','2023-10-30 01:29:51'),(13,'icon','[\"icon-car-siren\"]',36,'Botble\\Ecommerce\\Models\\ProductCategory','2023-10-30 01:29:51','2023-10-30 01:29:51'),(14,'icon','[\"icon-wrench\"]',37,'Botble\\Ecommerce\\Models\\ProductCategory','2023-10-30 01:29:51','2023-10-30 01:29:51'),(15,'faq_schema_config','[[[{\"key\":\"question\",\"value\":\"What Shipping Methods Are Available?\"},{\"key\":\"answer\",\"value\":\"Ex Portland Pitchfork irure mustache. Eutra fap before they sold out literally. Aliquip ugh bicycle rights actually mlkshk, seitan squid craft beer tempor.\"}],[{\"key\":\"question\",\"value\":\"Do You Ship Internationally?\"},{\"key\":\"answer\",\"value\":\"Hoodie tote bag mixtape tofu. Typewriter jean shorts wolf quinoa, messenger bag organic freegan cray.\"}],[{\"key\":\"question\",\"value\":\"How Long Will It Take To Get My Package?\"},{\"key\":\"answer\",\"value\":\"Swag slow-carb quinoa VHS typewriter pork belly brunch, paleo single-origin coffee Wes Anderson. Flexitarian Pitchfork forage, literally paleo fap pour-over. Wes Anderson Pinterest YOLO fanny pack meggings, deep v XOXO chambray sustainable slow-carb raw denim church-key fap chillwave Etsy. +1 typewriter kitsch, American Apparel tofu Banksy Vice.\"}],[{\"key\":\"question\",\"value\":\"What Payment Methods Are Accepted?\"},{\"key\":\"answer\",\"value\":\"Fashion axe DIY jean shorts, swag kale chips meh polaroid kogi butcher Wes Anderson chambray next level semiotics gentrify yr. Voluptate photo booth fugiat Vice. Austin sed Williamsburg, ea labore raw denim voluptate cred proident mixtape excepteur mustache. Twee chia photo booth readymade food truck, hoodie roof party swag keytar PBR DIY.\"}],[{\"key\":\"question\",\"value\":\"Is Buying On-Line Safe?\"},{\"key\":\"answer\",\"value\":\"Art party authentic freegan semiotics jean shorts chia cred. Neutra Austin roof party Brooklyn, synth Thundercats swag 8-bit photo booth. Plaid letterpress leggings craft beer meh ethical Pinterest.\"}]]]',1,'Botble\\Ecommerce\\Models\\Product','2023-10-30 01:29:55','2023-10-30 01:29:55'),(16,'faq_schema_config','[[[{\"key\":\"question\",\"value\":\"What Shipping Methods Are Available?\"},{\"key\":\"answer\",\"value\":\"Ex Portland Pitchfork irure mustache. Eutra fap before they sold out literally. Aliquip ugh bicycle rights actually mlkshk, seitan squid craft beer tempor.\"}],[{\"key\":\"question\",\"value\":\"Do You Ship Internationally?\"},{\"key\":\"answer\",\"value\":\"Hoodie tote bag mixtape tofu. Typewriter jean shorts wolf quinoa, messenger bag organic freegan cray.\"}],[{\"key\":\"question\",\"value\":\"How Long Will It Take To Get My Package?\"},{\"key\":\"answer\",\"value\":\"Swag slow-carb quinoa VHS typewriter pork belly brunch, paleo single-origin coffee Wes Anderson. Flexitarian Pitchfork forage, literally paleo fap pour-over. Wes Anderson Pinterest YOLO fanny pack meggings, deep v XOXO chambray sustainable slow-carb raw denim church-key fap chillwave Etsy. +1 typewriter kitsch, American Apparel tofu Banksy Vice.\"}],[{\"key\":\"question\",\"value\":\"What Payment Methods Are Accepted?\"},{\"key\":\"answer\",\"value\":\"Fashion axe DIY jean shorts, swag kale chips meh polaroid kogi butcher Wes Anderson chambray next level semiotics gentrify yr. Voluptate photo booth fugiat Vice. Austin sed Williamsburg, ea labore raw denim voluptate cred proident mixtape excepteur mustache. Twee chia photo booth readymade food truck, hoodie roof party swag keytar PBR DIY.\"}],[{\"key\":\"question\",\"value\":\"Is Buying On-Line Safe?\"},{\"key\":\"answer\",\"value\":\"Art party authentic freegan semiotics jean shorts chia cred. Neutra Austin roof party Brooklyn, synth Thundercats swag 8-bit photo booth. Plaid letterpress leggings craft beer meh ethical Pinterest.\"}]]]',2,'Botble\\Ecommerce\\Models\\Product','2023-10-30 01:29:55','2023-10-30 01:29:55'),(17,'faq_schema_config','[[[{\"key\":\"question\",\"value\":\"What Shipping Methods Are Available?\"},{\"key\":\"answer\",\"value\":\"Ex Portland Pitchfork irure mustache. Eutra fap before they sold out literally. Aliquip ugh bicycle rights actually mlkshk, seitan squid craft beer tempor.\"}],[{\"key\":\"question\",\"value\":\"Do You Ship Internationally?\"},{\"key\":\"answer\",\"value\":\"Hoodie tote bag mixtape tofu. Typewriter jean shorts wolf quinoa, messenger bag organic freegan cray.\"}],[{\"key\":\"question\",\"value\":\"How Long Will It Take To Get My Package?\"},{\"key\":\"answer\",\"value\":\"Swag slow-carb quinoa VHS typewriter pork belly brunch, paleo single-origin coffee Wes Anderson. Flexitarian Pitchfork forage, literally paleo fap pour-over. Wes Anderson Pinterest YOLO fanny pack meggings, deep v XOXO chambray sustainable slow-carb raw denim church-key fap chillwave Etsy. +1 typewriter kitsch, American Apparel tofu Banksy Vice.\"}],[{\"key\":\"question\",\"value\":\"What Payment Methods Are Accepted?\"},{\"key\":\"answer\",\"value\":\"Fashion axe DIY jean shorts, swag kale chips meh polaroid kogi butcher Wes Anderson chambray next level semiotics gentrify yr. Voluptate photo booth fugiat Vice. Austin sed Williamsburg, ea labore raw denim voluptate cred proident mixtape excepteur mustache. Twee chia photo booth readymade food truck, hoodie roof party swag keytar PBR DIY.\"}],[{\"key\":\"question\",\"value\":\"Is Buying On-Line Safe?\"},{\"key\":\"answer\",\"value\":\"Art party authentic freegan semiotics jean shorts chia cred. Neutra Austin roof party Brooklyn, synth Thundercats swag 8-bit photo booth. Plaid letterpress leggings craft beer meh ethical Pinterest.\"}]]]',3,'Botble\\Ecommerce\\Models\\Product','2023-10-30 01:29:55','2023-10-30 01:29:55'),(18,'faq_schema_config','[[[{\"key\":\"question\",\"value\":\"What Shipping Methods Are Available?\"},{\"key\":\"answer\",\"value\":\"Ex Portland Pitchfork irure mustache. Eutra fap before they sold out literally. Aliquip ugh bicycle rights actually mlkshk, seitan squid craft beer tempor.\"}],[{\"key\":\"question\",\"value\":\"Do You Ship Internationally?\"},{\"key\":\"answer\",\"value\":\"Hoodie tote bag mixtape tofu. Typewriter jean shorts wolf quinoa, messenger bag organic freegan cray.\"}],[{\"key\":\"question\",\"value\":\"How Long Will It Take To Get My Package?\"},{\"key\":\"answer\",\"value\":\"Swag slow-carb quinoa VHS typewriter pork belly brunch, paleo single-origin coffee Wes Anderson. Flexitarian Pitchfork forage, literally paleo fap pour-over. Wes Anderson Pinterest YOLO fanny pack meggings, deep v XOXO chambray sustainable slow-carb raw denim church-key fap chillwave Etsy. +1 typewriter kitsch, American Apparel tofu Banksy Vice.\"}],[{\"key\":\"question\",\"value\":\"What Payment Methods Are Accepted?\"},{\"key\":\"answer\",\"value\":\"Fashion axe DIY jean shorts, swag kale chips meh polaroid kogi butcher Wes Anderson chambray next level semiotics gentrify yr. Voluptate photo booth fugiat Vice. Austin sed Williamsburg, ea labore raw denim voluptate cred proident mixtape excepteur mustache. Twee chia photo booth readymade food truck, hoodie roof party swag keytar PBR DIY.\"}],[{\"key\":\"question\",\"value\":\"Is Buying On-Line Safe?\"},{\"key\":\"answer\",\"value\":\"Art party authentic freegan semiotics jean shorts chia cred. Neutra Austin roof party Brooklyn, synth Thundercats swag 8-bit photo booth. Plaid letterpress leggings craft beer meh ethical Pinterest.\"}]]]',4,'Botble\\Ecommerce\\Models\\Product','2023-10-30 01:29:55','2023-10-30 01:29:55'),(19,'faq_schema_config','[[[{\"key\":\"question\",\"value\":\"What Shipping Methods Are Available?\"},{\"key\":\"answer\",\"value\":\"Ex Portland Pitchfork irure mustache. Eutra fap before they sold out literally. Aliquip ugh bicycle rights actually mlkshk, seitan squid craft beer tempor.\"}],[{\"key\":\"question\",\"value\":\"Do You Ship Internationally?\"},{\"key\":\"answer\",\"value\":\"Hoodie tote bag mixtape tofu. Typewriter jean shorts wolf quinoa, messenger bag organic freegan cray.\"}],[{\"key\":\"question\",\"value\":\"How Long Will It Take To Get My Package?\"},{\"key\":\"answer\",\"value\":\"Swag slow-carb quinoa VHS typewriter pork belly brunch, paleo single-origin coffee Wes Anderson. Flexitarian Pitchfork forage, literally paleo fap pour-over. Wes Anderson Pinterest YOLO fanny pack meggings, deep v XOXO chambray sustainable slow-carb raw denim church-key fap chillwave Etsy. +1 typewriter kitsch, American Apparel tofu Banksy Vice.\"}],[{\"key\":\"question\",\"value\":\"What Payment Methods Are Accepted?\"},{\"key\":\"answer\",\"value\":\"Fashion axe DIY jean shorts, swag kale chips meh polaroid kogi butcher Wes Anderson chambray next level semiotics gentrify yr. Voluptate photo booth fugiat Vice. Austin sed Williamsburg, ea labore raw denim voluptate cred proident mixtape excepteur mustache. Twee chia photo booth readymade food truck, hoodie roof party swag keytar PBR DIY.\"}],[{\"key\":\"question\",\"value\":\"Is Buying On-Line Safe?\"},{\"key\":\"answer\",\"value\":\"Art party authentic freegan semiotics jean shorts chia cred. Neutra Austin roof party Brooklyn, synth Thundercats swag 8-bit photo booth. Plaid letterpress leggings craft beer meh ethical Pinterest.\"}]]]',5,'Botble\\Ecommerce\\Models\\Product','2023-10-30 01:29:55','2023-10-30 01:29:55'),(20,'faq_schema_config','[[[{\"key\":\"question\",\"value\":\"What Shipping Methods Are Available?\"},{\"key\":\"answer\",\"value\":\"Ex Portland Pitchfork irure mustache. Eutra fap before they sold out literally. Aliquip ugh bicycle rights actually mlkshk, seitan squid craft beer tempor.\"}],[{\"key\":\"question\",\"value\":\"Do You Ship Internationally?\"},{\"key\":\"answer\",\"value\":\"Hoodie tote bag mixtape tofu. Typewriter jean shorts wolf quinoa, messenger bag organic freegan cray.\"}],[{\"key\":\"question\",\"value\":\"How Long Will It Take To Get My Package?\"},{\"key\":\"answer\",\"value\":\"Swag slow-carb quinoa VHS typewriter pork belly brunch, paleo single-origin coffee Wes Anderson. Flexitarian Pitchfork forage, literally paleo fap pour-over. Wes Anderson Pinterest YOLO fanny pack meggings, deep v XOXO chambray sustainable slow-carb raw denim church-key fap chillwave Etsy. +1 typewriter kitsch, American Apparel tofu Banksy Vice.\"}],[{\"key\":\"question\",\"value\":\"What Payment Methods Are Accepted?\"},{\"key\":\"answer\",\"value\":\"Fashion axe DIY jean shorts, swag kale chips meh polaroid kogi butcher Wes Anderson chambray next level semiotics gentrify yr. Voluptate photo booth fugiat Vice. Austin sed Williamsburg, ea labore raw denim voluptate cred proident mixtape excepteur mustache. Twee chia photo booth readymade food truck, hoodie roof party swag keytar PBR DIY.\"}],[{\"key\":\"question\",\"value\":\"Is Buying On-Line Safe?\"},{\"key\":\"answer\",\"value\":\"Art party authentic freegan semiotics jean shorts chia cred. Neutra Austin roof party Brooklyn, synth Thundercats swag 8-bit photo booth. Plaid letterpress leggings craft beer meh ethical Pinterest.\"}]]]',6,'Botble\\Ecommerce\\Models\\Product','2023-10-30 01:29:55','2023-10-30 01:29:55'),(21,'faq_schema_config','[[[{\"key\":\"question\",\"value\":\"What Shipping Methods Are Available?\"},{\"key\":\"answer\",\"value\":\"Ex Portland Pitchfork irure mustache. Eutra fap before they sold out literally. Aliquip ugh bicycle rights actually mlkshk, seitan squid craft beer tempor.\"}],[{\"key\":\"question\",\"value\":\"Do You Ship Internationally?\"},{\"key\":\"answer\",\"value\":\"Hoodie tote bag mixtape tofu. Typewriter jean shorts wolf quinoa, messenger bag organic freegan cray.\"}],[{\"key\":\"question\",\"value\":\"How Long Will It Take To Get My Package?\"},{\"key\":\"answer\",\"value\":\"Swag slow-carb quinoa VHS typewriter pork belly brunch, paleo single-origin coffee Wes Anderson. Flexitarian Pitchfork forage, literally paleo fap pour-over. Wes Anderson Pinterest YOLO fanny pack meggings, deep v XOXO chambray sustainable slow-carb raw denim church-key fap chillwave Etsy. +1 typewriter kitsch, American Apparel tofu Banksy Vice.\"}],[{\"key\":\"question\",\"value\":\"What Payment Methods Are Accepted?\"},{\"key\":\"answer\",\"value\":\"Fashion axe DIY jean shorts, swag kale chips meh polaroid kogi butcher Wes Anderson chambray next level semiotics gentrify yr. Voluptate photo booth fugiat Vice. Austin sed Williamsburg, ea labore raw denim voluptate cred proident mixtape excepteur mustache. Twee chia photo booth readymade food truck, hoodie roof party swag keytar PBR DIY.\"}],[{\"key\":\"question\",\"value\":\"Is Buying On-Line Safe?\"},{\"key\":\"answer\",\"value\":\"Art party authentic freegan semiotics jean shorts chia cred. Neutra Austin roof party Brooklyn, synth Thundercats swag 8-bit photo booth. Plaid letterpress leggings craft beer meh ethical Pinterest.\"}]]]',7,'Botble\\Ecommerce\\Models\\Product','2023-10-30 01:29:55','2023-10-30 01:29:55'),(22,'faq_schema_config','[[[{\"key\":\"question\",\"value\":\"What Shipping Methods Are Available?\"},{\"key\":\"answer\",\"value\":\"Ex Portland Pitchfork irure mustache. Eutra fap before they sold out literally. Aliquip ugh bicycle rights actually mlkshk, seitan squid craft beer tempor.\"}],[{\"key\":\"question\",\"value\":\"Do You Ship Internationally?\"},{\"key\":\"answer\",\"value\":\"Hoodie tote bag mixtape tofu. Typewriter jean shorts wolf quinoa, messenger bag organic freegan cray.\"}],[{\"key\":\"question\",\"value\":\"How Long Will It Take To Get My Package?\"},{\"key\":\"answer\",\"value\":\"Swag slow-carb quinoa VHS typewriter pork belly brunch, paleo single-origin coffee Wes Anderson. Flexitarian Pitchfork forage, literally paleo fap pour-over. Wes Anderson Pinterest YOLO fanny pack meggings, deep v XOXO chambray sustainable slow-carb raw denim church-key fap chillwave Etsy. +1 typewriter kitsch, American Apparel tofu Banksy Vice.\"}],[{\"key\":\"question\",\"value\":\"What Payment Methods Are Accepted?\"},{\"key\":\"answer\",\"value\":\"Fashion axe DIY jean shorts, swag kale chips meh polaroid kogi butcher Wes Anderson chambray next level semiotics gentrify yr. Voluptate photo booth fugiat Vice. Austin sed Williamsburg, ea labore raw denim voluptate cred proident mixtape excepteur mustache. Twee chia photo booth readymade food truck, hoodie roof party swag keytar PBR DIY.\"}],[{\"key\":\"question\",\"value\":\"Is Buying On-Line Safe?\"},{\"key\":\"answer\",\"value\":\"Art party authentic freegan semiotics jean shorts chia cred. Neutra Austin roof party Brooklyn, synth Thundercats swag 8-bit photo booth. Plaid letterpress leggings craft beer meh ethical Pinterest.\"}]]]',8,'Botble\\Ecommerce\\Models\\Product','2023-10-30 01:29:55','2023-10-30 01:29:55'),(23,'faq_schema_config','[[[{\"key\":\"question\",\"value\":\"What Shipping Methods Are Available?\"},{\"key\":\"answer\",\"value\":\"Ex Portland Pitchfork irure mustache. Eutra fap before they sold out literally. Aliquip ugh bicycle rights actually mlkshk, seitan squid craft beer tempor.\"}],[{\"key\":\"question\",\"value\":\"Do You Ship Internationally?\"},{\"key\":\"answer\",\"value\":\"Hoodie tote bag mixtape tofu. Typewriter jean shorts wolf quinoa, messenger bag organic freegan cray.\"}],[{\"key\":\"question\",\"value\":\"How Long Will It Take To Get My Package?\"},{\"key\":\"answer\",\"value\":\"Swag slow-carb quinoa VHS typewriter pork belly brunch, paleo single-origin coffee Wes Anderson. Flexitarian Pitchfork forage, literally paleo fap pour-over. Wes Anderson Pinterest YOLO fanny pack meggings, deep v XOXO chambray sustainable slow-carb raw denim church-key fap chillwave Etsy. +1 typewriter kitsch, American Apparel tofu Banksy Vice.\"}],[{\"key\":\"question\",\"value\":\"What Payment Methods Are Accepted?\"},{\"key\":\"answer\",\"value\":\"Fashion axe DIY jean shorts, swag kale chips meh polaroid kogi butcher Wes Anderson chambray next level semiotics gentrify yr. Voluptate photo booth fugiat Vice. Austin sed Williamsburg, ea labore raw denim voluptate cred proident mixtape excepteur mustache. Twee chia photo booth readymade food truck, hoodie roof party swag keytar PBR DIY.\"}],[{\"key\":\"question\",\"value\":\"Is Buying On-Line Safe?\"},{\"key\":\"answer\",\"value\":\"Art party authentic freegan semiotics jean shorts chia cred. Neutra Austin roof party Brooklyn, synth Thundercats swag 8-bit photo booth. Plaid letterpress leggings craft beer meh ethical Pinterest.\"}]]]',9,'Botble\\Ecommerce\\Models\\Product','2023-10-30 01:29:55','2023-10-30 01:29:55'),(24,'faq_schema_config','[[[{\"key\":\"question\",\"value\":\"What Shipping Methods Are Available?\"},{\"key\":\"answer\",\"value\":\"Ex Portland Pitchfork irure mustache. Eutra fap before they sold out literally. Aliquip ugh bicycle rights actually mlkshk, seitan squid craft beer tempor.\"}],[{\"key\":\"question\",\"value\":\"Do You Ship Internationally?\"},{\"key\":\"answer\",\"value\":\"Hoodie tote bag mixtape tofu. Typewriter jean shorts wolf quinoa, messenger bag organic freegan cray.\"}],[{\"key\":\"question\",\"value\":\"How Long Will It Take To Get My Package?\"},{\"key\":\"answer\",\"value\":\"Swag slow-carb quinoa VHS typewriter pork belly brunch, paleo single-origin coffee Wes Anderson. Flexitarian Pitchfork forage, literally paleo fap pour-over. Wes Anderson Pinterest YOLO fanny pack meggings, deep v XOXO chambray sustainable slow-carb raw denim church-key fap chillwave Etsy. +1 typewriter kitsch, American Apparel tofu Banksy Vice.\"}],[{\"key\":\"question\",\"value\":\"What Payment Methods Are Accepted?\"},{\"key\":\"answer\",\"value\":\"Fashion axe DIY jean shorts, swag kale chips meh polaroid kogi butcher Wes Anderson chambray next level semiotics gentrify yr. Voluptate photo booth fugiat Vice. Austin sed Williamsburg, ea labore raw denim voluptate cred proident mixtape excepteur mustache. Twee chia photo booth readymade food truck, hoodie roof party swag keytar PBR DIY.\"}],[{\"key\":\"question\",\"value\":\"Is Buying On-Line Safe?\"},{\"key\":\"answer\",\"value\":\"Art party authentic freegan semiotics jean shorts chia cred. Neutra Austin roof party Brooklyn, synth Thundercats swag 8-bit photo booth. Plaid letterpress leggings craft beer meh ethical Pinterest.\"}]]]',10,'Botble\\Ecommerce\\Models\\Product','2023-10-30 01:29:55','2023-10-30 01:29:55'),(25,'faq_schema_config','[[[{\"key\":\"question\",\"value\":\"What Shipping Methods Are Available?\"},{\"key\":\"answer\",\"value\":\"Ex Portland Pitchfork irure mustache. Eutra fap before they sold out literally. Aliquip ugh bicycle rights actually mlkshk, seitan squid craft beer tempor.\"}],[{\"key\":\"question\",\"value\":\"Do You Ship Internationally?\"},{\"key\":\"answer\",\"value\":\"Hoodie tote bag mixtape tofu. Typewriter jean shorts wolf quinoa, messenger bag organic freegan cray.\"}],[{\"key\":\"question\",\"value\":\"How Long Will It Take To Get My Package?\"},{\"key\":\"answer\",\"value\":\"Swag slow-carb quinoa VHS typewriter pork belly brunch, paleo single-origin coffee Wes Anderson. Flexitarian Pitchfork forage, literally paleo fap pour-over. Wes Anderson Pinterest YOLO fanny pack meggings, deep v XOXO chambray sustainable slow-carb raw denim church-key fap chillwave Etsy. +1 typewriter kitsch, American Apparel tofu Banksy Vice.\"}],[{\"key\":\"question\",\"value\":\"What Payment Methods Are Accepted?\"},{\"key\":\"answer\",\"value\":\"Fashion axe DIY jean shorts, swag kale chips meh polaroid kogi butcher Wes Anderson chambray next level semiotics gentrify yr. Voluptate photo booth fugiat Vice. Austin sed Williamsburg, ea labore raw denim voluptate cred proident mixtape excepteur mustache. Twee chia photo booth readymade food truck, hoodie roof party swag keytar PBR DIY.\"}],[{\"key\":\"question\",\"value\":\"Is Buying On-Line Safe?\"},{\"key\":\"answer\",\"value\":\"Art party authentic freegan semiotics jean shorts chia cred. Neutra Austin roof party Brooklyn, synth Thundercats swag 8-bit photo booth. Plaid letterpress leggings craft beer meh ethical Pinterest.\"}]]]',11,'Botble\\Ecommerce\\Models\\Product','2023-10-30 01:29:55','2023-10-30 01:29:55'),(26,'faq_schema_config','[[[{\"key\":\"question\",\"value\":\"What Shipping Methods Are Available?\"},{\"key\":\"answer\",\"value\":\"Ex Portland Pitchfork irure mustache. Eutra fap before they sold out literally. Aliquip ugh bicycle rights actually mlkshk, seitan squid craft beer tempor.\"}],[{\"key\":\"question\",\"value\":\"Do You Ship Internationally?\"},{\"key\":\"answer\",\"value\":\"Hoodie tote bag mixtape tofu. Typewriter jean shorts wolf quinoa, messenger bag organic freegan cray.\"}],[{\"key\":\"question\",\"value\":\"How Long Will It Take To Get My Package?\"},{\"key\":\"answer\",\"value\":\"Swag slow-carb quinoa VHS typewriter pork belly brunch, paleo single-origin coffee Wes Anderson. Flexitarian Pitchfork forage, literally paleo fap pour-over. Wes Anderson Pinterest YOLO fanny pack meggings, deep v XOXO chambray sustainable slow-carb raw denim church-key fap chillwave Etsy. +1 typewriter kitsch, American Apparel tofu Banksy Vice.\"}],[{\"key\":\"question\",\"value\":\"What Payment Methods Are Accepted?\"},{\"key\":\"answer\",\"value\":\"Fashion axe DIY jean shorts, swag kale chips meh polaroid kogi butcher Wes Anderson chambray next level semiotics gentrify yr. Voluptate photo booth fugiat Vice. Austin sed Williamsburg, ea labore raw denim voluptate cred proident mixtape excepteur mustache. Twee chia photo booth readymade food truck, hoodie roof party swag keytar PBR DIY.\"}],[{\"key\":\"question\",\"value\":\"Is Buying On-Line Safe?\"},{\"key\":\"answer\",\"value\":\"Art party authentic freegan semiotics jean shorts chia cred. Neutra Austin roof party Brooklyn, synth Thundercats swag 8-bit photo booth. Plaid letterpress leggings craft beer meh ethical Pinterest.\"}]]]',12,'Botble\\Ecommerce\\Models\\Product','2023-10-30 01:29:55','2023-10-30 01:29:55'),(27,'faq_schema_config','[[[{\"key\":\"question\",\"value\":\"What Shipping Methods Are Available?\"},{\"key\":\"answer\",\"value\":\"Ex Portland Pitchfork irure mustache. Eutra fap before they sold out literally. Aliquip ugh bicycle rights actually mlkshk, seitan squid craft beer tempor.\"}],[{\"key\":\"question\",\"value\":\"Do You Ship Internationally?\"},{\"key\":\"answer\",\"value\":\"Hoodie tote bag mixtape tofu. Typewriter jean shorts wolf quinoa, messenger bag organic freegan cray.\"}],[{\"key\":\"question\",\"value\":\"How Long Will It Take To Get My Package?\"},{\"key\":\"answer\",\"value\":\"Swag slow-carb quinoa VHS typewriter pork belly brunch, paleo single-origin coffee Wes Anderson. Flexitarian Pitchfork forage, literally paleo fap pour-over. Wes Anderson Pinterest YOLO fanny pack meggings, deep v XOXO chambray sustainable slow-carb raw denim church-key fap chillwave Etsy. +1 typewriter kitsch, American Apparel tofu Banksy Vice.\"}],[{\"key\":\"question\",\"value\":\"What Payment Methods Are Accepted?\"},{\"key\":\"answer\",\"value\":\"Fashion axe DIY jean shorts, swag kale chips meh polaroid kogi butcher Wes Anderson chambray next level semiotics gentrify yr. Voluptate photo booth fugiat Vice. Austin sed Williamsburg, ea labore raw denim voluptate cred proident mixtape excepteur mustache. Twee chia photo booth readymade food truck, hoodie roof party swag keytar PBR DIY.\"}],[{\"key\":\"question\",\"value\":\"Is Buying On-Line Safe?\"},{\"key\":\"answer\",\"value\":\"Art party authentic freegan semiotics jean shorts chia cred. Neutra Austin roof party Brooklyn, synth Thundercats swag 8-bit photo booth. Plaid letterpress leggings craft beer meh ethical Pinterest.\"}]]]',13,'Botble\\Ecommerce\\Models\\Product','2023-10-30 01:29:55','2023-10-30 01:29:55'),(28,'faq_schema_config','[[[{\"key\":\"question\",\"value\":\"What Shipping Methods Are Available?\"},{\"key\":\"answer\",\"value\":\"Ex Portland Pitchfork irure mustache. Eutra fap before they sold out literally. Aliquip ugh bicycle rights actually mlkshk, seitan squid craft beer tempor.\"}],[{\"key\":\"question\",\"value\":\"Do You Ship Internationally?\"},{\"key\":\"answer\",\"value\":\"Hoodie tote bag mixtape tofu. Typewriter jean shorts wolf quinoa, messenger bag organic freegan cray.\"}],[{\"key\":\"question\",\"value\":\"How Long Will It Take To Get My Package?\"},{\"key\":\"answer\",\"value\":\"Swag slow-carb quinoa VHS typewriter pork belly brunch, paleo single-origin coffee Wes Anderson. Flexitarian Pitchfork forage, literally paleo fap pour-over. Wes Anderson Pinterest YOLO fanny pack meggings, deep v XOXO chambray sustainable slow-carb raw denim church-key fap chillwave Etsy. +1 typewriter kitsch, American Apparel tofu Banksy Vice.\"}],[{\"key\":\"question\",\"value\":\"What Payment Methods Are Accepted?\"},{\"key\":\"answer\",\"value\":\"Fashion axe DIY jean shorts, swag kale chips meh polaroid kogi butcher Wes Anderson chambray next level semiotics gentrify yr. Voluptate photo booth fugiat Vice. Austin sed Williamsburg, ea labore raw denim voluptate cred proident mixtape excepteur mustache. Twee chia photo booth readymade food truck, hoodie roof party swag keytar PBR DIY.\"}],[{\"key\":\"question\",\"value\":\"Is Buying On-Line Safe?\"},{\"key\":\"answer\",\"value\":\"Art party authentic freegan semiotics jean shorts chia cred. Neutra Austin roof party Brooklyn, synth Thundercats swag 8-bit photo booth. Plaid letterpress leggings craft beer meh ethical Pinterest.\"}]]]',14,'Botble\\Ecommerce\\Models\\Product','2023-10-30 01:29:55','2023-10-30 01:29:55'),(29,'faq_schema_config','[[[{\"key\":\"question\",\"value\":\"What Shipping Methods Are Available?\"},{\"key\":\"answer\",\"value\":\"Ex Portland Pitchfork irure mustache. Eutra fap before they sold out literally. Aliquip ugh bicycle rights actually mlkshk, seitan squid craft beer tempor.\"}],[{\"key\":\"question\",\"value\":\"Do You Ship Internationally?\"},{\"key\":\"answer\",\"value\":\"Hoodie tote bag mixtape tofu. Typewriter jean shorts wolf quinoa, messenger bag organic freegan cray.\"}],[{\"key\":\"question\",\"value\":\"How Long Will It Take To Get My Package?\"},{\"key\":\"answer\",\"value\":\"Swag slow-carb quinoa VHS typewriter pork belly brunch, paleo single-origin coffee Wes Anderson. Flexitarian Pitchfork forage, literally paleo fap pour-over. Wes Anderson Pinterest YOLO fanny pack meggings, deep v XOXO chambray sustainable slow-carb raw denim church-key fap chillwave Etsy. +1 typewriter kitsch, American Apparel tofu Banksy Vice.\"}],[{\"key\":\"question\",\"value\":\"What Payment Methods Are Accepted?\"},{\"key\":\"answer\",\"value\":\"Fashion axe DIY jean shorts, swag kale chips meh polaroid kogi butcher Wes Anderson chambray next level semiotics gentrify yr. Voluptate photo booth fugiat Vice. Austin sed Williamsburg, ea labore raw denim voluptate cred proident mixtape excepteur mustache. Twee chia photo booth readymade food truck, hoodie roof party swag keytar PBR DIY.\"}],[{\"key\":\"question\",\"value\":\"Is Buying On-Line Safe?\"},{\"key\":\"answer\",\"value\":\"Art party authentic freegan semiotics jean shorts chia cred. Neutra Austin roof party Brooklyn, synth Thundercats swag 8-bit photo booth. Plaid letterpress leggings craft beer meh ethical Pinterest.\"}]]]',15,'Botble\\Ecommerce\\Models\\Product','2023-10-30 01:29:55','2023-10-30 01:29:55'),(30,'faq_schema_config','[[[{\"key\":\"question\",\"value\":\"What Shipping Methods Are Available?\"},{\"key\":\"answer\",\"value\":\"Ex Portland Pitchfork irure mustache. Eutra fap before they sold out literally. Aliquip ugh bicycle rights actually mlkshk, seitan squid craft beer tempor.\"}],[{\"key\":\"question\",\"value\":\"Do You Ship Internationally?\"},{\"key\":\"answer\",\"value\":\"Hoodie tote bag mixtape tofu. Typewriter jean shorts wolf quinoa, messenger bag organic freegan cray.\"}],[{\"key\":\"question\",\"value\":\"How Long Will It Take To Get My Package?\"},{\"key\":\"answer\",\"value\":\"Swag slow-carb quinoa VHS typewriter pork belly brunch, paleo single-origin coffee Wes Anderson. Flexitarian Pitchfork forage, literally paleo fap pour-over. Wes Anderson Pinterest YOLO fanny pack meggings, deep v XOXO chambray sustainable slow-carb raw denim church-key fap chillwave Etsy. +1 typewriter kitsch, American Apparel tofu Banksy Vice.\"}],[{\"key\":\"question\",\"value\":\"What Payment Methods Are Accepted?\"},{\"key\":\"answer\",\"value\":\"Fashion axe DIY jean shorts, swag kale chips meh polaroid kogi butcher Wes Anderson chambray next level semiotics gentrify yr. Voluptate photo booth fugiat Vice. Austin sed Williamsburg, ea labore raw denim voluptate cred proident mixtape excepteur mustache. Twee chia photo booth readymade food truck, hoodie roof party swag keytar PBR DIY.\"}],[{\"key\":\"question\",\"value\":\"Is Buying On-Line Safe?\"},{\"key\":\"answer\",\"value\":\"Art party authentic freegan semiotics jean shorts chia cred. Neutra Austin roof party Brooklyn, synth Thundercats swag 8-bit photo booth. Plaid letterpress leggings craft beer meh ethical Pinterest.\"}]]]',16,'Botble\\Ecommerce\\Models\\Product','2023-10-30 01:29:55','2023-10-30 01:29:55'),(31,'faq_schema_config','[[[{\"key\":\"question\",\"value\":\"What Shipping Methods Are Available?\"},{\"key\":\"answer\",\"value\":\"Ex Portland Pitchfork irure mustache. Eutra fap before they sold out literally. Aliquip ugh bicycle rights actually mlkshk, seitan squid craft beer tempor.\"}],[{\"key\":\"question\",\"value\":\"Do You Ship Internationally?\"},{\"key\":\"answer\",\"value\":\"Hoodie tote bag mixtape tofu. Typewriter jean shorts wolf quinoa, messenger bag organic freegan cray.\"}],[{\"key\":\"question\",\"value\":\"How Long Will It Take To Get My Package?\"},{\"key\":\"answer\",\"value\":\"Swag slow-carb quinoa VHS typewriter pork belly brunch, paleo single-origin coffee Wes Anderson. Flexitarian Pitchfork forage, literally paleo fap pour-over. Wes Anderson Pinterest YOLO fanny pack meggings, deep v XOXO chambray sustainable slow-carb raw denim church-key fap chillwave Etsy. +1 typewriter kitsch, American Apparel tofu Banksy Vice.\"}],[{\"key\":\"question\",\"value\":\"What Payment Methods Are Accepted?\"},{\"key\":\"answer\",\"value\":\"Fashion axe DIY jean shorts, swag kale chips meh polaroid kogi butcher Wes Anderson chambray next level semiotics gentrify yr. Voluptate photo booth fugiat Vice. Austin sed Williamsburg, ea labore raw denim voluptate cred proident mixtape excepteur mustache. Twee chia photo booth readymade food truck, hoodie roof party swag keytar PBR DIY.\"}],[{\"key\":\"question\",\"value\":\"Is Buying On-Line Safe?\"},{\"key\":\"answer\",\"value\":\"Art party authentic freegan semiotics jean shorts chia cred. Neutra Austin roof party Brooklyn, synth Thundercats swag 8-bit photo booth. Plaid letterpress leggings craft beer meh ethical Pinterest.\"}]]]',17,'Botble\\Ecommerce\\Models\\Product','2023-10-30 01:29:55','2023-10-30 01:29:55'),(32,'faq_schema_config','[[[{\"key\":\"question\",\"value\":\"What Shipping Methods Are Available?\"},{\"key\":\"answer\",\"value\":\"Ex Portland Pitchfork irure mustache. Eutra fap before they sold out literally. Aliquip ugh bicycle rights actually mlkshk, seitan squid craft beer tempor.\"}],[{\"key\":\"question\",\"value\":\"Do You Ship Internationally?\"},{\"key\":\"answer\",\"value\":\"Hoodie tote bag mixtape tofu. Typewriter jean shorts wolf quinoa, messenger bag organic freegan cray.\"}],[{\"key\":\"question\",\"value\":\"How Long Will It Take To Get My Package?\"},{\"key\":\"answer\",\"value\":\"Swag slow-carb quinoa VHS typewriter pork belly brunch, paleo single-origin coffee Wes Anderson. Flexitarian Pitchfork forage, literally paleo fap pour-over. Wes Anderson Pinterest YOLO fanny pack meggings, deep v XOXO chambray sustainable slow-carb raw denim church-key fap chillwave Etsy. +1 typewriter kitsch, American Apparel tofu Banksy Vice.\"}],[{\"key\":\"question\",\"value\":\"What Payment Methods Are Accepted?\"},{\"key\":\"answer\",\"value\":\"Fashion axe DIY jean shorts, swag kale chips meh polaroid kogi butcher Wes Anderson chambray next level semiotics gentrify yr. Voluptate photo booth fugiat Vice. Austin sed Williamsburg, ea labore raw denim voluptate cred proident mixtape excepteur mustache. Twee chia photo booth readymade food truck, hoodie roof party swag keytar PBR DIY.\"}],[{\"key\":\"question\",\"value\":\"Is Buying On-Line Safe?\"},{\"key\":\"answer\",\"value\":\"Art party authentic freegan semiotics jean shorts chia cred. Neutra Austin roof party Brooklyn, synth Thundercats swag 8-bit photo booth. Plaid letterpress leggings craft beer meh ethical Pinterest.\"}]]]',18,'Botble\\Ecommerce\\Models\\Product','2023-10-30 01:29:55','2023-10-30 01:29:55'),(33,'faq_schema_config','[[[{\"key\":\"question\",\"value\":\"What Shipping Methods Are Available?\"},{\"key\":\"answer\",\"value\":\"Ex Portland Pitchfork irure mustache. Eutra fap before they sold out literally. Aliquip ugh bicycle rights actually mlkshk, seitan squid craft beer tempor.\"}],[{\"key\":\"question\",\"value\":\"Do You Ship Internationally?\"},{\"key\":\"answer\",\"value\":\"Hoodie tote bag mixtape tofu. Typewriter jean shorts wolf quinoa, messenger bag organic freegan cray.\"}],[{\"key\":\"question\",\"value\":\"How Long Will It Take To Get My Package?\"},{\"key\":\"answer\",\"value\":\"Swag slow-carb quinoa VHS typewriter pork belly brunch, paleo single-origin coffee Wes Anderson. Flexitarian Pitchfork forage, literally paleo fap pour-over. Wes Anderson Pinterest YOLO fanny pack meggings, deep v XOXO chambray sustainable slow-carb raw denim church-key fap chillwave Etsy. +1 typewriter kitsch, American Apparel tofu Banksy Vice.\"}],[{\"key\":\"question\",\"value\":\"What Payment Methods Are Accepted?\"},{\"key\":\"answer\",\"value\":\"Fashion axe DIY jean shorts, swag kale chips meh polaroid kogi butcher Wes Anderson chambray next level semiotics gentrify yr. Voluptate photo booth fugiat Vice. Austin sed Williamsburg, ea labore raw denim voluptate cred proident mixtape excepteur mustache. Twee chia photo booth readymade food truck, hoodie roof party swag keytar PBR DIY.\"}],[{\"key\":\"question\",\"value\":\"Is Buying On-Line Safe?\"},{\"key\":\"answer\",\"value\":\"Art party authentic freegan semiotics jean shorts chia cred. Neutra Austin roof party Brooklyn, synth Thundercats swag 8-bit photo booth. Plaid letterpress leggings craft beer meh ethical Pinterest.\"}]]]',19,'Botble\\Ecommerce\\Models\\Product','2023-10-30 01:29:55','2023-10-30 01:29:55'),(34,'faq_schema_config','[[[{\"key\":\"question\",\"value\":\"What Shipping Methods Are Available?\"},{\"key\":\"answer\",\"value\":\"Ex Portland Pitchfork irure mustache. Eutra fap before they sold out literally. Aliquip ugh bicycle rights actually mlkshk, seitan squid craft beer tempor.\"}],[{\"key\":\"question\",\"value\":\"Do You Ship Internationally?\"},{\"key\":\"answer\",\"value\":\"Hoodie tote bag mixtape tofu. Typewriter jean shorts wolf quinoa, messenger bag organic freegan cray.\"}],[{\"key\":\"question\",\"value\":\"How Long Will It Take To Get My Package?\"},{\"key\":\"answer\",\"value\":\"Swag slow-carb quinoa VHS typewriter pork belly brunch, paleo single-origin coffee Wes Anderson. Flexitarian Pitchfork forage, literally paleo fap pour-over. Wes Anderson Pinterest YOLO fanny pack meggings, deep v XOXO chambray sustainable slow-carb raw denim church-key fap chillwave Etsy. +1 typewriter kitsch, American Apparel tofu Banksy Vice.\"}],[{\"key\":\"question\",\"value\":\"What Payment Methods Are Accepted?\"},{\"key\":\"answer\",\"value\":\"Fashion axe DIY jean shorts, swag kale chips meh polaroid kogi butcher Wes Anderson chambray next level semiotics gentrify yr. Voluptate photo booth fugiat Vice. Austin sed Williamsburg, ea labore raw denim voluptate cred proident mixtape excepteur mustache. Twee chia photo booth readymade food truck, hoodie roof party swag keytar PBR DIY.\"}],[{\"key\":\"question\",\"value\":\"Is Buying On-Line Safe?\"},{\"key\":\"answer\",\"value\":\"Art party authentic freegan semiotics jean shorts chia cred. Neutra Austin roof party Brooklyn, synth Thundercats swag 8-bit photo booth. Plaid letterpress leggings craft beer meh ethical Pinterest.\"}]]]',20,'Botble\\Ecommerce\\Models\\Product','2023-10-30 01:29:55','2023-10-30 01:29:55'),(35,'faq_schema_config','[[[{\"key\":\"question\",\"value\":\"What Shipping Methods Are Available?\"},{\"key\":\"answer\",\"value\":\"Ex Portland Pitchfork irure mustache. Eutra fap before they sold out literally. Aliquip ugh bicycle rights actually mlkshk, seitan squid craft beer tempor.\"}],[{\"key\":\"question\",\"value\":\"Do You Ship Internationally?\"},{\"key\":\"answer\",\"value\":\"Hoodie tote bag mixtape tofu. Typewriter jean shorts wolf quinoa, messenger bag organic freegan cray.\"}],[{\"key\":\"question\",\"value\":\"How Long Will It Take To Get My Package?\"},{\"key\":\"answer\",\"value\":\"Swag slow-carb quinoa VHS typewriter pork belly brunch, paleo single-origin coffee Wes Anderson. Flexitarian Pitchfork forage, literally paleo fap pour-over. Wes Anderson Pinterest YOLO fanny pack meggings, deep v XOXO chambray sustainable slow-carb raw denim church-key fap chillwave Etsy. +1 typewriter kitsch, American Apparel tofu Banksy Vice.\"}],[{\"key\":\"question\",\"value\":\"What Payment Methods Are Accepted?\"},{\"key\":\"answer\",\"value\":\"Fashion axe DIY jean shorts, swag kale chips meh polaroid kogi butcher Wes Anderson chambray next level semiotics gentrify yr. Voluptate photo booth fugiat Vice. Austin sed Williamsburg, ea labore raw denim voluptate cred proident mixtape excepteur mustache. Twee chia photo booth readymade food truck, hoodie roof party swag keytar PBR DIY.\"}],[{\"key\":\"question\",\"value\":\"Is Buying On-Line Safe?\"},{\"key\":\"answer\",\"value\":\"Art party authentic freegan semiotics jean shorts chia cred. Neutra Austin roof party Brooklyn, synth Thundercats swag 8-bit photo booth. Plaid letterpress leggings craft beer meh ethical Pinterest.\"}]]]',21,'Botble\\Ecommerce\\Models\\Product','2023-10-30 01:29:55','2023-10-30 01:29:55'),(36,'faq_schema_config','[[[{\"key\":\"question\",\"value\":\"What Shipping Methods Are Available?\"},{\"key\":\"answer\",\"value\":\"Ex Portland Pitchfork irure mustache. Eutra fap before they sold out literally. Aliquip ugh bicycle rights actually mlkshk, seitan squid craft beer tempor.\"}],[{\"key\":\"question\",\"value\":\"Do You Ship Internationally?\"},{\"key\":\"answer\",\"value\":\"Hoodie tote bag mixtape tofu. Typewriter jean shorts wolf quinoa, messenger bag organic freegan cray.\"}],[{\"key\":\"question\",\"value\":\"How Long Will It Take To Get My Package?\"},{\"key\":\"answer\",\"value\":\"Swag slow-carb quinoa VHS typewriter pork belly brunch, paleo single-origin coffee Wes Anderson. Flexitarian Pitchfork forage, literally paleo fap pour-over. Wes Anderson Pinterest YOLO fanny pack meggings, deep v XOXO chambray sustainable slow-carb raw denim church-key fap chillwave Etsy. +1 typewriter kitsch, American Apparel tofu Banksy Vice.\"}],[{\"key\":\"question\",\"value\":\"What Payment Methods Are Accepted?\"},{\"key\":\"answer\",\"value\":\"Fashion axe DIY jean shorts, swag kale chips meh polaroid kogi butcher Wes Anderson chambray next level semiotics gentrify yr. Voluptate photo booth fugiat Vice. Austin sed Williamsburg, ea labore raw denim voluptate cred proident mixtape excepteur mustache. Twee chia photo booth readymade food truck, hoodie roof party swag keytar PBR DIY.\"}],[{\"key\":\"question\",\"value\":\"Is Buying On-Line Safe?\"},{\"key\":\"answer\",\"value\":\"Art party authentic freegan semiotics jean shorts chia cred. Neutra Austin roof party Brooklyn, synth Thundercats swag 8-bit photo booth. Plaid letterpress leggings craft beer meh ethical Pinterest.\"}]]]',22,'Botble\\Ecommerce\\Models\\Product','2023-10-30 01:29:55','2023-10-30 01:29:55'),(37,'faq_schema_config','[[[{\"key\":\"question\",\"value\":\"What Shipping Methods Are Available?\"},{\"key\":\"answer\",\"value\":\"Ex Portland Pitchfork irure mustache. Eutra fap before they sold out literally. Aliquip ugh bicycle rights actually mlkshk, seitan squid craft beer tempor.\"}],[{\"key\":\"question\",\"value\":\"Do You Ship Internationally?\"},{\"key\":\"answer\",\"value\":\"Hoodie tote bag mixtape tofu. Typewriter jean shorts wolf quinoa, messenger bag organic freegan cray.\"}],[{\"key\":\"question\",\"value\":\"How Long Will It Take To Get My Package?\"},{\"key\":\"answer\",\"value\":\"Swag slow-carb quinoa VHS typewriter pork belly brunch, paleo single-origin coffee Wes Anderson. Flexitarian Pitchfork forage, literally paleo fap pour-over. Wes Anderson Pinterest YOLO fanny pack meggings, deep v XOXO chambray sustainable slow-carb raw denim church-key fap chillwave Etsy. +1 typewriter kitsch, American Apparel tofu Banksy Vice.\"}],[{\"key\":\"question\",\"value\":\"What Payment Methods Are Accepted?\"},{\"key\":\"answer\",\"value\":\"Fashion axe DIY jean shorts, swag kale chips meh polaroid kogi butcher Wes Anderson chambray next level semiotics gentrify yr. Voluptate photo booth fugiat Vice. Austin sed Williamsburg, ea labore raw denim voluptate cred proident mixtape excepteur mustache. Twee chia photo booth readymade food truck, hoodie roof party swag keytar PBR DIY.\"}],[{\"key\":\"question\",\"value\":\"Is Buying On-Line Safe?\"},{\"key\":\"answer\",\"value\":\"Art party authentic freegan semiotics jean shorts chia cred. Neutra Austin roof party Brooklyn, synth Thundercats swag 8-bit photo booth. Plaid letterpress leggings craft beer meh ethical Pinterest.\"}]]]',23,'Botble\\Ecommerce\\Models\\Product','2023-10-30 01:29:55','2023-10-30 01:29:55'),(38,'tablet_image','[\"sliders\\/1-md.jpg\"]',1,'Botble\\SimpleSlider\\Models\\SimpleSliderItem','2023-10-30 01:30:02','2023-10-30 01:30:02'),(39,'mobile_image','[\"sliders\\/1-sm.jpg\"]',1,'Botble\\SimpleSlider\\Models\\SimpleSliderItem','2023-10-30 01:30:02','2023-10-30 01:30:02'),(40,'tablet_image','[\"sliders\\/2-md.jpg\"]',2,'Botble\\SimpleSlider\\Models\\SimpleSliderItem','2023-10-30 01:30:02','2023-10-30 01:30:02'),(41,'mobile_image','[\"sliders\\/2-sm.jpg\"]',2,'Botble\\SimpleSlider\\Models\\SimpleSliderItem','2023-10-30 01:30:02','2023-10-30 01:30:02'),(42,'tablet_image','[\"sliders\\/3-md.jpg\"]',3,'Botble\\SimpleSlider\\Models\\SimpleSliderItem','2023-10-30 01:30:02','2023-10-30 01:30:02'),(43,'mobile_image','[\"sliders\\/3-sm.jpg\"]',3,'Botble\\SimpleSlider\\Models\\SimpleSliderItem','2023-10-30 01:30:02','2023-10-30 01:30:02');
/*!40000 ALTER TABLE `meta_boxes` ENABLE KEYS */;
UNLOCK TABLES;

--
-- Table structure for table `migrations`
--

DROP TABLE IF EXISTS `migrations`;
/*!40101 SET @saved_cs_client     = @@character_set_client */;
/*!50503 SET character_set_client = utf8mb4 */;
CREATE TABLE `migrations` (
  `id` int unsigned NOT NULL AUTO_INCREMENT,
  `migration` varchar(191) COLLATE utf8mb4_unicode_ci NOT NULL,
  `batch` int NOT NULL,
  PRIMARY KEY (`id`)
) ENGINE=InnoDB AUTO_INCREMENT=151 DEFAULT CHARSET=utf8mb4 COLLATE=utf8mb4_unicode_ci;
/*!40101 SET character_set_client = @saved_cs_client */;

--
-- Dumping data for table `migrations`
--

LOCK TABLES `migrations` WRITE;
/*!40000 ALTER TABLE `migrations` DISABLE KEYS */;
INSERT INTO `migrations` VALUES (1,'2013_04_09_032329_create_base_tables',1),(2,'2013_04_09_062329_create_revisions_table',1),(3,'2014_10_12_000000_create_users_table',1),(4,'2014_10_12_100000_create_password_reset_tokens_table',1),(5,'2016_06_10_230148_create_acl_tables',1),(6,'2016_06_14_230857_create_menus_table',1),(7,'2016_06_28_221418_create_pages_table',1),(8,'2016_10_05_074239_create_setting_table',1),(9,'2016_11_28_032840_create_dashboard_widget_tables',1),(10,'2016_12_16_084601_create_widgets_table',1),(11,'2017_05_09_070343_create_media_tables',1),(12,'2017_11_03_070450_create_slug_table',1),(13,'2019_01_05_053554_create_jobs_table',1),(14,'2019_08_19_000000_create_failed_jobs_table',1),(15,'2019_12_14_000001_create_personal_access_tokens_table',1),(16,'2021_08_02_084121_fix_old_shortcode',1),(17,'2022_04_20_100851_add_index_to_media_table',1),(18,'2022_04_20_101046_add_index_to_menu_table',1),(19,'2022_07_10_034813_move_lang_folder_to_root',1),(20,'2022_08_04_051940_add_missing_column_expires_at',1),(21,'2022_09_01_000001_create_admin_notifications_tables',1),(22,'2022_10_14_024629_drop_column_is_featured',1),(23,'2022_11_18_063357_add_missing_timestamp_in_table_settings',1),(24,'2022_12_02_093615_update_slug_index_columns',1),(25,'2023_01_30_024431_add_alt_to_media_table',1),(26,'2023_02_16_042611_drop_table_password_resets',1),(27,'2023_04_23_005903_add_column_permissions_to_admin_notifications',1),(28,'2023_05_10_075124_drop_column_id_in_role_users_table',1),(29,'2023_08_21_090810_make_page_content_nullable',1),(30,'2023_09_14_021936_update_index_for_slugs_table',1),(31,'2020_11_18_150916_ads_create_ads_table',2),(32,'2021_12_02_035301_add_ads_translations_table',2),(33,'2023_04_17_062645_add_open_in_new_tab',2),(34,'2015_06_29_025744_create_audit_history',3),(35,'2015_06_18_033822_create_blog_table',4),(36,'2021_02_16_092633_remove_default_value_for_author_type',4),(37,'2021_12_03_030600_create_blog_translations',4),(38,'2022_04_19_113923_add_index_to_table_posts',4),(39,'2023_08_29_074620_make_column_author_id_nullable',4),(40,'2016_06_17_091537_create_contacts_table',5),(41,'2020_03_05_041139_create_ecommerce_tables',6),(42,'2021_01_01_044147_ecommerce_create_flash_sale_table',6),(43,'2021_01_17_082713_add_column_is_featured_to_product_collections_table',6),(44,'2021_01_18_024333_add_zip_code_into_table_customer_addresses',6),(45,'2021_02_18_073505_update_table_ec_reviews',6),(46,'2021_03_10_024419_add_column_confirmed_at_to_table_ec_customers',6),(47,'2021_03_10_025153_change_column_tax_amount',6),(48,'2021_03_20_033103_add_column_availability_to_table_ec_products',6),(49,'2021_04_28_074008_ecommerce_create_product_label_table',6),(50,'2021_05_31_173037_ecommerce_create_ec_products_translations',6),(51,'2021_08_17_105016_remove_column_currency_id_in_some_tables',6),(52,'2021_08_30_142128_add_images_column_to_ec_reviews_table',6),(53,'2021_10_04_030050_add_column_created_by_to_table_ec_products',6),(54,'2021_10_05_122616_add_status_column_to_ec_customers_table',6),(55,'2021_11_03_025806_nullable_phone_number_in_ec_customer_addresses',6),(56,'2021_11_23_071403_correct_languages_for_product_variations',6),(57,'2021_11_28_031808_add_product_tags_translations',6),(58,'2021_12_01_031123_add_featured_image_to_ec_products',6),(59,'2022_01_01_033107_update_table_ec_shipments',6),(60,'2022_02_16_042457_improve_product_attribute_sets',6),(61,'2022_03_22_075758_correct_product_name',6),(62,'2022_04_19_113334_add_index_to_ec_products',6),(63,'2022_04_28_144405_remove_unused_table',6),(64,'2022_05_05_115015_create_ec_customer_recently_viewed_products_table',6),(65,'2022_05_18_143720_add_index_to_table_ec_product_categories',6),(66,'2022_06_16_095633_add_index_to_some_tables',6),(67,'2022_06_30_035148_create_order_referrals_table',6),(68,'2022_07_24_153815_add_completed_at_to_ec_orders_table',6),(69,'2022_08_14_032836_create_ec_order_returns_table',6),(70,'2022_08_14_033554_create_ec_order_return_items_table',6),(71,'2022_08_15_040324_add_billing_address',6),(72,'2022_08_30_091114_support_digital_products_table',6),(73,'2022_09_13_095744_create_options_table',6),(74,'2022_09_13_104347_create_option_value_table',6),(75,'2022_10_05_163518_alter_table_ec_order_product',6),(76,'2022_10_12_041517_create_invoices_table',6),(77,'2022_10_12_142226_update_orders_table',6),(78,'2022_10_13_024916_update_table_order_returns',6),(79,'2022_10_21_030830_update_columns_in_ec_shipments_table',6),(80,'2022_10_28_021046_update_columns_in_ec_shipments_table',6),(81,'2022_11_16_034522_update_type_column_in_ec_shipping_rules_table',6),(82,'2022_11_19_041643_add_ec_tax_product_table',6),(83,'2022_12_12_063830_update_tax_defadult_in_ec_tax_products_table',6),(84,'2022_12_17_041532_fix_address_in_order_invoice',6),(85,'2022_12_26_070329_create_ec_product_views_table',6),(86,'2023_01_04_033051_fix_product_categories',6),(87,'2023_01_09_050400_add_ec_global_options_translations_table',6),(88,'2023_01_10_093754_add_missing_option_value_id',6),(89,'2023_01_17_082713_add_column_barcode_and_cost_per_item_to_product_table',6),(90,'2023_01_26_021854_add_ec_customer_used_coupons_table',6),(91,'2023_02_08_015900_update_options_column_in_ec_order_product_table',6),(92,'2023_02_27_095752_remove_duplicate_reviews',6),(93,'2023_03_20_115757_add_user_type_column_to_ec_shipment_histories_table',6),(94,'2023_04_21_082427_create_ec_product_categorizables_table',6),(95,'2023_05_03_011331_add_missing_column_price_into_invoice_items_table',6),(96,'2023_05_17_025812_fix_invoice_issue',6),(97,'2023_05_26_073140_move_option_make_phone_field_optional_at_checkout_page_to_mandatory_fields',6),(98,'2023_05_27_144611_fix_exchange_rate_setting',6),(99,'2023_06_22_084331_add_generate_license_code_to_ec_products_table',6),(100,'2023_06_30_042512_create_ec_order_tax_information_table',6),(101,'2023_07_14_022724_remove_column_id_from_ec_product_collection_products',6),(102,'2023_08_09_012940_remove_column_status_in_ec_product_attributes',6),(103,'2023_08_15_064505_create_ec_tax_rules_table',6),(104,'2023_08_21_021819_make_column_address_in_ec_customer_addresses_nullable',6),(105,'2023_08_22_094114_drop_unique_for_barcode',6),(106,'2023_08_30_031811_add_apply_via_url_column_to_ec_discounts_table',6),(107,'2023_09_07_094312_add_index_to_product_sku_and_translations',6),(108,'2023_09_19_024955_create_discount_product_categories_table',6),(109,'2023_10_17_070728_add_icon_and_icon_image_to_product_categories_table',6),(110,'2018_07_09_221238_create_faq_table',7),(111,'2021_12_03_082134_create_faq_translations',7),(112,'2016_10_03_032336_create_languages_table',8),(113,'2023_09_14_022423_add_index_for_language_table',8),(114,'2021_10_25_021023_fix-priority-load-for-language-advanced',9),(115,'2021_12_03_075608_create_page_translations',9),(116,'2023_07_06_011444_create_slug_translations_table',9),(117,'2019_11_18_061011_create_country_table',10),(118,'2021_12_03_084118_create_location_translations',10),(119,'2021_12_03_094518_migrate_old_location_data',10),(120,'2021_12_10_034440_switch_plugin_location_to_use_language_advanced',10),(121,'2022_01_16_085908_improve_plugin_location',10),(122,'2022_08_04_052122_delete_location_backup_tables',10),(123,'2023_04_23_061847_increase_state_translations_abbreviation_column',10),(124,'2023_07_26_041451_add_more_columns_to_location_table',10),(125,'2023_07_27_041451_add_more_columns_to_location_translation_table',10),(126,'2023_08_15_073307_drop_unique_in_states_cities_translations',10),(127,'2023_10_21_065016_make_state_id_in_table_cities_nullable',10),(128,'2021_07_06_030002_create_marketplace_table',11),(129,'2021_09_04_150137_add_vendor_verified_at_to_ec_customers_table',11),(130,'2021_10_04_033903_add_column_approved_by_into_table_ec_products',11),(131,'2021_10_06_124943_add_transaction_id_column_to_mp_customer_withdrawals_table',11),(132,'2021_10_10_054216_add_columns_to_mp_customer_revenues_table',11),(133,'2021_12_06_031304_update_table_mp_customer_revenues',11),(134,'2022_10_19_152916_add_columns_to_mp_stores_table',11),(135,'2022_10_20_062849_create_mp_category_sale_commissions_table',11),(136,'2022_11_02_071413_add_more_info_for_store',11),(137,'2022_11_02_080444_add_tax_info',11),(138,'2023_02_01_062030_add_store_translations',11),(139,'2023_02_13_032133_update_fee_column_mp_customer_revenues_table',11),(140,'2023_02_17_023648_fix_store_prefix',11),(141,'2017_10_24_154832_create_newsletter_table',12),(142,'2017_05_18_080441_create_payment_tables',13),(143,'2021_03_27_144913_add_customer_type_into_table_payments',13),(144,'2021_05_24_034720_make_column_currency_nullable',13),(145,'2021_08_09_161302_add_metadata_column_to_payments_table',13),(146,'2021_10_19_020859_update_metadata_field',13),(147,'2022_06_28_151901_activate_paypal_stripe_plugin',13),(148,'2022_07_07_153354_update_charge_id_in_table_payments',13),(149,'2017_07_11_140018_create_simple_slider_table',14),(150,'2016_10_07_193005_create_translations_table',15);
/*!40000 ALTER TABLE `migrations` ENABLE KEYS */;
UNLOCK TABLES;

--
-- Table structure for table `mp_category_sale_commissions`
--

DROP TABLE IF EXISTS `mp_category_sale_commissions`;
/*!40101 SET @saved_cs_client     = @@character_set_client */;
/*!50503 SET character_set_client = utf8mb4 */;
CREATE TABLE `mp_category_sale_commissions` (
  `id` bigint unsigned NOT NULL AUTO_INCREMENT,
  `product_category_id` bigint unsigned NOT NULL,
  `commission_percentage` decimal(8,2) NOT NULL DEFAULT '0.00',
  PRIMARY KEY (`id`),
  UNIQUE KEY `mp_category_sale_commissions_product_category_id_unique` (`product_category_id`)
) ENGINE=InnoDB DEFAULT CHARSET=utf8mb4 COLLATE=utf8mb4_unicode_ci;
/*!40101 SET character_set_client = @saved_cs_client */;

--
-- Dumping data for table `mp_category_sale_commissions`
--

LOCK TABLES `mp_category_sale_commissions` WRITE;
/*!40000 ALTER TABLE `mp_category_sale_commissions` DISABLE KEYS */;
/*!40000 ALTER TABLE `mp_category_sale_commissions` ENABLE KEYS */;
UNLOCK TABLES;

--
-- Table structure for table `mp_customer_revenues`
--

DROP TABLE IF EXISTS `mp_customer_revenues`;
/*!40101 SET @saved_cs_client     = @@character_set_client */;
/*!50503 SET character_set_client = utf8mb4 */;
CREATE TABLE `mp_customer_revenues` (
  `id` bigint unsigned NOT NULL AUTO_INCREMENT,
  `customer_id` bigint unsigned DEFAULT NULL,
  `order_id` bigint unsigned DEFAULT NULL,
  `sub_amount` decimal(15,2) DEFAULT '0.00',
  `fee` decimal(15,2) DEFAULT '0.00',
  `amount` decimal(15,2) DEFAULT '0.00',
  `current_balance` decimal(15,2) DEFAULT '0.00',
  `currency` varchar(120) COLLATE utf8mb4_unicode_ci DEFAULT NULL,
  `description` text COLLATE utf8mb4_unicode_ci,
  `created_at` timestamp NULL DEFAULT NULL,
  `updated_at` timestamp NULL DEFAULT NULL,
  `user_id` bigint unsigned NOT NULL DEFAULT '0',
  `type` varchar(60) COLLATE utf8mb4_unicode_ci DEFAULT NULL,
  PRIMARY KEY (`id`)
) ENGINE=InnoDB AUTO_INCREMENT=10 DEFAULT CHARSET=utf8mb4 COLLATE=utf8mb4_unicode_ci;
/*!40101 SET character_set_client = @saved_cs_client */;

--
-- Dumping data for table `mp_customer_revenues`
--

LOCK TABLES `mp_customer_revenues` WRITE;
/*!40000 ALTER TABLE `mp_customer_revenues` DISABLE KEYS */;
INSERT INTO `mp_customer_revenues` VALUES (1,5,4,1067.00,0.00,1067.00,0.00,'USD',NULL,'2023-10-29 15:30:09','2023-10-29 15:30:09',0,'add-amount'),(2,5,7,4432.00,0.00,4432.00,1067.00,'USD',NULL,'2023-10-28 01:30:09','2023-10-28 01:30:09',0,'add-amount'),(3,7,9,643.00,0.00,643.00,0.00,'USD',NULL,'2023-10-24 05:30:10','2023-10-24 05:30:10',0,'add-amount'),(4,5,11,2294.00,0.00,2294.00,5499.00,'USD',NULL,'2023-10-28 01:30:10','2023-10-28 01:30:10',0,'add-amount'),(5,5,13,4673.00,0.00,4673.00,7793.00,'USD',NULL,'2023-10-25 09:30:11','2023-10-25 09:30:11',0,'add-amount'),(6,7,14,1429.00,0.00,1429.00,643.00,'USD',NULL,'2023-10-27 13:30:11','2023-10-27 13:30:11',0,'add-amount'),(7,2,25,1797.00,0.00,1797.00,0.00,'USD',NULL,'2023-10-14 21:30:12','2023-10-14 21:30:12',0,'add-amount'),(8,7,29,40.00,0.00,40.00,2072.00,'USD',NULL,'2023-10-25 01:30:12','2023-10-25 01:30:12',0,'add-amount'),(9,7,35,1929.00,0.00,1929.00,2112.00,'USD',NULL,'2023-10-06 01:30:13','2023-10-06 01:30:13',0,'add-amount');
/*!40000 ALTER TABLE `mp_customer_revenues` ENABLE KEYS */;
UNLOCK TABLES;

--
-- Table structure for table `mp_customer_withdrawals`
--

DROP TABLE IF EXISTS `mp_customer_withdrawals`;
/*!40101 SET @saved_cs_client     = @@character_set_client */;
/*!50503 SET character_set_client = utf8mb4 */;
CREATE TABLE `mp_customer_withdrawals` (
  `id` bigint unsigned NOT NULL AUTO_INCREMENT,
  `customer_id` bigint unsigned DEFAULT NULL,
  `fee` decimal(15,2) unsigned DEFAULT '0.00',
  `amount` decimal(15,2) unsigned DEFAULT '0.00',
  `current_balance` decimal(15,2) unsigned DEFAULT '0.00',
  `currency` varchar(120) COLLATE utf8mb4_unicode_ci DEFAULT NULL,
  `description` text COLLATE utf8mb4_unicode_ci,
  `bank_info` text COLLATE utf8mb4_unicode_ci,
  `payment_channel` varchar(60) COLLATE utf8mb4_unicode_ci DEFAULT NULL,
  `user_id` bigint unsigned NOT NULL DEFAULT '0',
  `status` varchar(60) COLLATE utf8mb4_unicode_ci NOT NULL DEFAULT 'pending',
  `images` text COLLATE utf8mb4_unicode_ci,
  `created_at` timestamp NULL DEFAULT NULL,
  `updated_at` timestamp NULL DEFAULT NULL,
  `transaction_id` varchar(60) COLLATE utf8mb4_unicode_ci DEFAULT NULL,
  PRIMARY KEY (`id`)
) ENGINE=InnoDB AUTO_INCREMENT=10 DEFAULT CHARSET=utf8mb4 COLLATE=utf8mb4_unicode_ci;
/*!40101 SET character_set_client = @saved_cs_client */;

--
-- Dumping data for table `mp_customer_withdrawals`
--

LOCK TABLES `mp_customer_withdrawals` WRITE;
/*!40000 ALTER TABLE `mp_customer_withdrawals` DISABLE KEYS */;
INSERT INTO `mp_customer_withdrawals` VALUES (1,2,0.00,51.00,1797.00,'USD','','{\"name\":\"Macy Jones I\",\"number\":\"+17203224870\",\"full_name\":\"Herbert Bartoletti\",\"description\":\"Cornell Hahn\"}',NULL,0,'processing',NULL,'2023-10-30 01:30:13','2023-10-30 01:30:13',NULL),(2,2,0.00,24.00,1746.00,'USD','','{\"name\":\"Macy Jones I\",\"number\":\"+17203224870\",\"full_name\":\"Herbert Bartoletti\",\"description\":\"Cornell Hahn\"}',NULL,0,'pending',NULL,'2023-10-30 01:30:14','2023-10-30 01:30:14',NULL),(3,2,0.00,372.00,1722.00,'USD','','{\"name\":\"Macy Jones I\",\"number\":\"+17203224870\",\"full_name\":\"Herbert Bartoletti\",\"description\":\"Cornell Hahn\"}',NULL,0,'completed',NULL,'2023-10-30 01:30:14','2023-10-30 01:30:14',NULL),(4,5,0.00,3569.00,12466.00,'USD','','{\"name\":\"Dovie Parker MD\",\"number\":\"+17749925684\",\"full_name\":\"Bethany Lynch\",\"description\":\"Sophie Pfannerstill\"}',NULL,0,'processing',NULL,'2023-10-30 01:30:15','2023-10-30 01:30:15',NULL),(5,5,0.00,1441.00,8897.00,'USD','','{\"name\":\"Dovie Parker MD\",\"number\":\"+17749925684\",\"full_name\":\"Bethany Lynch\",\"description\":\"Sophie Pfannerstill\"}',NULL,0,'completed',NULL,'2023-10-30 01:30:15','2023-10-30 01:30:15',NULL),(6,5,0.00,567.00,7456.00,'USD','','{\"name\":\"Dovie Parker MD\",\"number\":\"+17749925684\",\"full_name\":\"Bethany Lynch\",\"description\":\"Sophie Pfannerstill\"}',NULL,0,'completed',NULL,'2023-10-30 01:30:16','2023-10-30 01:30:16',NULL),(7,7,0.00,417.00,4041.00,'USD','','{\"name\":\"Prof. Victor Herzog MD\",\"number\":\"+15124270872\",\"full_name\":\"Mr. Christop Lakin PhD\",\"description\":\"Tia Powlowski\"}',NULL,0,'processing',NULL,'2023-10-30 01:30:16','2023-10-30 01:30:16',NULL),(8,7,0.00,81.00,3624.00,'USD','','{\"name\":\"Prof. Victor Herzog MD\",\"number\":\"+15124270872\",\"full_name\":\"Mr. Christop Lakin PhD\",\"description\":\"Tia Powlowski\"}',NULL,0,'processing',NULL,'2023-10-30 01:30:17','2023-10-30 01:30:17',NULL),(9,7,0.00,132.00,3543.00,'USD','','{\"name\":\"Prof. Victor Herzog MD\",\"number\":\"+15124270872\",\"full_name\":\"Mr. Christop Lakin PhD\",\"description\":\"Tia Powlowski\"}',NULL,0,'processing',NULL,'2023-10-30 01:30:17','2023-10-30 01:30:17',NULL);
/*!40000 ALTER TABLE `mp_customer_withdrawals` ENABLE KEYS */;
UNLOCK TABLES;

--
-- Table structure for table `mp_stores`
--

DROP TABLE IF EXISTS `mp_stores`;
/*!40101 SET @saved_cs_client     = @@character_set_client */;
/*!50503 SET character_set_client = utf8mb4 */;
CREATE TABLE `mp_stores` (
  `id` bigint unsigned NOT NULL AUTO_INCREMENT,
  `name` varchar(255) COLLATE utf8mb4_unicode_ci NOT NULL,
  `email` varchar(60) COLLATE utf8mb4_unicode_ci DEFAULT NULL,
  `phone` varchar(20) COLLATE utf8mb4_unicode_ci DEFAULT NULL,
  `address` varchar(255) COLLATE utf8mb4_unicode_ci DEFAULT NULL,
  `country` varchar(120) COLLATE utf8mb4_unicode_ci DEFAULT NULL,
  `state` varchar(120) COLLATE utf8mb4_unicode_ci DEFAULT NULL,
  `city` varchar(120) COLLATE utf8mb4_unicode_ci DEFAULT NULL,
  `customer_id` bigint unsigned DEFAULT NULL,
  `logo` varchar(255) COLLATE utf8mb4_unicode_ci DEFAULT NULL,
  `description` varchar(400) COLLATE utf8mb4_unicode_ci DEFAULT NULL,
  `content` longtext COLLATE utf8mb4_unicode_ci,
  `status` varchar(60) COLLATE utf8mb4_unicode_ci NOT NULL DEFAULT 'published',
  `vendor_verified_at` datetime DEFAULT NULL,
  `created_at` timestamp NULL DEFAULT NULL,
  `updated_at` timestamp NULL DEFAULT NULL,
  `zip_code` varchar(20) COLLATE utf8mb4_unicode_ci DEFAULT NULL,
  `company` varchar(255) COLLATE utf8mb4_unicode_ci DEFAULT NULL,
  PRIMARY KEY (`id`)
) ENGINE=InnoDB AUTO_INCREMENT=4 DEFAULT CHARSET=utf8mb4 COLLATE=utf8mb4_unicode_ci;
/*!40101 SET character_set_client = @saved_cs_client */;

--
-- Dumping data for table `mp_stores`
--

LOCK TABLES `mp_stores` WRITE;
/*!40000 ALTER TABLE `mp_stores` DISABLE KEYS */;
INSERT INTO `mp_stores` VALUES (1,'GoPro','kennith47@example.com','+17242622219','8556 Ebert Valley Suite 156','PF','Delaware','Jacobishire',2,'stores/1.png','Et sed autem sint pariatur non.','Tenetur quae deleniti officiis. Et sit nemo atque cupiditate atque. Et sed vel ut et fugit magni sint.','published',NULL,'2023-10-30 01:30:05','2023-10-30 01:30:05',NULL,NULL),(2,'Global Office','labadie.kaela@example.org','+14349580511','31606 Favian Point Apt. 859','AQ','Arkansas','Lake Mosesfurt',5,'stores/2.png','Sapiente enim quaerat quibusdam et.','Aut laudantium tenetur nulla error sunt. Id quia eveniet aut est non eos inventore. Vero rem aut neque.','published',NULL,'2023-10-30 01:30:05','2023-10-30 01:30:05',NULL,NULL),(3,'Young Shop','fidel01@example.com','+13203067312','324 Rhiannon Inlet Apt. 708','GG','Tennessee','West Coopermouth',7,'stores/3.png','Labore nemo qui quasi odio doloremque.','Ut et est est veritatis explicabo aut. Hic ipsa et ipsam. Dolore labore nulla sit facere consectetur qui dolorum. Omnis enim sunt cum beatae.','published',NULL,'2023-10-30 01:30:05','2023-10-30 01:30:05',NULL,NULL);
/*!40000 ALTER TABLE `mp_stores` ENABLE KEYS */;
UNLOCK TABLES;

--
-- Table structure for table `mp_stores_translations`
--

DROP TABLE IF EXISTS `mp_stores_translations`;
/*!40101 SET @saved_cs_client     = @@character_set_client */;
/*!50503 SET character_set_client = utf8mb4 */;
CREATE TABLE `mp_stores_translations` (
  `lang_code` varchar(191) COLLATE utf8mb4_unicode_ci NOT NULL,
  `mp_stores_id` bigint unsigned NOT NULL,
  `name` varchar(255) COLLATE utf8mb4_unicode_ci DEFAULT NULL,
  `description` varchar(400) COLLATE utf8mb4_unicode_ci DEFAULT NULL,
  `content` longtext COLLATE utf8mb4_unicode_ci,
  `address` varchar(255) COLLATE utf8mb4_unicode_ci DEFAULT NULL,
  `company` varchar(255) COLLATE utf8mb4_unicode_ci DEFAULT NULL,
  PRIMARY KEY (`lang_code`,`mp_stores_id`)
) ENGINE=InnoDB DEFAULT CHARSET=utf8mb4 COLLATE=utf8mb4_unicode_ci;
/*!40101 SET character_set_client = @saved_cs_client */;

--
-- Dumping data for table `mp_stores_translations`
--

LOCK TABLES `mp_stores_translations` WRITE;
/*!40000 ALTER TABLE `mp_stores_translations` DISABLE KEYS */;
/*!40000 ALTER TABLE `mp_stores_translations` ENABLE KEYS */;
UNLOCK TABLES;

--
-- Table structure for table `mp_vendor_info`
--

DROP TABLE IF EXISTS `mp_vendor_info`;
/*!40101 SET @saved_cs_client     = @@character_set_client */;
/*!50503 SET character_set_client = utf8mb4 */;
CREATE TABLE `mp_vendor_info` (
  `id` bigint unsigned NOT NULL AUTO_INCREMENT,
  `customer_id` bigint unsigned NOT NULL DEFAULT '0',
  `balance` decimal(15,2) NOT NULL DEFAULT '0.00',
  `total_fee` decimal(15,2) NOT NULL DEFAULT '0.00',
  `total_revenue` decimal(15,2) NOT NULL DEFAULT '0.00',
  `signature` varchar(255) COLLATE utf8mb4_unicode_ci DEFAULT NULL,
  `bank_info` text COLLATE utf8mb4_unicode_ci,
  `created_at` timestamp NULL DEFAULT NULL,
  `updated_at` timestamp NULL DEFAULT NULL,
  `payout_payment_method` varchar(120) COLLATE utf8mb4_unicode_ci DEFAULT 'bank_transfer',
  `tax_info` text COLLATE utf8mb4_unicode_ci,
  PRIMARY KEY (`id`)
) ENGINE=InnoDB AUTO_INCREMENT=4 DEFAULT CHARSET=utf8mb4 COLLATE=utf8mb4_unicode_ci;
/*!40101 SET character_set_client = @saved_cs_client */;

--
-- Dumping data for table `mp_vendor_info`
--

LOCK TABLES `mp_vendor_info` WRITE;
/*!40000 ALTER TABLE `mp_vendor_info` DISABLE KEYS */;
INSERT INTO `mp_vendor_info` VALUES (1,2,1350.00,0.00,1797.00,'$2y$12$ff177HAgDTQuiXwb7NLM/eYcd.7TWg.5CNfU/6kG7q8FdlORCWnUy','{\"name\":\"Macy Jones I\",\"number\":\"+17203224870\",\"full_name\":\"Herbert Bartoletti\",\"description\":\"Cornell Hahn\"}','2023-10-30 01:30:05','2023-10-30 01:30:15','bank_transfer',NULL),(2,5,6889.00,0.00,12466.00,'$2y$12$6jHVS3wMku3NaCilwhaj/.3zE0dXACdkrh0GLQyu/3PLPbUMvSB7q','{\"name\":\"Dovie Parker MD\",\"number\":\"+17749925684\",\"full_name\":\"Bethany Lynch\",\"description\":\"Sophie Pfannerstill\"}','2023-10-30 01:30:05','2023-10-30 01:30:16','bank_transfer',NULL),(3,7,3411.00,0.00,4041.00,'$2y$12$cSSra60Q6xf/rVymXumq2.EZHtM7LdTczqTm7.Mkj/3cGYynT5SbS','{\"name\":\"Prof. Victor Herzog MD\",\"number\":\"+15124270872\",\"full_name\":\"Mr. Christop Lakin PhD\",\"description\":\"Tia Powlowski\"}','2023-10-30 01:30:05','2023-10-30 01:30:18','bank_transfer',NULL);
/*!40000 ALTER TABLE `mp_vendor_info` ENABLE KEYS */;
UNLOCK TABLES;

--
-- Table structure for table `newsletters`
--

DROP TABLE IF EXISTS `newsletters`;
/*!40101 SET @saved_cs_client     = @@character_set_client */;
/*!50503 SET character_set_client = utf8mb4 */;
CREATE TABLE `newsletters` (
  `id` bigint unsigned NOT NULL AUTO_INCREMENT,
  `email` varchar(120) COLLATE utf8mb4_unicode_ci NOT NULL,
  `name` varchar(120) COLLATE utf8mb4_unicode_ci DEFAULT NULL,
  `status` varchar(60) COLLATE utf8mb4_unicode_ci NOT NULL DEFAULT 'subscribed',
  `created_at` timestamp NULL DEFAULT NULL,
  `updated_at` timestamp NULL DEFAULT NULL,
  PRIMARY KEY (`id`)
) ENGINE=InnoDB DEFAULT CHARSET=utf8mb4 COLLATE=utf8mb4_unicode_ci;
/*!40101 SET character_set_client = @saved_cs_client */;

--
-- Dumping data for table `newsletters`
--

LOCK TABLES `newsletters` WRITE;
/*!40000 ALTER TABLE `newsletters` DISABLE KEYS */;
/*!40000 ALTER TABLE `newsletters` ENABLE KEYS */;
UNLOCK TABLES;

--
-- Table structure for table `pages`
--

DROP TABLE IF EXISTS `pages`;
/*!40101 SET @saved_cs_client     = @@character_set_client */;
/*!50503 SET character_set_client = utf8mb4 */;
CREATE TABLE `pages` (
  `id` bigint unsigned NOT NULL AUTO_INCREMENT,
  `name` varchar(120) COLLATE utf8mb4_unicode_ci NOT NULL,
  `content` longtext CHARACTER SET utf8mb4 COLLATE utf8mb4_unicode_ci,
  `user_id` bigint unsigned DEFAULT NULL,
  `image` varchar(255) COLLATE utf8mb4_unicode_ci DEFAULT NULL,
  `template` varchar(60) COLLATE utf8mb4_unicode_ci DEFAULT NULL,
  `description` varchar(400) COLLATE utf8mb4_unicode_ci DEFAULT NULL,
  `status` varchar(60) COLLATE utf8mb4_unicode_ci NOT NULL DEFAULT 'published',
  `created_at` timestamp NULL DEFAULT NULL,
  `updated_at` timestamp NULL DEFAULT NULL,
  PRIMARY KEY (`id`),
  KEY `pages_user_id_index` (`user_id`)
) ENGINE=InnoDB AUTO_INCREMENT=13 DEFAULT CHARSET=utf8mb4 COLLATE=utf8mb4_unicode_ci;
/*!40101 SET character_set_client = @saved_cs_client */;

--
-- Dumping data for table `pages`
--

LOCK TABLES `pages` WRITE;
/*!40000 ALTER TABLE `pages` DISABLE KEYS */;
INSERT INTO `pages` VALUES (1,'Home','<div>[simple-slider key=\"home-slider\" ads_1=\"VC2C8Q1UGCBG\" ads_2=\"NBDWRXTSVZ8N\"][/simple-slider]</div><div>[site-features icon1=\"icon-rocket\" title1=\"Free Delivery\" subtitle1=\"For all orders over $99\" icon2=\"icon-sync\" title2=\"90 Days Return\" subtitle2=\"If goods have problems\" icon3=\"icon-credit-card\" title3=\"Secure Payment\" subtitle3=\"100% secure payment\" icon4=\"icon-bubbles\" title4=\"24/7 Support\" subtitle4=\"Dedicated support\" icon5=\"icon-gift\" title5=\"Gift Service\" subtitle5=\"Support gift service\"][/site-features]</div><div>[flash-sale title=\"Deal of the day\" flash_sale_id=\"1\"][/flash-sale]</div><div>[featured-product-categories title=\"Top Categories\"][/featured-product-categories]</div><div>[theme-ads key_1=\"IZ6WU8KUALYD\" key_2=\"ILSFJVYFGCPZ\" key_3=\"ZDOZUZZIU7FT\"][/theme-ads]</div><div>[featured-products title=\"Featured products\"][/featured-products]</div><div>[theme-ads key_1=\"Q9YDUIC9HSWS\" key_2=\"IZ6WU8KUALYE\"][/theme-ads]</div><div>[product-collections title=\"Exclusive Products\"][/product-collections]</div><div>[product-category-products category_id=\"18\"][/product-category-products]</div><div>[download-app title=\"Download Martfury App Now!\" subtitle=\"Shopping fastly and easily more with our app. Get a link to download the app on your phone.\" screenshot=\"general/app.png\" android_app_url=\"https://www.appstore.com\" ios_app_url=\"https://play.google.com/store\"][/download-app]</div><div>[product-category-products category_id=\"23\"][/product-category-products]</div><div>[newsletter-form title=\"Join Our Newsletter Now\" subtitle=\"Subscribe to get information about products and coupons\"][/newsletter-form]</div>',1,NULL,'homepage',NULL,'published','2023-10-30 01:30:02','2023-10-30 01:30:02'),(2,'About us','<p>THAT\'S a good character, But said I could let you out, you know.\' He was an old conger-eel, that used to it in with a pair of white kid gloves and a fall, and a piece of it at all,\' said the Mock Turtle replied, counting off the top of it. Presently the Rabbit actually TOOK A WATCH OUT OF ITS WAISTCOAT-POCKET, and looked along the course, here and there. There was a table in the sand with wooden spades, then a great hurry, muttering to himself as he spoke. \'A cat may look at them--\'I wish.</p><p>Alice, flinging the baby with some surprise that the best plan.\' It sounded an excellent plan, no doubt, and very angrily. \'A knot!\' said Alice, \'and why it is I hate cats and dogs.\' It was opened by another footman in livery came running out of the tale was something like it,\' said the Duchess; \'and most things twinkled after that--only the March Hare: she thought there was a good thing!\' she said to herself. \'Of the mushroom,\' said the Gryphon, and the moon, and memory, and muchness--you.</p><p>Alice, and she very good-naturedly began hunting about for it, she found that her idea of the Nile On every golden scale! \'How cheerfully he seems to be lost, as she came upon a neat little house, on the bank, with her face brightened up again.) \'Please your Majesty,\' the Hatter said, turning to the King, \'or I\'ll have you executed, whether you\'re a little ledge of rock, and, as the rest were quite silent, and looked at the window.\' \'THAT you won\'t\' thought Alice, as the Rabbit, and had just.</p><p>It was the first verse,\' said the youth, \'one would hardly suppose That your eye was as much as she could. \'The Dormouse is asleep again,\' said the King, the Queen, and in a trembling voice, \'Let us get to the end: then stop.\' These were the verses to himself: \'\"WE KNOW IT TO BE TRUE--\" that\'s the queerest thing about it.\' (The jury all looked puzzled.) \'He must have got altered.\' \'It is a raven like a sky-rocket!\' \'So you think I can listen all day to such stuff? Be off, or I\'ll have you.</p>',1,NULL,'default',NULL,'published','2023-10-30 01:30:03','2023-10-30 01:30:03'),(3,'Terms Of Use','<p>Gryphon. \'It all came different!\' Alice replied in an offended tone, \'Hm! No accounting for tastes! Sing her \"Turtle Soup,\" will you, won\'t you, will you, won\'t you join the dance. Will you, won\'t you, will you, won\'t you, will you join the dance? \"You can really have no answers.\' \'If you didn\'t like cats.\' \'Not like cats!\' cried the Mouse, getting up and repeat something now. Tell her to speak first, \'why your cat grins like that?\' \'It\'s a pun!\' the King in a very difficult game indeed. The.</p><p>So she swallowed one of them.\' In another moment down went Alice like the wind, and the beak-- Pray how did you begin?\' The Hatter was the first figure,\' said the voice. \'Fetch me my gloves this moment!\' Then came a little shriek, and went on all the jelly-fish out of its mouth, and addressed her in a moment. \'Let\'s go on for some way of expressing yourself.\' The baby grunted again, so she waited. The Gryphon lifted up both its paws in surprise. \'What! Never heard of uglifying!\' it exclaimed.</p><p>This is the use of a candle is like after the birds! Why, she\'ll eat a little timidly, \'why you are painting those roses?\' Five and Seven said nothing, but looked at Alice, and she went on again:-- \'You may go,\' said the King. \'Nearly two miles high,\' added the Gryphon; and then keep tight hold of this ointment--one shilling the box-- Allow me to introduce some other subject of conversation. While she was trying to touch her. \'Poor little thing!\' said Alice, who was sitting on the English.</p><p>Dormouse!\' And they pinched it on both sides of it, and they sat down, and felt quite unhappy at the sides of the trial.\' \'Stupid things!\' Alice thought she might as well be at school at once.\' However, she did not wish to offend the Dormouse go on till you come to the table for it, you know--\' \'But, it goes on \"THEY ALL RETURNED FROM HIM TO YOU,\"\' said Alice. \'Then it doesn\'t matter much,\' thought Alice, as she remembered the number of executions the Queen said--\' \'Get to your places!\'.</p>',1,NULL,'default',NULL,'published','2023-10-30 01:30:03','2023-10-30 01:30:03'),(4,'Terms &amp; Conditions','<p>Alice led the way, was the BEST butter, you know.\' \'I DON\'T know,\' said Alice very meekly: \'I\'m growing.\' \'You\'ve no right to grow up again! Let me see--how IS it to half-past one as long as it spoke (it was Bill, the Lizard) could not remember the simple and loving heart of her little sister\'s dream. The long grass rustled at her with large eyes like a frog; and both the hedgehogs were out of THIS!\' (Sounds of more broken glass.) \'Now tell me, please, which way she put it. She went on in a.</p><p>I think--\' (she was rather doubtful whether she could not taste theirs, and the fan, and skurried away into the air. This time there were ten of them, and then quietly marched off after the candle is like after the rest of the Lobster Quadrille, that she did not look at all fairly,\' Alice began, in a Little Bill It was all ridges and furrows; the balls were live hedgehogs, the mallets live flamingoes, and the jury eagerly wrote down on their slates, and she had tired herself out with his.</p><p>Alice said to herself, for this curious child was very likely it can be,\' said the Caterpillar; and it was the cat.) \'I hope they\'ll remember her saucer of milk at tea-time. Dinah my dear! I wish you wouldn\'t squeeze so.\' said the Hatter, with an M--\' \'Why with an anxious look at the end of your nose-- What made you so awfully clever?\' \'I have answered three questions, and that in some alarm. This time there were no arches left, and all the first position in dancing.\' Alice said; \'there\'s a.</p><p>Rabbit, and had to fall a long breath, and till the Pigeon went on, \'you throw the--\' \'The lobsters!\' shouted the Gryphon, and all sorts of little cartwheels, and the shrill voice of the right-hand bit to try the thing Mock Turtle replied in an offended tone. And the executioner ran wildly up and saying, \'Thank you, sir, for your interesting story,\' but she gained courage as she could, \'If you do. I\'ll set Dinah at you!\' There was no one else seemed inclined to say it any longer than that,\'.</p>',1,NULL,'default',NULL,'published','2023-10-30 01:30:03','2023-10-30 01:30:03'),(5,'Refund Policy','<p>Alice, very loudly and decidedly, and the great question certainly was, what? Alice looked all round the court and got behind him, and said to herself, for this time she had got its head impatiently, and walked two and two, as the Dormouse indignantly. However, he consented to go from here?\' \'That depends a good thing!\' she said to the King, \'that saves a world of trouble, you know, upon the other side of WHAT?\' thought Alice; \'I daresay it\'s a very difficult game indeed. The players all.</p><p>Hatter were having tea at it: a Dormouse was sitting on the top with its legs hanging down, but generally, just as I was thinking I should like it very hard indeed to make out what she was now more than three.\' \'Your hair wants cutting,\' said the Mock Turtle said: \'advance twice, set to work throwing everything within her reach at the stick, and tumbled head over heels in its sleep \'Twinkle, twinkle, twinkle, twinkle--\' and went on in the other. In the very middle of her hedgehog. The hedgehog.</p><p>Adventures of hers would, in the house, \"Let us both go to law: I will prosecute YOU.--Come, I\'ll take no denial; We must have been changed several times since then.\' \'What do you like to be treated with respect. \'Cheshire Puss,\' she began, in a court of justice before, but she could do to come down the middle, wondering how she would manage it. \'They were obliged to write this down on their throne when they saw her, they hurried back to finish his story. CHAPTER IV. The Rabbit started.</p><p>Alice had learnt several things of this ointment--one shilling the box-- Allow me to introduce some other subject of conversation. While she was in the long hall, and wander about among those beds of bright flowers and those cool fountains, but she felt a very hopeful tone though), \'I won\'t indeed!\' said the Dodo. Then they all cheered. Alice thought decidedly uncivil. \'But perhaps it was as steady as ever; Yet you turned a corner, \'Oh my ears and whiskers, how late it\'s getting!\' She was a.</p>',1,NULL,'default',NULL,'published','2023-10-30 01:30:03','2023-10-30 01:30:03'),(6,'Blog','<p>---</p>',1,NULL,'blog-sidebar',NULL,'published','2023-10-30 01:30:03','2023-10-30 01:30:03'),(7,'FAQs','<div>[faq title=\"Frequently Asked Questions\"][/faq]</div>',1,NULL,'default',NULL,'published','2023-10-30 01:30:03','2023-10-30 01:30:03'),(8,'Contact','<div>[google-map]502 New Street, Brighton VIC, Australia[/google-map]</div><div>[contact-info-boxes title=\"Contact Us For Any Questions\"][/contact-info-boxes]</div><div>[contact-form][/contact-form]</div>',1,NULL,'full-width',NULL,'published','2023-10-30 01:30:03','2023-10-30 01:30:03'),(9,'Cookie Policy','<h3>EU Cookie Consent</h3><p>To use this Website we are using Cookies and collecting some Data. To be compliant with the EU GDPR we give you to choose if you allow us to use certain Cookies and to collect some Data.</p><h4>Essential Data</h4><p>The Essential Data is needed to run the Site you are visiting technically. You can not deactivate them.</p><p>- Session Cookie: PHP uses a Cookie to identify user sessions. Without this Cookie the Website is not working.</p><p>- XSRF-Token Cookie: Laravel automatically generates a CSRF \"token\" for each active user session managed by the application. This token is used to verify that the authenticated user is the one actually making the requests to the application.</p>',1,NULL,'default',NULL,'published','2023-10-30 01:30:03','2023-10-30 01:30:03'),(10,'Affiliate','<p>Caterpillar\'s making such VERY short remarks, and she set to work nibbling at the door--I do wish I could shut up like telescopes: this time the Queen was silent. The King and Queen of Hearts were seated on their slates, \'SHE doesn\'t believe there\'s an atom of meaning in it,\' said the King. The White Rabbit read:-- \'They told me you had been to her, though, as they lay sprawling about, reminding her very much confused, \'I don\'t think it\'s at all like the Mock Turtle is.\' \'It\'s the stupidest.</p><p>I think you\'d take a fancy to herself \'This is Bill,\' she gave one sharp kick, and waited till the puppy\'s bark sounded quite faint in the direction in which you usually see Shakespeare, in the other. \'I beg pardon, your Majesty,\' said Two, in a trembling voice:-- \'I passed by his garden, and marked, with one finger pressed upon its nose. The Dormouse slowly opened his eyes. \'I wasn\'t asleep,\' he said to herself, \'if one only knew how to begin.\' He looked at each other for some minutes. The.</p><p>Dinah, tell me your history, she do.\' \'I\'ll tell it her,\' said the Dodo. Then they both cried. \'Wake up, Dormouse!\' And they pinched it on both sides of the house, and have next to no toys to play with, and oh! ever so many lessons to learn! No, I\'ve made up my mind about it; and as he spoke, and added with a kind of thing that would be of any use, now,\' thought Alice, \'and if it had grown up,\' she said to a shriek, \'and just as I\'d taken the highest tree in the schoolroom, and though this was.</p><p>Majesty means, of course,\' said the Caterpillar took the place where it had VERY long claws and a great deal too flustered to tell its age, there was generally a frog or a worm. The question is, Who in the same age as herself, to see a little startled by seeing the Cheshire Cat sitting on the English coast you find a pleasure in all directions, tumbling up against each other; however, they got settled down again very sadly and quietly, and looked at each other for some minutes. The Caterpillar.</p>',1,NULL,'default',NULL,'published','2023-10-30 01:30:03','2023-10-30 01:30:03'),(11,'Career','<p>THINK,\' said Alice. \'Of course you know about it, and very nearly getting up and went in. The door led right into it. \'That\'s very important,\' the King say in a minute, while Alice thought to herself, \'whenever I eat one of these cakes,\' she thought, \'it\'s sure to happen,\' she said to the Dormouse, who was talking. Alice could think of what work it would be like, but it makes rather a handsome pig, I think.\' And she began very cautiously: \'But I don\'t think,\' Alice went on, \'What\'s your name.</p><p>Miss, we\'re doing our best, afore she comes, to--\' At this moment Five, who had been running half an hour or so there were three gardeners instantly jumped up, and there stood the Queen to play croquet.\' Then they both bowed low, and their curls got entangled together. Alice laughed so much contradicted in her head, and she felt sure she would gather about her repeating \'YOU ARE OLD, FATHER WILLIAM,\' to the Mock Turtle, \'but if you\'ve seen them so often, of course you know about it, so she set.</p><p>Alice thought to herself. \'Shy, they seem to dry me at all.\' \'In that case,\' said the youth, \'and your jaws are too weak For anything tougher than suet; Yet you turned a back-somersault in at the bottom of a large fan in the pool, \'and she sits purring so nicely by the officers of the shelves as she ran. \'How surprised he\'ll be when he sneezes: He only does it to her head, and she said to Alice. \'What IS the use of a tree. \'Did you speak?\' \'Not I!\' he replied. \'We quarrelled last March--just.</p><p>Alice, \'but I know all the right height to be.\' \'It is a long time together.\' \'Which is just the case with my wife; And the muscular strength, which it gave to my jaw, Has lasted the rest of the court,\" and I don\'t keep the same tone, exactly as if nothing had happened. \'How am I to do?\' said Alice. \'Why, there they lay sprawling about, reminding her very earnestly, \'Now, Dinah, tell me the list of singers. \'You may not have lived much under the door; so either way I\'ll get into her face, and.</p>',1,NULL,'default',NULL,'published','2023-10-30 01:30:03','2023-10-30 01:30:03'),(12,'Coming soon','<p>Condimentum ipsum a adipiscing hac dolor set consectetur urna commodo elit parturient <br/>molestie ut nisl partu convallier ullamcorpe.</p><div>[coming-soon time=\"December 30, 2022 15:37:25\" image=\"general/coming-soon.jpg\"][/coming-soon]</div>',1,NULL,'coming-soon',NULL,'published','2023-10-30 01:30:03','2023-10-30 01:30:03');
/*!40000 ALTER TABLE `pages` ENABLE KEYS */;
UNLOCK TABLES;

--
-- Table structure for table `pages_translations`
--

DROP TABLE IF EXISTS `pages_translations`;
/*!40101 SET @saved_cs_client     = @@character_set_client */;
/*!50503 SET character_set_client = utf8mb4 */;
CREATE TABLE `pages_translations` (
  `lang_code` varchar(191) COLLATE utf8mb4_unicode_ci NOT NULL,
  `pages_id` bigint unsigned NOT NULL,
  `name` varchar(255) COLLATE utf8mb4_unicode_ci DEFAULT NULL,
  `description` varchar(400) COLLATE utf8mb4_unicode_ci DEFAULT NULL,
  `content` longtext COLLATE utf8mb4_unicode_ci,
  PRIMARY KEY (`lang_code`,`pages_id`)
) ENGINE=InnoDB DEFAULT CHARSET=utf8mb4 COLLATE=utf8mb4_unicode_ci;
/*!40101 SET character_set_client = @saved_cs_client */;

--
-- Dumping data for table `pages_translations`
--

LOCK TABLES `pages_translations` WRITE;
/*!40000 ALTER TABLE `pages_translations` DISABLE KEYS */;
/*!40000 ALTER TABLE `pages_translations` ENABLE KEYS */;
UNLOCK TABLES;

--
-- Table structure for table `password_reset_tokens`
--

DROP TABLE IF EXISTS `password_reset_tokens`;
/*!40101 SET @saved_cs_client     = @@character_set_client */;
/*!50503 SET character_set_client = utf8mb4 */;
CREATE TABLE `password_reset_tokens` (
  `email` varchar(191) COLLATE utf8mb4_unicode_ci NOT NULL,
  `token` varchar(191) COLLATE utf8mb4_unicode_ci NOT NULL,
  `created_at` timestamp NULL DEFAULT NULL,
  PRIMARY KEY (`email`)
) ENGINE=InnoDB DEFAULT CHARSET=utf8mb4 COLLATE=utf8mb4_unicode_ci;
/*!40101 SET character_set_client = @saved_cs_client */;

--
-- Dumping data for table `password_reset_tokens`
--

LOCK TABLES `password_reset_tokens` WRITE;
/*!40000 ALTER TABLE `password_reset_tokens` DISABLE KEYS */;
/*!40000 ALTER TABLE `password_reset_tokens` ENABLE KEYS */;
UNLOCK TABLES;

--
-- Table structure for table `payments`
--

DROP TABLE IF EXISTS `payments`;
/*!40101 SET @saved_cs_client     = @@character_set_client */;
/*!50503 SET character_set_client = utf8mb4 */;
CREATE TABLE `payments` (
  `id` bigint unsigned NOT NULL AUTO_INCREMENT,
  `currency` varchar(120) CHARACTER SET utf8mb4 COLLATE utf8mb4_unicode_ci DEFAULT NULL,
  `user_id` bigint unsigned NOT NULL DEFAULT '0',
  `charge_id` varchar(255) CHARACTER SET utf8mb4 COLLATE utf8mb4_unicode_ci DEFAULT NULL,
  `payment_channel` varchar(60) COLLATE utf8mb4_unicode_ci DEFAULT NULL,
  `description` varchar(255) COLLATE utf8mb4_unicode_ci DEFAULT NULL,
  `amount` decimal(15,2) unsigned NOT NULL,
  `order_id` bigint unsigned DEFAULT NULL,
  `status` varchar(60) COLLATE utf8mb4_unicode_ci DEFAULT 'pending',
  `payment_type` varchar(191) COLLATE utf8mb4_unicode_ci DEFAULT 'confirm',
  `customer_id` bigint unsigned DEFAULT NULL,
  `refunded_amount` decimal(15,2) unsigned DEFAULT NULL,
  `refund_note` varchar(255) COLLATE utf8mb4_unicode_ci DEFAULT NULL,
  `created_at` timestamp NULL DEFAULT NULL,
  `updated_at` timestamp NULL DEFAULT NULL,
  `customer_type` varchar(255) COLLATE utf8mb4_unicode_ci DEFAULT NULL,
  `metadata` mediumtext CHARACTER SET utf8mb4 COLLATE utf8mb4_unicode_ci,
  PRIMARY KEY (`id`)
) ENGINE=InnoDB AUTO_INCREMENT=40 DEFAULT CHARSET=utf8mb4 COLLATE=utf8mb4_unicode_ci;
/*!40101 SET character_set_client = @saved_cs_client */;

--
-- Dumping data for table `payments`
--

LOCK TABLES `payments` WRITE;
/*!40000 ALTER TABLE `payments` DISABLE KEYS */;
INSERT INTO `payments` VALUES (1,'USD',0,'GAX93YMS8H','stripe',NULL,2472.50,1,'completed','confirm',10,NULL,NULL,'2023-10-30 01:30:05','2023-10-30 01:30:05','Botble\\Ecommerce\\Models\\Customer',NULL),(2,'USD',0,'7AW2H6GGCR','cod',NULL,2128.00,2,'pending','confirm',10,NULL,NULL,'2023-10-30 01:30:05','2023-10-30 01:30:05','Botble\\Ecommerce\\Models\\Customer',NULL),(3,'USD',0,'KBJMWP8AM9','sslcommerz',NULL,2520.00,3,'completed','confirm',10,NULL,NULL,'2023-10-30 01:30:05','2023-10-30 01:30:05','Botble\\Ecommerce\\Models\\Customer',NULL),(4,'USD',0,'JRTECULDC8','sslcommerz',NULL,1067.00,4,'completed','confirm',10,NULL,NULL,'2023-10-30 01:30:06','2023-10-30 01:30:06','Botble\\Ecommerce\\Models\\Customer',NULL),(5,'USD',0,'9GPMAX2L8K','mollie',NULL,40.00,5,'completed','confirm',1,NULL,NULL,'2023-10-30 01:30:06','2023-10-30 01:30:06','Botble\\Ecommerce\\Models\\Customer',NULL),(6,'USD',0,'ULXIGSSE9W','bank_transfer',NULL,3538.00,6,'pending','confirm',1,NULL,NULL,'2023-10-30 01:30:06','2023-10-30 01:30:06','Botble\\Ecommerce\\Models\\Customer',NULL),(7,'USD',0,'RMMQQCUULS','sslcommerz',NULL,4432.00,7,'completed','confirm',10,NULL,NULL,'2023-10-30 01:30:06','2023-10-30 01:30:06','Botble\\Ecommerce\\Models\\Customer',NULL),(8,'USD',0,'5BWX5MXEUM','bank_transfer',NULL,1698.00,8,'pending','confirm',10,NULL,NULL,'2023-10-30 01:30:06','2023-10-30 01:30:06','Botble\\Ecommerce\\Models\\Customer',NULL),(9,'USD',0,'FKA1LB8XOQ','paystack',NULL,643.00,9,'completed','confirm',10,NULL,NULL,'2023-10-30 01:30:06','2023-10-30 01:30:06','Botble\\Ecommerce\\Models\\Customer',NULL),(10,'USD',0,'BBJEC08ZDC','bank_transfer',NULL,2819.00,10,'pending','confirm',1,NULL,NULL,'2023-10-30 01:30:06','2023-10-30 01:30:06','Botble\\Ecommerce\\Models\\Customer',NULL),(11,'USD',0,'R0CWN3YG0L','sslcommerz',NULL,2294.00,11,'completed','confirm',1,NULL,NULL,'2023-10-30 01:30:06','2023-10-30 01:30:06','Botble\\Ecommerce\\Models\\Customer',NULL),(12,'USD',0,'TFSD3XLMLN','paystack',NULL,3882.00,12,'completed','confirm',1,NULL,NULL,'2023-10-30 01:30:06','2023-10-30 01:30:06','Botble\\Ecommerce\\Models\\Customer',NULL),(13,'USD',0,'QDEVWUSVLF','stripe',NULL,4673.00,13,'completed','confirm',1,NULL,NULL,'2023-10-30 01:30:06','2023-10-30 01:30:06','Botble\\Ecommerce\\Models\\Customer',NULL),(14,'USD',0,'JBWI7RSYS3','paypal',NULL,1429.00,14,'completed','confirm',3,NULL,NULL,'2023-10-30 01:30:06','2023-10-30 01:30:06','Botble\\Ecommerce\\Models\\Customer',NULL),(15,'USD',0,'STPFYKEXVP','paypal',NULL,4886.00,15,'completed','confirm',1,NULL,NULL,'2023-10-30 01:30:06','2023-10-30 01:30:06','Botble\\Ecommerce\\Models\\Customer',NULL),(16,'USD',0,'N5BNOXSXLK','paypal',NULL,1052.00,16,'completed','confirm',1,NULL,NULL,'2023-10-30 01:30:06','2023-10-30 01:30:06','Botble\\Ecommerce\\Models\\Customer',NULL),(17,'USD',0,'WYEW7U2SOJ','sslcommerz',NULL,3402.00,17,'completed','confirm',6,NULL,NULL,'2023-10-30 01:30:07','2023-10-30 01:30:07','Botble\\Ecommerce\\Models\\Customer',NULL),(18,'USD',0,'1QTOHKEUGV','sslcommerz',NULL,1584.00,18,'completed','confirm',6,NULL,NULL,'2023-10-30 01:30:07','2023-10-30 01:30:07','Botble\\Ecommerce\\Models\\Customer',NULL),(19,'USD',0,'CUT9TRYA0L','paypal',NULL,1840.50,19,'completed','confirm',9,NULL,NULL,'2023-10-30 01:30:07','2023-10-30 01:30:07','Botble\\Ecommerce\\Models\\Customer',NULL),(20,'USD',0,'ITF6RNQN6J','razorpay',NULL,3192.00,20,'completed','confirm',1,NULL,NULL,'2023-10-30 01:30:07','2023-10-30 01:30:07','Botble\\Ecommerce\\Models\\Customer',NULL),(21,'USD',0,'O93CUGH6UA','razorpay',NULL,1132.00,21,'completed','confirm',1,NULL,NULL,'2023-10-30 01:30:07','2023-10-30 01:30:07','Botble\\Ecommerce\\Models\\Customer',NULL),(22,'USD',0,'6AWENYHUQO','razorpay',NULL,7717.00,22,'completed','confirm',6,NULL,NULL,'2023-10-30 01:30:07','2023-10-30 01:30:07','Botble\\Ecommerce\\Models\\Customer',NULL),(23,'USD',0,'VLKPUDEKYV','razorpay',NULL,161.50,23,'completed','confirm',9,NULL,NULL,'2023-10-30 01:30:07','2023-10-30 01:30:07','Botble\\Ecommerce\\Models\\Customer',NULL),(24,'USD',0,'JKD1CKUA7C','cod',NULL,1056.00,24,'pending','confirm',9,NULL,NULL,'2023-10-30 01:30:07','2023-10-30 01:30:07','Botble\\Ecommerce\\Models\\Customer',NULL),(25,'USD',0,'ZYKKSXPZRB','stripe',NULL,1797.00,25,'completed','confirm',4,NULL,NULL,'2023-10-30 01:30:07','2023-10-30 01:30:07','Botble\\Ecommerce\\Models\\Customer',NULL),(26,'USD',0,'1YHDWJC2ZS','bank_transfer',NULL,643.00,26,'pending','confirm',4,NULL,NULL,'2023-10-30 01:30:07','2023-10-30 01:30:07','Botble\\Ecommerce\\Models\\Customer',NULL),(27,'USD',0,'FSFWQRMRJ9','bank_transfer',NULL,840.00,27,'pending','confirm',3,NULL,NULL,'2023-10-30 01:30:07','2023-10-30 01:30:07','Botble\\Ecommerce\\Models\\Customer',NULL),(28,'USD',0,'OKD6QOPSDR','mollie',NULL,4432.00,28,'completed','confirm',3,NULL,NULL,'2023-10-30 01:30:08','2023-10-30 01:30:08','Botble\\Ecommerce\\Models\\Customer',NULL),(29,'USD',0,'VCHKWUSB7S','stripe',NULL,40.00,29,'completed','confirm',4,NULL,NULL,'2023-10-30 01:30:08','2023-10-30 01:30:08','Botble\\Ecommerce\\Models\\Customer',NULL),(30,'USD',0,'MFP4LNEWGY','bank_transfer',NULL,2196.00,30,'pending','confirm',4,NULL,NULL,'2023-10-30 01:30:08','2023-10-30 01:30:08','Botble\\Ecommerce\\Models\\Customer',NULL),(31,'USD',0,'PPDNWKFTHG','bank_transfer',NULL,2318.50,31,'pending','confirm',8,NULL,NULL,'2023-10-30 01:30:08','2023-10-30 01:30:08','Botble\\Ecommerce\\Models\\Customer',NULL),(32,'USD',0,'XOF6FTAOZP','bank_transfer',NULL,1698.00,32,'pending','confirm',8,NULL,NULL,'2023-10-30 01:30:08','2023-10-30 01:30:08','Botble\\Ecommerce\\Models\\Customer',NULL),(33,'USD',0,'VP2PXSQFEI','cod',NULL,1056.00,33,'pending','confirm',4,NULL,NULL,'2023-10-30 01:30:08','2023-10-30 01:30:08','Botble\\Ecommerce\\Models\\Customer',NULL),(34,'USD',0,'FTFFQBT0E5','paystack',NULL,2294.00,34,'completed','confirm',4,NULL,NULL,'2023-10-30 01:30:08','2023-10-30 01:30:08','Botble\\Ecommerce\\Models\\Customer',NULL),(35,'USD',0,'9RTYUNJCRN','razorpay',NULL,1929.00,35,'completed','confirm',4,NULL,NULL,'2023-10-30 01:30:08','2023-10-30 01:30:08','Botble\\Ecommerce\\Models\\Customer',NULL),(36,'USD',0,'RGPSFGLELD','cod',NULL,1578.00,36,'pending','confirm',3,NULL,NULL,'2023-10-30 01:30:08','2023-10-30 01:30:08','Botble\\Ecommerce\\Models\\Customer',NULL),(37,'USD',0,'BOPHJI3BCV','paystack',NULL,1064.00,37,'completed','confirm',3,NULL,NULL,'2023-10-30 01:30:08','2023-10-30 01:30:08','Botble\\Ecommerce\\Models\\Customer',NULL),(38,'USD',0,'YL7YBVYKDK','bank_transfer',NULL,2675.00,38,'pending','confirm',4,NULL,NULL,'2023-10-30 01:30:08','2023-10-30 01:30:08','Botble\\Ecommerce\\Models\\Customer',NULL),(39,'USD',0,'WBMQP8QRGC','paystack',NULL,3360.00,39,'completed','confirm',4,NULL,NULL,'2023-10-30 01:30:08','2023-10-30 01:30:08','Botble\\Ecommerce\\Models\\Customer',NULL);
/*!40000 ALTER TABLE `payments` ENABLE KEYS */;
UNLOCK TABLES;

--
-- Table structure for table `personal_access_tokens`
--

DROP TABLE IF EXISTS `personal_access_tokens`;
/*!40101 SET @saved_cs_client     = @@character_set_client */;
/*!50503 SET character_set_client = utf8mb4 */;
CREATE TABLE `personal_access_tokens` (
  `id` bigint unsigned NOT NULL AUTO_INCREMENT,
  `tokenable_type` varchar(191) COLLATE utf8mb4_unicode_ci NOT NULL,
  `tokenable_id` bigint unsigned NOT NULL,
  `name` varchar(191) COLLATE utf8mb4_unicode_ci NOT NULL,
  `token` varchar(64) COLLATE utf8mb4_unicode_ci NOT NULL,
  `abilities` text COLLATE utf8mb4_unicode_ci,
  `last_used_at` timestamp NULL DEFAULT NULL,
  `expires_at` timestamp NULL DEFAULT NULL,
  `created_at` timestamp NULL DEFAULT NULL,
  `updated_at` timestamp NULL DEFAULT NULL,
  PRIMARY KEY (`id`),
  UNIQUE KEY `personal_access_tokens_token_unique` (`token`),
  KEY `personal_access_tokens_tokenable_type_tokenable_id_index` (`tokenable_type`,`tokenable_id`)
) ENGINE=InnoDB DEFAULT CHARSET=utf8mb4 COLLATE=utf8mb4_unicode_ci;
/*!40101 SET character_set_client = @saved_cs_client */;

--
-- Dumping data for table `personal_access_tokens`
--

LOCK TABLES `personal_access_tokens` WRITE;
/*!40000 ALTER TABLE `personal_access_tokens` DISABLE KEYS */;
/*!40000 ALTER TABLE `personal_access_tokens` ENABLE KEYS */;
UNLOCK TABLES;

--
-- Table structure for table `post_categories`
--

DROP TABLE IF EXISTS `post_categories`;
/*!40101 SET @saved_cs_client     = @@character_set_client */;
/*!50503 SET character_set_client = utf8mb4 */;
CREATE TABLE `post_categories` (
  `category_id` bigint unsigned NOT NULL,
  `post_id` bigint unsigned NOT NULL,
  KEY `post_categories_category_id_index` (`category_id`),
  KEY `post_categories_post_id_index` (`post_id`)
) ENGINE=InnoDB DEFAULT CHARSET=utf8mb4 COLLATE=utf8mb4_unicode_ci;
/*!40101 SET character_set_client = @saved_cs_client */;

--
-- Dumping data for table `post_categories`
--

LOCK TABLES `post_categories` WRITE;
/*!40000 ALTER TABLE `post_categories` DISABLE KEYS */;
INSERT INTO `post_categories` VALUES (1,1),(3,1),(1,2),(4,2),(1,3),(3,3),(2,4),(3,4),(2,5),(3,5),(1,6),(4,6),(2,7),(3,7),(1,8),(3,8),(1,9),(4,9),(1,10),(4,10),(1,11),(4,11);
/*!40000 ALTER TABLE `post_categories` ENABLE KEYS */;
UNLOCK TABLES;

--
-- Table structure for table `post_tags`
--

DROP TABLE IF EXISTS `post_tags`;
/*!40101 SET @saved_cs_client     = @@character_set_client */;
/*!50503 SET character_set_client = utf8mb4 */;
CREATE TABLE `post_tags` (
  `tag_id` bigint unsigned NOT NULL,
  `post_id` bigint unsigned NOT NULL,
  KEY `post_tags_tag_id_index` (`tag_id`),
  KEY `post_tags_post_id_index` (`post_id`)
) ENGINE=InnoDB DEFAULT CHARSET=utf8mb4 COLLATE=utf8mb4_unicode_ci;
/*!40101 SET character_set_client = @saved_cs_client */;

--
-- Dumping data for table `post_tags`
--

LOCK TABLES `post_tags` WRITE;
/*!40000 ALTER TABLE `post_tags` DISABLE KEYS */;
INSERT INTO `post_tags` VALUES (1,1),(2,1),(3,1),(4,1),(5,1),(1,2),(2,2),(3,2),(4,2),(5,2),(1,3),(2,3),(3,3),(4,3),(5,3),(1,4),(2,4),(3,4),(4,4),(5,4),(1,5),(2,5),(3,5),(4,5),(5,5),(1,6),(2,6),(3,6),(4,6),(5,6),(1,7),(2,7),(3,7),(4,7),(5,7),(1,8),(2,8),(3,8),(4,8),(5,8),(1,9),(2,9),(3,9),(4,9),(5,9),(1,10),(2,10),(3,10),(4,10),(5,10),(1,11),(2,11),(3,11),(4,11),(5,11);
/*!40000 ALTER TABLE `post_tags` ENABLE KEYS */;
UNLOCK TABLES;

--
-- Table structure for table `posts`
--

DROP TABLE IF EXISTS `posts`;
/*!40101 SET @saved_cs_client     = @@character_set_client */;
/*!50503 SET character_set_client = utf8mb4 */;
CREATE TABLE `posts` (
  `id` bigint unsigned NOT NULL AUTO_INCREMENT,
  `name` varchar(255) COLLATE utf8mb4_unicode_ci NOT NULL,
  `description` varchar(400) COLLATE utf8mb4_unicode_ci DEFAULT NULL,
  `content` longtext COLLATE utf8mb4_unicode_ci,
  `status` varchar(60) COLLATE utf8mb4_unicode_ci NOT NULL DEFAULT 'published',
  `author_id` bigint unsigned DEFAULT NULL,
  `author_type` varchar(255) CHARACTER SET utf8mb4 COLLATE utf8mb4_unicode_ci NOT NULL DEFAULT 'Botble\\ACL\\Models\\User',
  `is_featured` tinyint unsigned NOT NULL DEFAULT '0',
  `image` varchar(255) COLLATE utf8mb4_unicode_ci DEFAULT NULL,
  `views` int unsigned NOT NULL DEFAULT '0',
  `format_type` varchar(30) COLLATE utf8mb4_unicode_ci DEFAULT NULL,
  `created_at` timestamp NULL DEFAULT NULL,
  `updated_at` timestamp NULL DEFAULT NULL,
  PRIMARY KEY (`id`),
  KEY `posts_status_index` (`status`),
  KEY `posts_author_id_index` (`author_id`),
  KEY `posts_author_type_index` (`author_type`),
  KEY `posts_created_at_index` (`created_at`)
) ENGINE=InnoDB AUTO_INCREMENT=12 DEFAULT CHARSET=utf8mb4 COLLATE=utf8mb4_unicode_ci;
/*!40101 SET character_set_client = @saved_cs_client */;

--
-- Dumping data for table `posts`
--

LOCK TABLES `posts` WRITE;
/*!40000 ALTER TABLE `posts` DISABLE KEYS */;
INSERT INTO `posts` VALUES (1,'4 Expert Tips On How To Choose The Right Men’s Wallet','You should pay more attention when you choose your wallets. There are a lot of them on the market with the different designs and styles. When you choose carefully, you would be able to buy a wallet that is catered to your needs. Not to mention that it will help to enhance your style significantly.','<p>I have seen many people underestimating the power of their wallets. To them, they are just a functional item they use to carry. As a result, they often end up with the wallets which are not really suitable for them.</p>\n\n<p>You should pay more attention when you choose your wallets. There are a lot of them on the market with the different designs and styles. When you choose carefully, you would be able to buy a wallet that is catered to your needs. Not to mention that it will help to enhance your style significantly.</p>\n\n<p style=\"text-align:center\"><img alt=\"f4\" src=\"/storage/news/1.jpg\" /></p>\n\n<p><br />\n&nbsp;</p>\n\n<p><strong><em>For all of the reason above, here are 7 expert tips to help you pick up the right men&rsquo;s wallet for you:</em></strong></p>\n\n<h4><strong>Number 1: Choose A Neat Wallet</strong></h4>\n\n<p>The wallet is an essential accessory that you should go simple. Simplicity is the best in this case. A simple and neat wallet with the plain color and even&nbsp;<strong>minimalist style</strong>&nbsp;is versatile. It can be used for both formal and casual events. In addition, that wallet will go well with most of the clothes in your wardrobe.</p>\n\n<p>Keep in mind that a wallet will tell other people about your personality and your fashion sense as much as other clothes you put on. Hence, don&rsquo;t go cheesy on your wallet or else people will think that you have a funny and particular style.</p>\n\n<p style=\"text-align:center\"><img alt=\"f5\" src=\"/storage/news/2.jpg\" /></p>\n\n<p><br />\n&nbsp;</p>\n<hr />\n<h4><strong>Number 2: Choose The Right Size For Your Wallet</strong></h4>\n\n<p>You should avoid having an over-sized wallet. Don&rsquo;t think that you need to buy a big wallet because you have a lot to carry with you. In addition, a fat wallet is very ugly. It will make it harder for you to slide the wallet into your trousers&rsquo; pocket. In addition, it will create a bulge and ruin your look.</p>\n\n<p>Before you go on to buy a new wallet, clean out your wallet and place all of the items from your wallet on a table. Throw away things that you would never need any more such as the old bills or the expired gift cards. Remember to check your wallet on a frequent basis to get rid of all of the old stuff that you don&rsquo;t need anymore.</p>\n\n<p style=\"text-align:center\"><img alt=\"f1\" src=\"/storage/news/3.jpg\" /></p>\n\n<p><br />\n&nbsp;</p>\n\n<hr />\n<h4><strong>Number 3: Don&rsquo;t Limit Your Options Of Materials</strong></h4>\n\n<p>The types and designs of wallets are not the only things that you should consider when you go out searching for your best wallet. You have more than 1 option of material rather than leather to choose from as well.</p>\n\n<p>You can experiment with other available options such as cotton, polyester and canvas. They all have their own pros and cons. As a result, they will be suitable for different needs and requirements. You should think about them all in order to choose the material which you would like the most.</p>\n\n<p style=\"text-align:center\"><img alt=\"f6\" height=\"375\" src=\"/storage/news/4.jpg\" /></p>\n\n<p><br />\n&nbsp;</p>\n\n<hr />\n<h4><strong>Number 4: Consider A Wallet As A Long Term Investment</strong></h4>\n\n<p>Your wallet is indeed an investment that you should consider spending a decent amount of time and effort on it. Another factor that you need to consider is how much you want to spend on your wallet. The price ranges of wallets on the market vary a great deal. You can find a wallet which is as cheap as about 5 to 7 dollars. On the other hand, you should expect to pay around 250 to 300 dollars for a high-quality wallet.</p>\n\n<p>In case you need a wallet to use for a long time, it is a good idea that you should invest a decent amount of money on a wallet. A high quality wallet from a reputational brand with the premium quality such as cowhide leather will last for a long time. In addition, it is an accessory to show off your fashion sense and your social status.</p>\n\n<p style=\"text-align:center\"><img alt=\"f2\" height=\"400\" src=\"/storage/news/5.jpg\" /></p>\n\n<p>&nbsp;</p>\n','published',2,'Botble\\ACL\\Models\\User',1,'news/1.jpg',267,NULL,'2023-10-30 01:30:02','2023-10-30 01:30:02'),(2,'Sexy Clutches: How to Buy &amp; Wear a Designer Clutch Bag','You should pay more attention when you choose your wallets. There are a lot of them on the market with the different designs and styles. When you choose carefully, you would be able to buy a wallet that is catered to your needs. Not to mention that it will help to enhance your style significantly.','<p>I have seen many people underestimating the power of their wallets. To them, they are just a functional item they use to carry. As a result, they often end up with the wallets which are not really suitable for them.</p>\n\n<p>You should pay more attention when you choose your wallets. There are a lot of them on the market with the different designs and styles. When you choose carefully, you would be able to buy a wallet that is catered to your needs. Not to mention that it will help to enhance your style significantly.</p>\n\n<p style=\"text-align:center\"><img alt=\"f4\" src=\"/storage/news/1.jpg\" /></p>\n\n<p><br />\n&nbsp;</p>\n\n<p><strong><em>For all of the reason above, here are 7 expert tips to help you pick up the right men&rsquo;s wallet for you:</em></strong></p>\n\n<h4><strong>Number 1: Choose A Neat Wallet</strong></h4>\n\n<p>The wallet is an essential accessory that you should go simple. Simplicity is the best in this case. A simple and neat wallet with the plain color and even&nbsp;<strong>minimalist style</strong>&nbsp;is versatile. It can be used for both formal and casual events. In addition, that wallet will go well with most of the clothes in your wardrobe.</p>\n\n<p>Keep in mind that a wallet will tell other people about your personality and your fashion sense as much as other clothes you put on. Hence, don&rsquo;t go cheesy on your wallet or else people will think that you have a funny and particular style.</p>\n\n<p style=\"text-align:center\"><img alt=\"f5\" src=\"/storage/news/2.jpg\" /></p>\n\n<p><br />\n&nbsp;</p>\n<hr />\n<h4><strong>Number 2: Choose The Right Size For Your Wallet</strong></h4>\n\n<p>You should avoid having an over-sized wallet. Don&rsquo;t think that you need to buy a big wallet because you have a lot to carry with you. In addition, a fat wallet is very ugly. It will make it harder for you to slide the wallet into your trousers&rsquo; pocket. In addition, it will create a bulge and ruin your look.</p>\n\n<p>Before you go on to buy a new wallet, clean out your wallet and place all of the items from your wallet on a table. Throw away things that you would never need any more such as the old bills or the expired gift cards. Remember to check your wallet on a frequent basis to get rid of all of the old stuff that you don&rsquo;t need anymore.</p>\n\n<p style=\"text-align:center\"><img alt=\"f1\" src=\"/storage/news/3.jpg\" /></p>\n\n<p><br />\n&nbsp;</p>\n\n<hr />\n<h4><strong>Number 3: Don&rsquo;t Limit Your Options Of Materials</strong></h4>\n\n<p>The types and designs of wallets are not the only things that you should consider when you go out searching for your best wallet. You have more than 1 option of material rather than leather to choose from as well.</p>\n\n<p>You can experiment with other available options such as cotton, polyester and canvas. They all have their own pros and cons. As a result, they will be suitable for different needs and requirements. You should think about them all in order to choose the material which you would like the most.</p>\n\n<p style=\"text-align:center\"><img alt=\"f6\" height=\"375\" src=\"/storage/news/4.jpg\" /></p>\n\n<p><br />\n&nbsp;</p>\n\n<hr />\n<h4><strong>Number 4: Consider A Wallet As A Long Term Investment</strong></h4>\n\n<p>Your wallet is indeed an investment that you should consider spending a decent amount of time and effort on it. Another factor that you need to consider is how much you want to spend on your wallet. The price ranges of wallets on the market vary a great deal. You can find a wallet which is as cheap as about 5 to 7 dollars. On the other hand, you should expect to pay around 250 to 300 dollars for a high-quality wallet.</p>\n\n<p>In case you need a wallet to use for a long time, it is a good idea that you should invest a decent amount of money on a wallet. A high quality wallet from a reputational brand with the premium quality such as cowhide leather will last for a long time. In addition, it is an accessory to show off your fashion sense and your social status.</p>\n\n<p style=\"text-align:center\"><img alt=\"f2\" height=\"400\" src=\"/storage/news/5.jpg\" /></p>\n\n<p>&nbsp;</p>\n','published',2,'Botble\\ACL\\Models\\User',1,'news/2.jpg',336,NULL,'2023-10-30 01:30:02','2023-10-30 01:30:02'),(3,'The Top 2020 Handbag Trends to Know','You should pay more attention when you choose your wallets. There are a lot of them on the market with the different designs and styles. When you choose carefully, you would be able to buy a wallet that is catered to your needs. Not to mention that it will help to enhance your style significantly.','<p>I have seen many people underestimating the power of their wallets. To them, they are just a functional item they use to carry. As a result, they often end up with the wallets which are not really suitable for them.</p>\n\n<p>You should pay more attention when you choose your wallets. There are a lot of them on the market with the different designs and styles. When you choose carefully, you would be able to buy a wallet that is catered to your needs. Not to mention that it will help to enhance your style significantly.</p>\n\n<p style=\"text-align:center\"><img alt=\"f4\" src=\"/storage/news/1.jpg\" /></p>\n\n<p><br />\n&nbsp;</p>\n\n<p><strong><em>For all of the reason above, here are 7 expert tips to help you pick up the right men&rsquo;s wallet for you:</em></strong></p>\n\n<h4><strong>Number 1: Choose A Neat Wallet</strong></h4>\n\n<p>The wallet is an essential accessory that you should go simple. Simplicity is the best in this case. A simple and neat wallet with the plain color and even&nbsp;<strong>minimalist style</strong>&nbsp;is versatile. It can be used for both formal and casual events. In addition, that wallet will go well with most of the clothes in your wardrobe.</p>\n\n<p>Keep in mind that a wallet will tell other people about your personality and your fashion sense as much as other clothes you put on. Hence, don&rsquo;t go cheesy on your wallet or else people will think that you have a funny and particular style.</p>\n\n<p style=\"text-align:center\"><img alt=\"f5\" src=\"/storage/news/2.jpg\" /></p>\n\n<p><br />\n&nbsp;</p>\n<hr />\n<h4><strong>Number 2: Choose The Right Size For Your Wallet</strong></h4>\n\n<p>You should avoid having an over-sized wallet. Don&rsquo;t think that you need to buy a big wallet because you have a lot to carry with you. In addition, a fat wallet is very ugly. It will make it harder for you to slide the wallet into your trousers&rsquo; pocket. In addition, it will create a bulge and ruin your look.</p>\n\n<p>Before you go on to buy a new wallet, clean out your wallet and place all of the items from your wallet on a table. Throw away things that you would never need any more such as the old bills or the expired gift cards. Remember to check your wallet on a frequent basis to get rid of all of the old stuff that you don&rsquo;t need anymore.</p>\n\n<p style=\"text-align:center\"><img alt=\"f1\" src=\"/storage/news/3.jpg\" /></p>\n\n<p><br />\n&nbsp;</p>\n\n<hr />\n<h4><strong>Number 3: Don&rsquo;t Limit Your Options Of Materials</strong></h4>\n\n<p>The types and designs of wallets are not the only things that you should consider when you go out searching for your best wallet. You have more than 1 option of material rather than leather to choose from as well.</p>\n\n<p>You can experiment with other available options such as cotton, polyester and canvas. They all have their own pros and cons. As a result, they will be suitable for different needs and requirements. You should think about them all in order to choose the material which you would like the most.</p>\n\n<p style=\"text-align:center\"><img alt=\"f6\" height=\"375\" src=\"/storage/news/4.jpg\" /></p>\n\n<p><br />\n&nbsp;</p>\n\n<hr />\n<h4><strong>Number 4: Consider A Wallet As A Long Term Investment</strong></h4>\n\n<p>Your wallet is indeed an investment that you should consider spending a decent amount of time and effort on it. Another factor that you need to consider is how much you want to spend on your wallet. The price ranges of wallets on the market vary a great deal. You can find a wallet which is as cheap as about 5 to 7 dollars. On the other hand, you should expect to pay around 250 to 300 dollars for a high-quality wallet.</p>\n\n<p>In case you need a wallet to use for a long time, it is a good idea that you should invest a decent amount of money on a wallet. A high quality wallet from a reputational brand with the premium quality such as cowhide leather will last for a long time. In addition, it is an accessory to show off your fashion sense and your social status.</p>\n\n<p style=\"text-align:center\"><img alt=\"f2\" height=\"400\" src=\"/storage/news/5.jpg\" /></p>\n\n<p>&nbsp;</p>\n','published',2,'Botble\\ACL\\Models\\User',1,'news/3.jpg',678,NULL,'2023-10-30 01:30:02','2023-10-30 01:30:02'),(4,'How to Match the Color of Your Handbag With an Outfit','You should pay more attention when you choose your wallets. There are a lot of them on the market with the different designs and styles. When you choose carefully, you would be able to buy a wallet that is catered to your needs. Not to mention that it will help to enhance your style significantly.','<p>I have seen many people underestimating the power of their wallets. To them, they are just a functional item they use to carry. As a result, they often end up with the wallets which are not really suitable for them.</p>\n\n<p>You should pay more attention when you choose your wallets. There are a lot of them on the market with the different designs and styles. When you choose carefully, you would be able to buy a wallet that is catered to your needs. Not to mention that it will help to enhance your style significantly.</p>\n\n<p style=\"text-align:center\"><img alt=\"f4\" src=\"/storage/news/1.jpg\" /></p>\n\n<p><br />\n&nbsp;</p>\n\n<p><strong><em>For all of the reason above, here are 7 expert tips to help you pick up the right men&rsquo;s wallet for you:</em></strong></p>\n\n<h4><strong>Number 1: Choose A Neat Wallet</strong></h4>\n\n<p>The wallet is an essential accessory that you should go simple. Simplicity is the best in this case. A simple and neat wallet with the plain color and even&nbsp;<strong>minimalist style</strong>&nbsp;is versatile. It can be used for both formal and casual events. In addition, that wallet will go well with most of the clothes in your wardrobe.</p>\n\n<p>Keep in mind that a wallet will tell other people about your personality and your fashion sense as much as other clothes you put on. Hence, don&rsquo;t go cheesy on your wallet or else people will think that you have a funny and particular style.</p>\n\n<p style=\"text-align:center\"><img alt=\"f5\" src=\"/storage/news/2.jpg\" /></p>\n\n<p><br />\n&nbsp;</p>\n<hr />\n<h4><strong>Number 2: Choose The Right Size For Your Wallet</strong></h4>\n\n<p>You should avoid having an over-sized wallet. Don&rsquo;t think that you need to buy a big wallet because you have a lot to carry with you. In addition, a fat wallet is very ugly. It will make it harder for you to slide the wallet into your trousers&rsquo; pocket. In addition, it will create a bulge and ruin your look.</p>\n\n<p>Before you go on to buy a new wallet, clean out your wallet and place all of the items from your wallet on a table. Throw away things that you would never need any more such as the old bills or the expired gift cards. Remember to check your wallet on a frequent basis to get rid of all of the old stuff that you don&rsquo;t need anymore.</p>\n\n<p style=\"text-align:center\"><img alt=\"f1\" src=\"/storage/news/3.jpg\" /></p>\n\n<p><br />\n&nbsp;</p>\n\n<hr />\n<h4><strong>Number 3: Don&rsquo;t Limit Your Options Of Materials</strong></h4>\n\n<p>The types and designs of wallets are not the only things that you should consider when you go out searching for your best wallet. You have more than 1 option of material rather than leather to choose from as well.</p>\n\n<p>You can experiment with other available options such as cotton, polyester and canvas. They all have their own pros and cons. As a result, they will be suitable for different needs and requirements. You should think about them all in order to choose the material which you would like the most.</p>\n\n<p style=\"text-align:center\"><img alt=\"f6\" height=\"375\" src=\"/storage/news/4.jpg\" /></p>\n\n<p><br />\n&nbsp;</p>\n\n<hr />\n<h4><strong>Number 4: Consider A Wallet As A Long Term Investment</strong></h4>\n\n<p>Your wallet is indeed an investment that you should consider spending a decent amount of time and effort on it. Another factor that you need to consider is how much you want to spend on your wallet. The price ranges of wallets on the market vary a great deal. You can find a wallet which is as cheap as about 5 to 7 dollars. On the other hand, you should expect to pay around 250 to 300 dollars for a high-quality wallet.</p>\n\n<p>In case you need a wallet to use for a long time, it is a good idea that you should invest a decent amount of money on a wallet. A high quality wallet from a reputational brand with the premium quality such as cowhide leather will last for a long time. In addition, it is an accessory to show off your fashion sense and your social status.</p>\n\n<p style=\"text-align:center\"><img alt=\"f2\" height=\"400\" src=\"/storage/news/5.jpg\" /></p>\n\n<p>&nbsp;</p>\n','published',2,'Botble\\ACL\\Models\\User',1,'news/4.jpg',1058,NULL,'2023-10-30 01:30:02','2023-10-30 01:30:02'),(5,'How to Care for Leather Bags','You should pay more attention when you choose your wallets. There are a lot of them on the market with the different designs and styles. When you choose carefully, you would be able to buy a wallet that is catered to your needs. Not to mention that it will help to enhance your style significantly.','<p>I have seen many people underestimating the power of their wallets. To them, they are just a functional item they use to carry. As a result, they often end up with the wallets which are not really suitable for them.</p>\n\n<p>You should pay more attention when you choose your wallets. There are a lot of them on the market with the different designs and styles. When you choose carefully, you would be able to buy a wallet that is catered to your needs. Not to mention that it will help to enhance your style significantly.</p>\n\n<p style=\"text-align:center\"><img alt=\"f4\" src=\"/storage/news/1.jpg\" /></p>\n\n<p><br />\n&nbsp;</p>\n\n<p><strong><em>For all of the reason above, here are 7 expert tips to help you pick up the right men&rsquo;s wallet for you:</em></strong></p>\n\n<h4><strong>Number 1: Choose A Neat Wallet</strong></h4>\n\n<p>The wallet is an essential accessory that you should go simple. Simplicity is the best in this case. A simple and neat wallet with the plain color and even&nbsp;<strong>minimalist style</strong>&nbsp;is versatile. It can be used for both formal and casual events. In addition, that wallet will go well with most of the clothes in your wardrobe.</p>\n\n<p>Keep in mind that a wallet will tell other people about your personality and your fashion sense as much as other clothes you put on. Hence, don&rsquo;t go cheesy on your wallet or else people will think that you have a funny and particular style.</p>\n\n<p style=\"text-align:center\"><img alt=\"f5\" src=\"/storage/news/2.jpg\" /></p>\n\n<p><br />\n&nbsp;</p>\n<hr />\n<h4><strong>Number 2: Choose The Right Size For Your Wallet</strong></h4>\n\n<p>You should avoid having an over-sized wallet. Don&rsquo;t think that you need to buy a big wallet because you have a lot to carry with you. In addition, a fat wallet is very ugly. It will make it harder for you to slide the wallet into your trousers&rsquo; pocket. In addition, it will create a bulge and ruin your look.</p>\n\n<p>Before you go on to buy a new wallet, clean out your wallet and place all of the items from your wallet on a table. Throw away things that you would never need any more such as the old bills or the expired gift cards. Remember to check your wallet on a frequent basis to get rid of all of the old stuff that you don&rsquo;t need anymore.</p>\n\n<p style=\"text-align:center\"><img alt=\"f1\" src=\"/storage/news/3.jpg\" /></p>\n\n<p><br />\n&nbsp;</p>\n\n<hr />\n<h4><strong>Number 3: Don&rsquo;t Limit Your Options Of Materials</strong></h4>\n\n<p>The types and designs of wallets are not the only things that you should consider when you go out searching for your best wallet. You have more than 1 option of material rather than leather to choose from as well.</p>\n\n<p>You can experiment with other available options such as cotton, polyester and canvas. They all have their own pros and cons. As a result, they will be suitable for different needs and requirements. You should think about them all in order to choose the material which you would like the most.</p>\n\n<p style=\"text-align:center\"><img alt=\"f6\" height=\"375\" src=\"/storage/news/4.jpg\" /></p>\n\n<p><br />\n&nbsp;</p>\n\n<hr />\n<h4><strong>Number 4: Consider A Wallet As A Long Term Investment</strong></h4>\n\n<p>Your wallet is indeed an investment that you should consider spending a decent amount of time and effort on it. Another factor that you need to consider is how much you want to spend on your wallet. The price ranges of wallets on the market vary a great deal. You can find a wallet which is as cheap as about 5 to 7 dollars. On the other hand, you should expect to pay around 250 to 300 dollars for a high-quality wallet.</p>\n\n<p>In case you need a wallet to use for a long time, it is a good idea that you should invest a decent amount of money on a wallet. A high quality wallet from a reputational brand with the premium quality such as cowhide leather will last for a long time. In addition, it is an accessory to show off your fashion sense and your social status.</p>\n\n<p style=\"text-align:center\"><img alt=\"f2\" height=\"400\" src=\"/storage/news/5.jpg\" /></p>\n\n<p>&nbsp;</p>\n','published',2,'Botble\\ACL\\Models\\User',1,'news/5.jpg',1759,NULL,'2023-10-30 01:30:02','2023-10-30 01:30:02'),(6,'We\'re Crushing Hard on Summer\'s 10 Biggest Bag Trends','You should pay more attention when you choose your wallets. There are a lot of them on the market with the different designs and styles. When you choose carefully, you would be able to buy a wallet that is catered to your needs. Not to mention that it will help to enhance your style significantly.','<p>I have seen many people underestimating the power of their wallets. To them, they are just a functional item they use to carry. As a result, they often end up with the wallets which are not really suitable for them.</p>\n\n<p>You should pay more attention when you choose your wallets. There are a lot of them on the market with the different designs and styles. When you choose carefully, you would be able to buy a wallet that is catered to your needs. Not to mention that it will help to enhance your style significantly.</p>\n\n<p style=\"text-align:center\"><img alt=\"f4\" src=\"/storage/news/1.jpg\" /></p>\n\n<p><br />\n&nbsp;</p>\n\n<p><strong><em>For all of the reason above, here are 7 expert tips to help you pick up the right men&rsquo;s wallet for you:</em></strong></p>\n\n<h4><strong>Number 1: Choose A Neat Wallet</strong></h4>\n\n<p>The wallet is an essential accessory that you should go simple. Simplicity is the best in this case. A simple and neat wallet with the plain color and even&nbsp;<strong>minimalist style</strong>&nbsp;is versatile. It can be used for both formal and casual events. In addition, that wallet will go well with most of the clothes in your wardrobe.</p>\n\n<p>Keep in mind that a wallet will tell other people about your personality and your fashion sense as much as other clothes you put on. Hence, don&rsquo;t go cheesy on your wallet or else people will think that you have a funny and particular style.</p>\n\n<p style=\"text-align:center\"><img alt=\"f5\" src=\"/storage/news/2.jpg\" /></p>\n\n<p><br />\n&nbsp;</p>\n<hr />\n<h4><strong>Number 2: Choose The Right Size For Your Wallet</strong></h4>\n\n<p>You should avoid having an over-sized wallet. Don&rsquo;t think that you need to buy a big wallet because you have a lot to carry with you. In addition, a fat wallet is very ugly. It will make it harder for you to slide the wallet into your trousers&rsquo; pocket. In addition, it will create a bulge and ruin your look.</p>\n\n<p>Before you go on to buy a new wallet, clean out your wallet and place all of the items from your wallet on a table. Throw away things that you would never need any more such as the old bills or the expired gift cards. Remember to check your wallet on a frequent basis to get rid of all of the old stuff that you don&rsquo;t need anymore.</p>\n\n<p style=\"text-align:center\"><img alt=\"f1\" src=\"/storage/news/3.jpg\" /></p>\n\n<p><br />\n&nbsp;</p>\n\n<hr />\n<h4><strong>Number 3: Don&rsquo;t Limit Your Options Of Materials</strong></h4>\n\n<p>The types and designs of wallets are not the only things that you should consider when you go out searching for your best wallet. You have more than 1 option of material rather than leather to choose from as well.</p>\n\n<p>You can experiment with other available options such as cotton, polyester and canvas. They all have their own pros and cons. As a result, they will be suitable for different needs and requirements. You should think about them all in order to choose the material which you would like the most.</p>\n\n<p style=\"text-align:center\"><img alt=\"f6\" height=\"375\" src=\"/storage/news/4.jpg\" /></p>\n\n<p><br />\n&nbsp;</p>\n\n<hr />\n<h4><strong>Number 4: Consider A Wallet As A Long Term Investment</strong></h4>\n\n<p>Your wallet is indeed an investment that you should consider spending a decent amount of time and effort on it. Another factor that you need to consider is how much you want to spend on your wallet. The price ranges of wallets on the market vary a great deal. You can find a wallet which is as cheap as about 5 to 7 dollars. On the other hand, you should expect to pay around 250 to 300 dollars for a high-quality wallet.</p>\n\n<p>In case you need a wallet to use for a long time, it is a good idea that you should invest a decent amount of money on a wallet. A high quality wallet from a reputational brand with the premium quality such as cowhide leather will last for a long time. In addition, it is an accessory to show off your fashion sense and your social status.</p>\n\n<p style=\"text-align:center\"><img alt=\"f2\" height=\"400\" src=\"/storage/news/5.jpg\" /></p>\n\n<p>&nbsp;</p>\n','published',2,'Botble\\ACL\\Models\\User',1,'news/6.jpg',191,NULL,'2023-10-30 01:30:02','2023-10-30 01:30:02'),(7,'Essential Qualities of Highly Successful Music','You should pay more attention when you choose your wallets. There are a lot of them on the market with the different designs and styles. When you choose carefully, you would be able to buy a wallet that is catered to your needs. Not to mention that it will help to enhance your style significantly.','<p>I have seen many people underestimating the power of their wallets. To them, they are just a functional item they use to carry. As a result, they often end up with the wallets which are not really suitable for them.</p>\n\n<p>You should pay more attention when you choose your wallets. There are a lot of them on the market with the different designs and styles. When you choose carefully, you would be able to buy a wallet that is catered to your needs. Not to mention that it will help to enhance your style significantly.</p>\n\n<p style=\"text-align:center\"><img alt=\"f4\" src=\"/storage/news/1.jpg\" /></p>\n\n<p><br />\n&nbsp;</p>\n\n<p><strong><em>For all of the reason above, here are 7 expert tips to help you pick up the right men&rsquo;s wallet for you:</em></strong></p>\n\n<h4><strong>Number 1: Choose A Neat Wallet</strong></h4>\n\n<p>The wallet is an essential accessory that you should go simple. Simplicity is the best in this case. A simple and neat wallet with the plain color and even&nbsp;<strong>minimalist style</strong>&nbsp;is versatile. It can be used for both formal and casual events. In addition, that wallet will go well with most of the clothes in your wardrobe.</p>\n\n<p>Keep in mind that a wallet will tell other people about your personality and your fashion sense as much as other clothes you put on. Hence, don&rsquo;t go cheesy on your wallet or else people will think that you have a funny and particular style.</p>\n\n<p style=\"text-align:center\"><img alt=\"f5\" src=\"/storage/news/2.jpg\" /></p>\n\n<p><br />\n&nbsp;</p>\n<hr />\n<h4><strong>Number 2: Choose The Right Size For Your Wallet</strong></h4>\n\n<p>You should avoid having an over-sized wallet. Don&rsquo;t think that you need to buy a big wallet because you have a lot to carry with you. In addition, a fat wallet is very ugly. It will make it harder for you to slide the wallet into your trousers&rsquo; pocket. In addition, it will create a bulge and ruin your look.</p>\n\n<p>Before you go on to buy a new wallet, clean out your wallet and place all of the items from your wallet on a table. Throw away things that you would never need any more such as the old bills or the expired gift cards. Remember to check your wallet on a frequent basis to get rid of all of the old stuff that you don&rsquo;t need anymore.</p>\n\n<p style=\"text-align:center\"><img alt=\"f1\" src=\"/storage/news/3.jpg\" /></p>\n\n<p><br />\n&nbsp;</p>\n\n<hr />\n<h4><strong>Number 3: Don&rsquo;t Limit Your Options Of Materials</strong></h4>\n\n<p>The types and designs of wallets are not the only things that you should consider when you go out searching for your best wallet. You have more than 1 option of material rather than leather to choose from as well.</p>\n\n<p>You can experiment with other available options such as cotton, polyester and canvas. They all have their own pros and cons. As a result, they will be suitable for different needs and requirements. You should think about them all in order to choose the material which you would like the most.</p>\n\n<p style=\"text-align:center\"><img alt=\"f6\" height=\"375\" src=\"/storage/news/4.jpg\" /></p>\n\n<p><br />\n&nbsp;</p>\n\n<hr />\n<h4><strong>Number 4: Consider A Wallet As A Long Term Investment</strong></h4>\n\n<p>Your wallet is indeed an investment that you should consider spending a decent amount of time and effort on it. Another factor that you need to consider is how much you want to spend on your wallet. The price ranges of wallets on the market vary a great deal. You can find a wallet which is as cheap as about 5 to 7 dollars. On the other hand, you should expect to pay around 250 to 300 dollars for a high-quality wallet.</p>\n\n<p>In case you need a wallet to use for a long time, it is a good idea that you should invest a decent amount of money on a wallet. A high quality wallet from a reputational brand with the premium quality such as cowhide leather will last for a long time. In addition, it is an accessory to show off your fashion sense and your social status.</p>\n\n<p style=\"text-align:center\"><img alt=\"f2\" height=\"400\" src=\"/storage/news/5.jpg\" /></p>\n\n<p>&nbsp;</p>\n','published',2,'Botble\\ACL\\Models\\User',1,'news/7.jpg',1558,NULL,'2023-10-30 01:30:02','2023-10-30 01:30:02'),(8,'9 Things I Love About Shaving My Head','You should pay more attention when you choose your wallets. There are a lot of them on the market with the different designs and styles. When you choose carefully, you would be able to buy a wallet that is catered to your needs. Not to mention that it will help to enhance your style significantly.','<p>I have seen many people underestimating the power of their wallets. To them, they are just a functional item they use to carry. As a result, they often end up with the wallets which are not really suitable for them.</p>\n\n<p>You should pay more attention when you choose your wallets. There are a lot of them on the market with the different designs and styles. When you choose carefully, you would be able to buy a wallet that is catered to your needs. Not to mention that it will help to enhance your style significantly.</p>\n\n<p style=\"text-align:center\"><img alt=\"f4\" src=\"/storage/news/1.jpg\" /></p>\n\n<p><br />\n&nbsp;</p>\n\n<p><strong><em>For all of the reason above, here are 7 expert tips to help you pick up the right men&rsquo;s wallet for you:</em></strong></p>\n\n<h4><strong>Number 1: Choose A Neat Wallet</strong></h4>\n\n<p>The wallet is an essential accessory that you should go simple. Simplicity is the best in this case. A simple and neat wallet with the plain color and even&nbsp;<strong>minimalist style</strong>&nbsp;is versatile. It can be used for both formal and casual events. In addition, that wallet will go well with most of the clothes in your wardrobe.</p>\n\n<p>Keep in mind that a wallet will tell other people about your personality and your fashion sense as much as other clothes you put on. Hence, don&rsquo;t go cheesy on your wallet or else people will think that you have a funny and particular style.</p>\n\n<p style=\"text-align:center\"><img alt=\"f5\" src=\"/storage/news/2.jpg\" /></p>\n\n<p><br />\n&nbsp;</p>\n<hr />\n<h4><strong>Number 2: Choose The Right Size For Your Wallet</strong></h4>\n\n<p>You should avoid having an over-sized wallet. Don&rsquo;t think that you need to buy a big wallet because you have a lot to carry with you. In addition, a fat wallet is very ugly. It will make it harder for you to slide the wallet into your trousers&rsquo; pocket. In addition, it will create a bulge and ruin your look.</p>\n\n<p>Before you go on to buy a new wallet, clean out your wallet and place all of the items from your wallet on a table. Throw away things that you would never need any more such as the old bills or the expired gift cards. Remember to check your wallet on a frequent basis to get rid of all of the old stuff that you don&rsquo;t need anymore.</p>\n\n<p style=\"text-align:center\"><img alt=\"f1\" src=\"/storage/news/3.jpg\" /></p>\n\n<p><br />\n&nbsp;</p>\n\n<hr />\n<h4><strong>Number 3: Don&rsquo;t Limit Your Options Of Materials</strong></h4>\n\n<p>The types and designs of wallets are not the only things that you should consider when you go out searching for your best wallet. You have more than 1 option of material rather than leather to choose from as well.</p>\n\n<p>You can experiment with other available options such as cotton, polyester and canvas. They all have their own pros and cons. As a result, they will be suitable for different needs and requirements. You should think about them all in order to choose the material which you would like the most.</p>\n\n<p style=\"text-align:center\"><img alt=\"f6\" height=\"375\" src=\"/storage/news/4.jpg\" /></p>\n\n<p><br />\n&nbsp;</p>\n\n<hr />\n<h4><strong>Number 4: Consider A Wallet As A Long Term Investment</strong></h4>\n\n<p>Your wallet is indeed an investment that you should consider spending a decent amount of time and effort on it. Another factor that you need to consider is how much you want to spend on your wallet. The price ranges of wallets on the market vary a great deal. You can find a wallet which is as cheap as about 5 to 7 dollars. On the other hand, you should expect to pay around 250 to 300 dollars for a high-quality wallet.</p>\n\n<p>In case you need a wallet to use for a long time, it is a good idea that you should invest a decent amount of money on a wallet. A high quality wallet from a reputational brand with the premium quality such as cowhide leather will last for a long time. In addition, it is an accessory to show off your fashion sense and your social status.</p>\n\n<p style=\"text-align:center\"><img alt=\"f2\" height=\"400\" src=\"/storage/news/5.jpg\" /></p>\n\n<p>&nbsp;</p>\n','published',2,'Botble\\ACL\\Models\\User',1,'news/8.jpg',2376,NULL,'2023-10-30 01:30:02','2023-10-30 01:30:02'),(9,'Why Teamwork Really Makes The Dream Work','You should pay more attention when you choose your wallets. There are a lot of them on the market with the different designs and styles. When you choose carefully, you would be able to buy a wallet that is catered to your needs. Not to mention that it will help to enhance your style significantly.','<p>I have seen many people underestimating the power of their wallets. To them, they are just a functional item they use to carry. As a result, they often end up with the wallets which are not really suitable for them.</p>\n\n<p>You should pay more attention when you choose your wallets. There are a lot of them on the market with the different designs and styles. When you choose carefully, you would be able to buy a wallet that is catered to your needs. Not to mention that it will help to enhance your style significantly.</p>\n\n<p style=\"text-align:center\"><img alt=\"f4\" src=\"/storage/news/1.jpg\" /></p>\n\n<p><br />\n&nbsp;</p>\n\n<p><strong><em>For all of the reason above, here are 7 expert tips to help you pick up the right men&rsquo;s wallet for you:</em></strong></p>\n\n<h4><strong>Number 1: Choose A Neat Wallet</strong></h4>\n\n<p>The wallet is an essential accessory that you should go simple. Simplicity is the best in this case. A simple and neat wallet with the plain color and even&nbsp;<strong>minimalist style</strong>&nbsp;is versatile. It can be used for both formal and casual events. In addition, that wallet will go well with most of the clothes in your wardrobe.</p>\n\n<p>Keep in mind that a wallet will tell other people about your personality and your fashion sense as much as other clothes you put on. Hence, don&rsquo;t go cheesy on your wallet or else people will think that you have a funny and particular style.</p>\n\n<p style=\"text-align:center\"><img alt=\"f5\" src=\"/storage/news/2.jpg\" /></p>\n\n<p><br />\n&nbsp;</p>\n<hr />\n<h4><strong>Number 2: Choose The Right Size For Your Wallet</strong></h4>\n\n<p>You should avoid having an over-sized wallet. Don&rsquo;t think that you need to buy a big wallet because you have a lot to carry with you. In addition, a fat wallet is very ugly. It will make it harder for you to slide the wallet into your trousers&rsquo; pocket. In addition, it will create a bulge and ruin your look.</p>\n\n<p>Before you go on to buy a new wallet, clean out your wallet and place all of the items from your wallet on a table. Throw away things that you would never need any more such as the old bills or the expired gift cards. Remember to check your wallet on a frequent basis to get rid of all of the old stuff that you don&rsquo;t need anymore.</p>\n\n<p style=\"text-align:center\"><img alt=\"f1\" src=\"/storage/news/3.jpg\" /></p>\n\n<p><br />\n&nbsp;</p>\n\n<hr />\n<h4><strong>Number 3: Don&rsquo;t Limit Your Options Of Materials</strong></h4>\n\n<p>The types and designs of wallets are not the only things that you should consider when you go out searching for your best wallet. You have more than 1 option of material rather than leather to choose from as well.</p>\n\n<p>You can experiment with other available options such as cotton, polyester and canvas. They all have their own pros and cons. As a result, they will be suitable for different needs and requirements. You should think about them all in order to choose the material which you would like the most.</p>\n\n<p style=\"text-align:center\"><img alt=\"f6\" height=\"375\" src=\"/storage/news/4.jpg\" /></p>\n\n<p><br />\n&nbsp;</p>\n\n<hr />\n<h4><strong>Number 4: Consider A Wallet As A Long Term Investment</strong></h4>\n\n<p>Your wallet is indeed an investment that you should consider spending a decent amount of time and effort on it. Another factor that you need to consider is how much you want to spend on your wallet. The price ranges of wallets on the market vary a great deal. You can find a wallet which is as cheap as about 5 to 7 dollars. On the other hand, you should expect to pay around 250 to 300 dollars for a high-quality wallet.</p>\n\n<p>In case you need a wallet to use for a long time, it is a good idea that you should invest a decent amount of money on a wallet. A high quality wallet from a reputational brand with the premium quality such as cowhide leather will last for a long time. In addition, it is an accessory to show off your fashion sense and your social status.</p>\n\n<p style=\"text-align:center\"><img alt=\"f2\" height=\"400\" src=\"/storage/news/5.jpg\" /></p>\n\n<p>&nbsp;</p>\n','published',2,'Botble\\ACL\\Models\\User',1,'news/9.jpg',2120,NULL,'2023-10-30 01:30:02','2023-10-30 01:30:02'),(10,'The World Caters to Average People','You should pay more attention when you choose your wallets. There are a lot of them on the market with the different designs and styles. When you choose carefully, you would be able to buy a wallet that is catered to your needs. Not to mention that it will help to enhance your style significantly.','<p>I have seen many people underestimating the power of their wallets. To them, they are just a functional item they use to carry. As a result, they often end up with the wallets which are not really suitable for them.</p>\n\n<p>You should pay more attention when you choose your wallets. There are a lot of them on the market with the different designs and styles. When you choose carefully, you would be able to buy a wallet that is catered to your needs. Not to mention that it will help to enhance your style significantly.</p>\n\n<p style=\"text-align:center\"><img alt=\"f4\" src=\"/storage/news/1.jpg\" /></p>\n\n<p><br />\n&nbsp;</p>\n\n<p><strong><em>For all of the reason above, here are 7 expert tips to help you pick up the right men&rsquo;s wallet for you:</em></strong></p>\n\n<h4><strong>Number 1: Choose A Neat Wallet</strong></h4>\n\n<p>The wallet is an essential accessory that you should go simple. Simplicity is the best in this case. A simple and neat wallet with the plain color and even&nbsp;<strong>minimalist style</strong>&nbsp;is versatile. It can be used for both formal and casual events. In addition, that wallet will go well with most of the clothes in your wardrobe.</p>\n\n<p>Keep in mind that a wallet will tell other people about your personality and your fashion sense as much as other clothes you put on. Hence, don&rsquo;t go cheesy on your wallet or else people will think that you have a funny and particular style.</p>\n\n<p style=\"text-align:center\"><img alt=\"f5\" src=\"/storage/news/2.jpg\" /></p>\n\n<p><br />\n&nbsp;</p>\n<hr />\n<h4><strong>Number 2: Choose The Right Size For Your Wallet</strong></h4>\n\n<p>You should avoid having an over-sized wallet. Don&rsquo;t think that you need to buy a big wallet because you have a lot to carry with you. In addition, a fat wallet is very ugly. It will make it harder for you to slide the wallet into your trousers&rsquo; pocket. In addition, it will create a bulge and ruin your look.</p>\n\n<p>Before you go on to buy a new wallet, clean out your wallet and place all of the items from your wallet on a table. Throw away things that you would never need any more such as the old bills or the expired gift cards. Remember to check your wallet on a frequent basis to get rid of all of the old stuff that you don&rsquo;t need anymore.</p>\n\n<p style=\"text-align:center\"><img alt=\"f1\" src=\"/storage/news/3.jpg\" /></p>\n\n<p><br />\n&nbsp;</p>\n\n<hr />\n<h4><strong>Number 3: Don&rsquo;t Limit Your Options Of Materials</strong></h4>\n\n<p>The types and designs of wallets are not the only things that you should consider when you go out searching for your best wallet. You have more than 1 option of material rather than leather to choose from as well.</p>\n\n<p>You can experiment with other available options such as cotton, polyester and canvas. They all have their own pros and cons. As a result, they will be suitable for different needs and requirements. You should think about them all in order to choose the material which you would like the most.</p>\n\n<p style=\"text-align:center\"><img alt=\"f6\" height=\"375\" src=\"/storage/news/4.jpg\" /></p>\n\n<p><br />\n&nbsp;</p>\n\n<hr />\n<h4><strong>Number 4: Consider A Wallet As A Long Term Investment</strong></h4>\n\n<p>Your wallet is indeed an investment that you should consider spending a decent amount of time and effort on it. Another factor that you need to consider is how much you want to spend on your wallet. The price ranges of wallets on the market vary a great deal. You can find a wallet which is as cheap as about 5 to 7 dollars. On the other hand, you should expect to pay around 250 to 300 dollars for a high-quality wallet.</p>\n\n<p>In case you need a wallet to use for a long time, it is a good idea that you should invest a decent amount of money on a wallet. A high quality wallet from a reputational brand with the premium quality such as cowhide leather will last for a long time. In addition, it is an accessory to show off your fashion sense and your social status.</p>\n\n<p style=\"text-align:center\"><img alt=\"f2\" height=\"400\" src=\"/storage/news/5.jpg\" /></p>\n\n<p>&nbsp;</p>\n','published',2,'Botble\\ACL\\Models\\User',1,'news/10.jpg',153,NULL,'2023-10-30 01:30:02','2023-10-30 01:30:02'),(11,'The litigants on the screen are not actors','You should pay more attention when you choose your wallets. There are a lot of them on the market with the different designs and styles. When you choose carefully, you would be able to buy a wallet that is catered to your needs. Not to mention that it will help to enhance your style significantly.','<p>I have seen many people underestimating the power of their wallets. To them, they are just a functional item they use to carry. As a result, they often end up with the wallets which are not really suitable for them.</p>\n\n<p>You should pay more attention when you choose your wallets. There are a lot of them on the market with the different designs and styles. When you choose carefully, you would be able to buy a wallet that is catered to your needs. Not to mention that it will help to enhance your style significantly.</p>\n\n<p style=\"text-align:center\"><img alt=\"f4\" src=\"/storage/news/1.jpg\" /></p>\n\n<p><br />\n&nbsp;</p>\n\n<p><strong><em>For all of the reason above, here are 7 expert tips to help you pick up the right men&rsquo;s wallet for you:</em></strong></p>\n\n<h4><strong>Number 1: Choose A Neat Wallet</strong></h4>\n\n<p>The wallet is an essential accessory that you should go simple. Simplicity is the best in this case. A simple and neat wallet with the plain color and even&nbsp;<strong>minimalist style</strong>&nbsp;is versatile. It can be used for both formal and casual events. In addition, that wallet will go well with most of the clothes in your wardrobe.</p>\n\n<p>Keep in mind that a wallet will tell other people about your personality and your fashion sense as much as other clothes you put on. Hence, don&rsquo;t go cheesy on your wallet or else people will think that you have a funny and particular style.</p>\n\n<p style=\"text-align:center\"><img alt=\"f5\" src=\"/storage/news/2.jpg\" /></p>\n\n<p><br />\n&nbsp;</p>\n<hr />\n<h4><strong>Number 2: Choose The Right Size For Your Wallet</strong></h4>\n\n<p>You should avoid having an over-sized wallet. Don&rsquo;t think that you need to buy a big wallet because you have a lot to carry with you. In addition, a fat wallet is very ugly. It will make it harder for you to slide the wallet into your trousers&rsquo; pocket. In addition, it will create a bulge and ruin your look.</p>\n\n<p>Before you go on to buy a new wallet, clean out your wallet and place all of the items from your wallet on a table. Throw away things that you would never need any more such as the old bills or the expired gift cards. Remember to check your wallet on a frequent basis to get rid of all of the old stuff that you don&rsquo;t need anymore.</p>\n\n<p style=\"text-align:center\"><img alt=\"f1\" src=\"/storage/news/3.jpg\" /></p>\n\n<p><br />\n&nbsp;</p>\n\n<hr />\n<h4><strong>Number 3: Don&rsquo;t Limit Your Options Of Materials</strong></h4>\n\n<p>The types and designs of wallets are not the only things that you should consider when you go out searching for your best wallet. You have more than 1 option of material rather than leather to choose from as well.</p>\n\n<p>You can experiment with other available options such as cotton, polyester and canvas. They all have their own pros and cons. As a result, they will be suitable for different needs and requirements. You should think about them all in order to choose the material which you would like the most.</p>\n\n<p style=\"text-align:center\"><img alt=\"f6\" height=\"375\" src=\"/storage/news/4.jpg\" /></p>\n\n<p><br />\n&nbsp;</p>\n\n<hr />\n<h4><strong>Number 4: Consider A Wallet As A Long Term Investment</strong></h4>\n\n<p>Your wallet is indeed an investment that you should consider spending a decent amount of time and effort on it. Another factor that you need to consider is how much you want to spend on your wallet. The price ranges of wallets on the market vary a great deal. You can find a wallet which is as cheap as about 5 to 7 dollars. On the other hand, you should expect to pay around 250 to 300 dollars for a high-quality wallet.</p>\n\n<p>In case you need a wallet to use for a long time, it is a good idea that you should invest a decent amount of money on a wallet. A high quality wallet from a reputational brand with the premium quality such as cowhide leather will last for a long time. In addition, it is an accessory to show off your fashion sense and your social status.</p>\n\n<p style=\"text-align:center\"><img alt=\"f2\" height=\"400\" src=\"/storage/news/5.jpg\" /></p>\n\n<p>&nbsp;</p>\n','published',2,'Botble\\ACL\\Models\\User',0,'news/11.jpg',1557,NULL,'2023-10-30 01:30:02','2023-10-30 01:30:02');
/*!40000 ALTER TABLE `posts` ENABLE KEYS */;
UNLOCK TABLES;

--
-- Table structure for table `posts_translations`
--

DROP TABLE IF EXISTS `posts_translations`;
/*!40101 SET @saved_cs_client     = @@character_set_client */;
/*!50503 SET character_set_client = utf8mb4 */;
CREATE TABLE `posts_translations` (
  `lang_code` varchar(191) COLLATE utf8mb4_unicode_ci NOT NULL,
  `posts_id` bigint unsigned NOT NULL,
  `name` varchar(255) COLLATE utf8mb4_unicode_ci DEFAULT NULL,
  `description` varchar(400) COLLATE utf8mb4_unicode_ci DEFAULT NULL,
  `content` longtext COLLATE utf8mb4_unicode_ci,
  PRIMARY KEY (`lang_code`,`posts_id`)
) ENGINE=InnoDB DEFAULT CHARSET=utf8mb4 COLLATE=utf8mb4_unicode_ci;
/*!40101 SET character_set_client = @saved_cs_client */;

--
-- Dumping data for table `posts_translations`
--

LOCK TABLES `posts_translations` WRITE;
/*!40000 ALTER TABLE `posts_translations` DISABLE KEYS */;
/*!40000 ALTER TABLE `posts_translations` ENABLE KEYS */;
UNLOCK TABLES;

--
-- Table structure for table `revisions`
--

DROP TABLE IF EXISTS `revisions`;
/*!40101 SET @saved_cs_client     = @@character_set_client */;
/*!50503 SET character_set_client = utf8mb4 */;
CREATE TABLE `revisions` (
  `id` bigint unsigned NOT NULL AUTO_INCREMENT,
  `revisionable_type` varchar(191) COLLATE utf8mb4_unicode_ci NOT NULL,
  `revisionable_id` bigint unsigned NOT NULL,
  `user_id` bigint unsigned DEFAULT NULL,
  `key` varchar(191) COLLATE utf8mb4_unicode_ci NOT NULL,
  `old_value` text COLLATE utf8mb4_unicode_ci,
  `new_value` text COLLATE utf8mb4_unicode_ci,
  `created_at` timestamp NULL DEFAULT NULL,
  `updated_at` timestamp NULL DEFAULT NULL,
  PRIMARY KEY (`id`),
  KEY `revisions_revisionable_id_revisionable_type_index` (`revisionable_id`,`revisionable_type`)
) ENGINE=InnoDB DEFAULT CHARSET=utf8mb4 COLLATE=utf8mb4_unicode_ci;
/*!40101 SET character_set_client = @saved_cs_client */;

--
-- Dumping data for table `revisions`
--

LOCK TABLES `revisions` WRITE;
/*!40000 ALTER TABLE `revisions` DISABLE KEYS */;
/*!40000 ALTER TABLE `revisions` ENABLE KEYS */;
UNLOCK TABLES;

--
-- Table structure for table `role_users`
--

DROP TABLE IF EXISTS `role_users`;
/*!40101 SET @saved_cs_client     = @@character_set_client */;
/*!50503 SET character_set_client = utf8mb4 */;
CREATE TABLE `role_users` (
  `user_id` bigint unsigned NOT NULL,
  `role_id` bigint unsigned NOT NULL,
  `created_at` timestamp NULL DEFAULT NULL,
  `updated_at` timestamp NULL DEFAULT NULL,
  PRIMARY KEY (`user_id`,`role_id`),
  KEY `role_users_user_id_index` (`user_id`),
  KEY `role_users_role_id_index` (`role_id`)
) ENGINE=InnoDB DEFAULT CHARSET=utf8mb4 COLLATE=utf8mb4_unicode_ci;
/*!40101 SET character_set_client = @saved_cs_client */;

--
-- Dumping data for table `role_users`
--

LOCK TABLES `role_users` WRITE;
/*!40000 ALTER TABLE `role_users` DISABLE KEYS */;
INSERT INTO `role_users` VALUES (3,1,'2023-10-30 01:30:01','2023-10-30 01:30:01');
/*!40000 ALTER TABLE `role_users` ENABLE KEYS */;
UNLOCK TABLES;

--
-- Table structure for table `roles`
--

DROP TABLE IF EXISTS `roles`;
/*!40101 SET @saved_cs_client     = @@character_set_client */;
/*!50503 SET character_set_client = utf8mb4 */;
CREATE TABLE `roles` (
  `id` bigint unsigned NOT NULL AUTO_INCREMENT,
  `slug` varchar(120) COLLATE utf8mb4_unicode_ci NOT NULL,
  `name` varchar(120) COLLATE utf8mb4_unicode_ci NOT NULL,
  `permissions` text COLLATE utf8mb4_unicode_ci,
  `description` varchar(255) COLLATE utf8mb4_unicode_ci DEFAULT NULL,
  `is_default` tinyint unsigned NOT NULL DEFAULT '0',
  `created_by` bigint unsigned NOT NULL,
  `updated_by` bigint unsigned NOT NULL,
  `created_at` timestamp NULL DEFAULT NULL,
  `updated_at` timestamp NULL DEFAULT NULL,
  PRIMARY KEY (`id`),
  UNIQUE KEY `roles_slug_unique` (`slug`),
  KEY `roles_created_by_index` (`created_by`),
  KEY `roles_updated_by_index` (`updated_by`)
) ENGINE=InnoDB AUTO_INCREMENT=2 DEFAULT CHARSET=utf8mb4 COLLATE=utf8mb4_unicode_ci;
/*!40101 SET character_set_client = @saved_cs_client */;

--
-- Dumping data for table `roles`
--

LOCK TABLES `roles` WRITE;
/*!40000 ALTER TABLE `roles` DISABLE KEYS */;
INSERT INTO `roles` VALUES (1,'admin','Admin','{\"users.index\":true,\"users.create\":true,\"users.edit\":true,\"users.destroy\":true,\"roles.index\":true,\"roles.create\":true,\"roles.edit\":true,\"roles.destroy\":true,\"core.system\":true,\"core.manage.license\":true,\"media.index\":true,\"files.index\":true,\"files.create\":true,\"files.edit\":true,\"files.trash\":true,\"files.destroy\":true,\"folders.index\":true,\"folders.create\":true,\"folders.edit\":true,\"folders.trash\":true,\"folders.destroy\":true,\"settings.options\":true,\"settings.email\":true,\"settings.media\":true,\"settings.cronjob\":true,\"menus.index\":true,\"menus.create\":true,\"menus.edit\":true,\"menus.destroy\":true,\"pages.index\":true,\"pages.create\":true,\"pages.edit\":true,\"pages.destroy\":true,\"plugins.index\":true,\"plugins.edit\":true,\"plugins.remove\":true,\"plugins.marketplace\":true,\"core.appearance\":true,\"theme.index\":true,\"theme.activate\":true,\"theme.remove\":true,\"theme.options\":true,\"theme.custom-css\":true,\"theme.custom-js\":true,\"theme.custom-html\":true,\"widgets.index\":true,\"ads.index\":true,\"ads.create\":true,\"ads.edit\":true,\"ads.destroy\":true,\"analytics.general\":true,\"analytics.page\":true,\"analytics.browser\":true,\"analytics.referrer\":true,\"audit-log.index\":true,\"audit-log.destroy\":true,\"backups.index\":true,\"backups.create\":true,\"backups.restore\":true,\"backups.destroy\":true,\"plugins.blog\":true,\"posts.index\":true,\"posts.create\":true,\"posts.edit\":true,\"posts.destroy\":true,\"categories.index\":true,\"categories.create\":true,\"categories.edit\":true,\"categories.destroy\":true,\"tags.index\":true,\"tags.create\":true,\"tags.edit\":true,\"tags.destroy\":true,\"contacts.index\":true,\"contacts.edit\":true,\"contacts.destroy\":true,\"plugins.ecommerce\":true,\"ecommerce.settings\":true,\"ecommerce.report.index\":true,\"products.index\":true,\"products.create\":true,\"products.edit\":true,\"products.destroy\":true,\"products.duplicate\":true,\"product-categories.index\":true,\"product-categories.create\":true,\"product-categories.edit\":true,\"product-categories.destroy\":true,\"product-tag.index\":true,\"product-tag.create\":true,\"product-tag.edit\":true,\"product-tag.destroy\":true,\"brands.index\":true,\"brands.create\":true,\"brands.edit\":true,\"brands.destroy\":true,\"product-collections.index\":true,\"product-collections.create\":true,\"product-collections.edit\":true,\"product-collections.destroy\":true,\"product-attribute-sets.index\":true,\"product-attribute-sets.create\":true,\"product-attribute-sets.edit\":true,\"product-attribute-sets.destroy\":true,\"product-attributes.index\":true,\"product-attributes.create\":true,\"product-attributes.edit\":true,\"product-attributes.destroy\":true,\"tax.index\":true,\"tax.create\":true,\"tax.edit\":true,\"tax.destroy\":true,\"reviews.index\":true,\"reviews.destroy\":true,\"reviews.publish\":true,\"shipping_methods.index\":true,\"ecommerce.shipping-rule-items.index\":true,\"ecommerce.shipping-rule-items.create\":true,\"ecommerce.shipping-rule-items.edit\":true,\"ecommerce.shipping-rule-items.destroy\":true,\"ecommerce.shipping-rule-items.bulk-import\":true,\"ecommerce.shipments.index\":true,\"ecommerce.shipments.create\":true,\"ecommerce.shipments.edit\":true,\"ecommerce.shipments.destroy\":true,\"orders.index\":true,\"orders.create\":true,\"orders.edit\":true,\"orders.destroy\":true,\"discounts.index\":true,\"discounts.create\":true,\"discounts.edit\":true,\"discounts.destroy\":true,\"customers.index\":true,\"customers.create\":true,\"customers.edit\":true,\"customers.destroy\":true,\"flash-sale.index\":true,\"flash-sale.create\":true,\"flash-sale.edit\":true,\"flash-sale.destroy\":true,\"product-label.index\":true,\"product-label.create\":true,\"product-label.edit\":true,\"product-label.destroy\":true,\"ecommerce.import.products.index\":true,\"ecommerce.export.products.index\":true,\"order_returns.index\":true,\"order_returns.edit\":true,\"order_returns.destroy\":true,\"global-option.index\":true,\"global-option.create\":true,\"global-option.edit\":true,\"global-option.destroy\":true,\"ecommerce.invoice.index\":true,\"ecommerce.invoice.edit\":true,\"ecommerce.invoice.destroy\":true,\"ecommerce.invoice-template.index\":true,\"plugin.faq\":true,\"faq.index\":true,\"faq.create\":true,\"faq.edit\":true,\"faq.destroy\":true,\"faq_category.index\":true,\"faq_category.create\":true,\"faq_category.edit\":true,\"faq_category.destroy\":true,\"languages.index\":true,\"languages.create\":true,\"languages.edit\":true,\"languages.destroy\":true,\"plugin.location\":true,\"country.index\":true,\"country.create\":true,\"country.edit\":true,\"country.destroy\":true,\"state.index\":true,\"state.create\":true,\"state.edit\":true,\"state.destroy\":true,\"city.index\":true,\"city.create\":true,\"city.edit\":true,\"city.destroy\":true,\"location.bulk-import.index\":true,\"location.export.index\":true,\"marketplace.index\":true,\"marketplace.store.index\":true,\"marketplace.store.create\":true,\"marketplace.store.edit\":true,\"marketplace.store.destroy\":true,\"marketplace.store.view\":true,\"marketplace.store.revenue.create\":true,\"marketplace.withdrawal.index\":true,\"marketplace.withdrawal.edit\":true,\"marketplace.withdrawal.destroy\":true,\"marketplace.vendors.index\":true,\"marketplace.unverified-vendors.index\":true,\"marketplace.unverified-vendors.edit\":true,\"marketplace.settings\":true,\"marketplace.reports\":true,\"newsletter.index\":true,\"newsletter.destroy\":true,\"payment.index\":true,\"payments.settings\":true,\"payment.destroy\":true,\"simple-slider.index\":true,\"simple-slider.create\":true,\"simple-slider.edit\":true,\"simple-slider.destroy\":true,\"simple-slider-item.index\":true,\"simple-slider-item.create\":true,\"simple-slider-item.edit\":true,\"simple-slider-item.destroy\":true,\"social-login.settings\":true,\"plugins.translation\":true,\"translations.locales\":true,\"translations.theme-translations\":true,\"translations.index\":true}','Admin users role',1,1,1,'2023-10-30 01:30:00','2023-10-30 01:30:00');
/*!40000 ALTER TABLE `roles` ENABLE KEYS */;
UNLOCK TABLES;

--
-- Table structure for table `settings`
--

DROP TABLE IF EXISTS `settings`;
/*!40101 SET @saved_cs_client     = @@character_set_client */;
/*!50503 SET character_set_client = utf8mb4 */;
CREATE TABLE `settings` (
  `id` bigint unsigned NOT NULL AUTO_INCREMENT,
  `key` varchar(191) COLLATE utf8mb4_unicode_ci NOT NULL,
  `value` text COLLATE utf8mb4_unicode_ci,
  `created_at` timestamp NULL DEFAULT NULL,
  `updated_at` timestamp NULL DEFAULT NULL,
  PRIMARY KEY (`id`),
  UNIQUE KEY `settings_key_unique` (`key`)
) ENGINE=InnoDB AUTO_INCREMENT=101 DEFAULT CHARSET=utf8mb4 COLLATE=utf8mb4_unicode_ci;
/*!40101 SET character_set_client = @saved_cs_client */;

--
-- Dumping data for table `settings`
--

LOCK TABLES `settings` WRITE;
/*!40000 ALTER TABLE `settings` DISABLE KEYS */;
INSERT INTO `settings` VALUES (1,'activated_plugins','[\"language\",\"language-advanced\",\"ads\",\"analytics\",\"audit-log\",\"backup\",\"blog\",\"captcha\",\"contact\",\"cookie-consent\",\"ecommerce\",\"faq\",\"location\",\"marketplace\",\"newsletter\",\"payment\",\"paypal\",\"paypal-payout\",\"paystack\",\"razorpay\",\"shippo\",\"simple-slider\",\"social-login\",\"sslcommerz\",\"stripe\",\"translation\"]',NULL,'2023-10-30 01:30:04'),(5,'api_enabled','0',NULL,'2023-10-30 01:30:04'),(8,'language_hide_default','1',NULL,'2023-10-30 01:30:04'),(9,'language_switcher_display','dropdown',NULL,'2023-10-30 01:30:04'),(10,'language_display','all',NULL,'2023-10-30 01:30:04'),(11,'language_hide_languages','[]',NULL,'2023-10-30 01:30:04'),(12,'simple_slider_using_assets','0',NULL,NULL),(13,'payment_cod_status','1',NULL,'2023-10-30 01:30:04'),(14,'payment_bank_transfer_status','1',NULL,'2023-10-30 01:30:04'),(15,'media_random_hash','ab750fc9f8db4dc3eda0dbc3e92e38b4',NULL,'2023-10-30 01:30:04'),(16,'show_admin_bar','1',NULL,'2023-10-30 01:30:04'),(17,'theme','martfury',NULL,'2023-10-30 01:30:04'),(18,'admin_favicon','general/favicon.png',NULL,'2023-10-30 01:30:04'),(19,'admin_logo','general/logo-light.png',NULL,'2023-10-30 01:30:04'),(20,'permalink-botble-blog-models-post','blog',NULL,'2023-10-30 01:30:04'),(21,'permalink-botble-blog-models-category','blog',NULL,'2023-10-30 01:30:04'),(22,'payment_cod_description','Please pay money directly to the postman, if you choose cash on delivery method (COD).',NULL,'2023-10-30 01:30:04'),(23,'payment_bank_transfer_description','Please send money to our bank account: ACB - 69270 213 19.',NULL,'2023-10-30 01:30:04'),(24,'payment_stripe_payment_type','stripe_checkout',NULL,'2023-10-30 01:30:04'),(25,'plugins_ecommerce_customer_new_order_status','0',NULL,'2023-10-30 01:30:04'),(26,'plugins_ecommerce_admin_new_order_status','0',NULL,'2023-10-30 01:30:04'),(27,'ecommerce_is_enabled_support_digital_products','1',NULL,'2023-10-30 01:30:04'),(28,'ecommerce_load_countries_states_cities_from_location_plugin','0',NULL,'2023-10-30 01:30:04'),(29,'payment_bank_transfer_display_bank_info_at_the_checkout_success_page','1',NULL,'2023-10-30 01:30:04'),(30,'ecommerce_product_sku_format','MF-2443-[%S]',NULL,'2023-10-30 01:30:04'),(31,'ecommerce_store_name','Martfury',NULL,NULL),(32,'ecommerce_store_phone','1800979769',NULL,NULL),(33,'ecommerce_store_address','502 New Street',NULL,NULL),(34,'ecommerce_store_state','Brighton VIC',NULL,NULL),(35,'ecommerce_store_city','Brighton VIC',NULL,NULL),(36,'ecommerce_store_country','AU',NULL,NULL),(37,'theme-martfury-site_title','MartFury - Laravel Ecommerce system',NULL,NULL),(38,'theme-martfury-seo_description','MartFury is a clean & modern Laravel Ecommerce System for multipurpose online stores. With design clean and trendy, MartFury will make your online store look more impressive and attractive to viewers.',NULL,NULL),(39,'theme-martfury-copyright','© 2023 MartFury. All Rights Reserved.',NULL,NULL),(40,'theme-martfury-favicon','general/favicon.png',NULL,NULL),(41,'theme-martfury-logo','general/logo.png',NULL,NULL),(42,'theme-martfury-welcome_message','Welcome to MartFury Online Shopping Store!',NULL,NULL),(43,'theme-martfury-address','502 New Street, Brighton VIC, Australia',NULL,NULL),(44,'theme-martfury-hotline','1800 97 97 69',NULL,NULL),(45,'theme-martfury-email','contact@martfury.co',NULL,NULL),(46,'theme-martfury-payment_methods','[\"general\\/payment-method-1.jpg\",\"general\\/payment-method-2.jpg\",\"general\\/payment-method-3.jpg\",\"general\\/payment-method-4.jpg\",\"general\\/payment-method-5.jpg\"]',NULL,NULL),(47,'theme-martfury-newsletter_image','general/newsletter.jpg',NULL,NULL),(48,'theme-martfury-homepage_id','1',NULL,NULL),(49,'theme-martfury-blog_page_id','6',NULL,NULL),(50,'theme-martfury-cookie_consent_message','Your experience on this site will be improved by allowing cookies ',NULL,NULL),(51,'theme-martfury-cookie_consent_learn_more_url','/cookie-policy',NULL,NULL),(52,'theme-martfury-cookie_consent_learn_more_text','Cookie Policy',NULL,NULL),(53,'theme-martfury-number_of_products_per_page','42',NULL,NULL),(54,'theme-martfury-product_feature_1_title','Shipping worldwide',NULL,NULL),(55,'theme-martfury-product_feature_1_icon','icon-network',NULL,NULL),(56,'theme-martfury-product_feature_2_title','Free 7-day return if eligible, so easy',NULL,NULL),(57,'theme-martfury-product_feature_2_icon','icon-3d-rotate',NULL,NULL),(58,'theme-martfury-product_feature_3_title','Supplier give bills for this product.',NULL,NULL),(59,'theme-martfury-product_feature_3_icon','icon-receipt',NULL,NULL),(60,'theme-martfury-product_feature_4_title','Pay online or when receiving goods',NULL,NULL),(61,'theme-martfury-product_feature_4_icon','icon-credit-card',NULL,NULL),(62,'theme-martfury-contact_info_box_1_title','Contact Directly',NULL,NULL),(63,'theme-martfury-contact_info_box_1_subtitle','contact@martfury.com',NULL,NULL),(64,'theme-martfury-contact_info_box_1_details','(+004) 912-3548-07',NULL,NULL),(65,'theme-martfury-contact_info_box_2_title','Headquarters',NULL,NULL),(66,'theme-martfury-contact_info_box_2_subtitle','17 Queen St, South bank, Melbourne 10560, Australia',NULL,NULL),(67,'theme-martfury-contact_info_box_2_details','',NULL,NULL),(68,'theme-martfury-contact_info_box_3_title','Work With Us',NULL,NULL),(69,'theme-martfury-contact_info_box_3_subtitle','Send your CV to our email:',NULL,NULL),(70,'theme-martfury-contact_info_box_3_details','career@martfury.com',NULL,NULL),(71,'theme-martfury-contact_info_box_4_title','Customer Service',NULL,NULL),(72,'theme-martfury-contact_info_box_4_subtitle','customercare@martfury.com',NULL,NULL),(73,'theme-martfury-contact_info_box_4_details','(800) 843-2446',NULL,NULL),(74,'theme-martfury-contact_info_box_5_title','Media Relations',NULL,NULL),(75,'theme-martfury-contact_info_box_5_subtitle','media@martfury.com',NULL,NULL),(76,'theme-martfury-contact_info_box_5_details','(801) 947-3564',NULL,NULL),(77,'theme-martfury-contact_info_box_6_title','Vendor Support',NULL,NULL),(78,'theme-martfury-contact_info_box_6_subtitle','vendorsupport@martfury.com',NULL,NULL),(79,'theme-martfury-contact_info_box_6_details','(801) 947-3100',NULL,NULL),(80,'theme-martfury-number_of_cross_sale_product','7',NULL,NULL),(81,'theme-martfury-logo_in_the_checkout_page','general/logo-dark.png',NULL,NULL),(82,'theme-martfury-logo_in_invoices','general/logo-dark.png',NULL,NULL),(83,'theme-martfury-logo_vendor_dashboard','general/logo-dark.png',NULL,NULL),(84,'theme-martfury-primary_font','Work Sans',NULL,NULL),(85,'theme-martfury--social-name-1','Facebook',NULL,NULL),(86,'theme-martfury--social-url-1','https://www.facebook.com/',NULL,NULL),(87,'theme-martfury--social-icon-1','fa-facebook',NULL,NULL),(88,'theme-martfury--social-color-1','#3b5999',NULL,NULL),(89,'theme-martfury--social-name-2','Twitter',NULL,NULL),(90,'theme-martfury--social-url-2','https://www.twitter.com/',NULL,NULL),(91,'theme-martfury--social-icon-2','fa-twitter',NULL,NULL),(92,'theme-martfury--social-color-2','#55ACF9',NULL,NULL),(93,'theme-martfury--social-name-3','Instagram',NULL,NULL),(94,'theme-martfury--social-url-3','https://www.instagram.com/',NULL,NULL),(95,'theme-martfury--social-icon-3','fa-instagram',NULL,NULL),(96,'theme-martfury--social-color-3','#E1306C',NULL,NULL),(97,'theme-martfury--social-name-4','Youtube',NULL,NULL),(98,'theme-martfury--social-url-4','https://www.youtube.com/',NULL,NULL),(99,'theme-martfury--social-icon-4','fa-youtube',NULL,NULL),(100,'theme-martfury--social-color-4','#FF0000',NULL,NULL);
/*!40000 ALTER TABLE `settings` ENABLE KEYS */;
UNLOCK TABLES;

--
-- Table structure for table `simple_slider_items`
--

DROP TABLE IF EXISTS `simple_slider_items`;
/*!40101 SET @saved_cs_client     = @@character_set_client */;
/*!50503 SET character_set_client = utf8mb4 */;
CREATE TABLE `simple_slider_items` (
  `id` bigint unsigned NOT NULL AUTO_INCREMENT,
  `simple_slider_id` bigint unsigned NOT NULL,
  `title` varchar(255) COLLATE utf8mb4_unicode_ci DEFAULT NULL,
  `image` varchar(255) COLLATE utf8mb4_unicode_ci NOT NULL,
  `link` varchar(255) COLLATE utf8mb4_unicode_ci DEFAULT NULL,
  `description` text COLLATE utf8mb4_unicode_ci,
  `order` int unsigned NOT NULL DEFAULT '0',
  `created_at` timestamp NULL DEFAULT NULL,
  `updated_at` timestamp NULL DEFAULT NULL,
  PRIMARY KEY (`id`)
) ENGINE=InnoDB AUTO_INCREMENT=4 DEFAULT CHARSET=utf8mb4 COLLATE=utf8mb4_unicode_ci;
/*!40101 SET character_set_client = @saved_cs_client */;

--
-- Dumping data for table `simple_slider_items`
--

LOCK TABLES `simple_slider_items` WRITE;
/*!40000 ALTER TABLE `simple_slider_items` DISABLE KEYS */;
INSERT INTO `simple_slider_items` VALUES (1,1,'Slider 1','sliders/1-lg.jpg','/products',NULL,1,'2023-10-30 01:30:02','2023-10-30 01:30:02'),(2,1,'Slider 2','sliders/2-lg.jpg','/products',NULL,2,'2023-10-30 01:30:02','2023-10-30 01:30:02'),(3,1,'Slider 3','sliders/3-lg.jpg','/products',NULL,3,'2023-10-30 01:30:02','2023-10-30 01:30:02');
/*!40000 ALTER TABLE `simple_slider_items` ENABLE KEYS */;
UNLOCK TABLES;

--
-- Table structure for table `simple_sliders`
--

DROP TABLE IF EXISTS `simple_sliders`;
/*!40101 SET @saved_cs_client     = @@character_set_client */;
/*!50503 SET character_set_client = utf8mb4 */;
CREATE TABLE `simple_sliders` (
  `id` bigint unsigned NOT NULL AUTO_INCREMENT,
  `name` varchar(120) COLLATE utf8mb4_unicode_ci NOT NULL,
  `key` varchar(120) COLLATE utf8mb4_unicode_ci NOT NULL,
  `description` varchar(255) COLLATE utf8mb4_unicode_ci DEFAULT NULL,
  `status` varchar(60) COLLATE utf8mb4_unicode_ci NOT NULL DEFAULT 'published',
  `created_at` timestamp NULL DEFAULT NULL,
  `updated_at` timestamp NULL DEFAULT NULL,
  PRIMARY KEY (`id`)
) ENGINE=InnoDB AUTO_INCREMENT=2 DEFAULT CHARSET=utf8mb4 COLLATE=utf8mb4_unicode_ci;
/*!40101 SET character_set_client = @saved_cs_client */;

--
-- Dumping data for table `simple_sliders`
--

LOCK TABLES `simple_sliders` WRITE;
/*!40000 ALTER TABLE `simple_sliders` DISABLE KEYS */;
INSERT INTO `simple_sliders` VALUES (1,'Home slider','home-slider','The main slider on homepage','published','2023-10-30 01:30:02','2023-10-30 01:30:02');
/*!40000 ALTER TABLE `simple_sliders` ENABLE KEYS */;
UNLOCK TABLES;

--
-- Table structure for table `slugs`
--

DROP TABLE IF EXISTS `slugs`;
/*!40101 SET @saved_cs_client     = @@character_set_client */;
/*!50503 SET character_set_client = utf8mb4 */;
CREATE TABLE `slugs` (
  `id` bigint unsigned NOT NULL AUTO_INCREMENT,
  `key` varchar(255) COLLATE utf8mb4_unicode_ci NOT NULL,
  `reference_id` bigint unsigned NOT NULL,
  `reference_type` varchar(255) COLLATE utf8mb4_unicode_ci NOT NULL,
  `prefix` varchar(120) COLLATE utf8mb4_unicode_ci DEFAULT '',
  `created_at` timestamp NULL DEFAULT NULL,
  `updated_at` timestamp NULL DEFAULT NULL,
  PRIMARY KEY (`id`),
  KEY `slugs_reference_id_index` (`reference_id`),
  KEY `slugs_key_index` (`key`),
  KEY `slugs_prefix_index` (`prefix`),
  KEY `slugs_reference_index` (`reference_id`,`reference_type`)
) ENGINE=InnoDB AUTO_INCREMENT=109 DEFAULT CHARSET=utf8mb4 COLLATE=utf8mb4_unicode_ci;
/*!40101 SET character_set_client = @saved_cs_client */;

--
-- Dumping data for table `slugs`
--

LOCK TABLES `slugs` WRITE;
/*!40000 ALTER TABLE `slugs` DISABLE KEYS */;
INSERT INTO `slugs` VALUES (1,'fashion-live',1,'Botble\\Ecommerce\\Models\\Brand','brands','2023-10-30 01:29:51','2023-10-30 01:29:51'),(2,'hand-crafted',2,'Botble\\Ecommerce\\Models\\Brand','brands','2023-10-30 01:29:51','2023-10-30 01:29:51'),(3,'mestonix',3,'Botble\\Ecommerce\\Models\\Brand','brands','2023-10-30 01:29:51','2023-10-30 01:29:51'),(4,'sunshine',4,'Botble\\Ecommerce\\Models\\Brand','brands','2023-10-30 01:29:51','2023-10-30 01:29:51'),(5,'pure',5,'Botble\\Ecommerce\\Models\\Brand','brands','2023-10-30 01:29:51','2023-10-30 01:29:51'),(6,'anfold',6,'Botble\\Ecommerce\\Models\\Brand','brands','2023-10-30 01:29:51','2023-10-30 01:29:51'),(7,'automotive',7,'Botble\\Ecommerce\\Models\\Brand','brands','2023-10-30 01:29:51','2023-10-30 01:29:51'),(8,'hot-promotions',1,'Botble\\Ecommerce\\Models\\ProductCategory','product-categories','2023-10-30 01:29:51','2023-10-30 01:29:51'),(9,'electronics',2,'Botble\\Ecommerce\\Models\\ProductCategory','product-categories','2023-10-30 01:29:51','2023-10-30 01:29:51'),(10,'consumer-electronic',3,'Botble\\Ecommerce\\Models\\ProductCategory','product-categories','2023-10-30 01:29:51','2023-10-30 01:29:51'),(11,'home-audio-theaters',4,'Botble\\Ecommerce\\Models\\ProductCategory','product-categories','2023-10-30 01:29:51','2023-10-30 01:29:51'),(12,'tv-videos',5,'Botble\\Ecommerce\\Models\\ProductCategory','product-categories','2023-10-30 01:29:51','2023-10-30 01:29:51'),(13,'camera-photos-videos',6,'Botble\\Ecommerce\\Models\\ProductCategory','product-categories','2023-10-30 01:29:51','2023-10-30 01:29:51'),(14,'cellphones-accessories',7,'Botble\\Ecommerce\\Models\\ProductCategory','product-categories','2023-10-30 01:29:51','2023-10-30 01:29:51'),(15,'headphones',8,'Botble\\Ecommerce\\Models\\ProductCategory','product-categories','2023-10-30 01:29:51','2023-10-30 01:29:51'),(16,'videos-games',9,'Botble\\Ecommerce\\Models\\ProductCategory','product-categories','2023-10-30 01:29:51','2023-10-30 01:29:51'),(17,'wireless-speakers',10,'Botble\\Ecommerce\\Models\\ProductCategory','product-categories','2023-10-30 01:29:51','2023-10-30 01:29:51'),(18,'office-electronic',11,'Botble\\Ecommerce\\Models\\ProductCategory','product-categories','2023-10-30 01:29:51','2023-10-30 01:29:51'),(19,'accessories-parts',12,'Botble\\Ecommerce\\Models\\ProductCategory','product-categories','2023-10-30 01:29:51','2023-10-30 01:29:51'),(20,'digital-cables',13,'Botble\\Ecommerce\\Models\\ProductCategory','product-categories','2023-10-30 01:29:51','2023-10-30 01:29:51'),(21,'audio-video-cables',14,'Botble\\Ecommerce\\Models\\ProductCategory','product-categories','2023-10-30 01:29:51','2023-10-30 01:29:51'),(22,'batteries',15,'Botble\\Ecommerce\\Models\\ProductCategory','product-categories','2023-10-30 01:29:51','2023-10-30 01:29:51'),(23,'clothing',16,'Botble\\Ecommerce\\Models\\ProductCategory','product-categories','2023-10-30 01:29:51','2023-10-30 01:29:51'),(24,'computers',17,'Botble\\Ecommerce\\Models\\ProductCategory','product-categories','2023-10-30 01:29:51','2023-10-30 01:29:51'),(25,'computer-technologies',18,'Botble\\Ecommerce\\Models\\ProductCategory','product-categories','2023-10-30 01:29:51','2023-10-30 01:29:51'),(26,'computer-tablets',19,'Botble\\Ecommerce\\Models\\ProductCategory','product-categories','2023-10-30 01:29:51','2023-10-30 01:29:51'),(27,'laptop',20,'Botble\\Ecommerce\\Models\\ProductCategory','product-categories','2023-10-30 01:29:51','2023-10-30 01:29:51'),(28,'monitors',21,'Botble\\Ecommerce\\Models\\ProductCategory','product-categories','2023-10-30 01:29:51','2023-10-30 01:29:51'),(29,'computer-components',22,'Botble\\Ecommerce\\Models\\ProductCategory','product-categories','2023-10-30 01:29:51','2023-10-30 01:29:51'),(30,'networking',23,'Botble\\Ecommerce\\Models\\ProductCategory','product-categories','2023-10-30 01:29:51','2023-10-30 01:29:51'),(31,'drive-storages',24,'Botble\\Ecommerce\\Models\\ProductCategory','product-categories','2023-10-30 01:29:51','2023-10-30 01:29:51'),(32,'gaming-laptop',25,'Botble\\Ecommerce\\Models\\ProductCategory','product-categories','2023-10-30 01:29:51','2023-10-30 01:29:51'),(33,'security-protection',26,'Botble\\Ecommerce\\Models\\ProductCategory','product-categories','2023-10-30 01:29:51','2023-10-30 01:29:51'),(34,'accessories',27,'Botble\\Ecommerce\\Models\\ProductCategory','product-categories','2023-10-30 01:29:51','2023-10-30 01:29:51'),(35,'home-kitchen',28,'Botble\\Ecommerce\\Models\\ProductCategory','product-categories','2023-10-30 01:29:51','2023-10-30 01:29:51'),(36,'health-beauty',29,'Botble\\Ecommerce\\Models\\ProductCategory','product-categories','2023-10-30 01:29:51','2023-10-30 01:29:51'),(37,'jewelry-watch',30,'Botble\\Ecommerce\\Models\\ProductCategory','product-categories','2023-10-30 01:29:51','2023-10-30 01:29:51'),(38,'technology-toys',31,'Botble\\Ecommerce\\Models\\ProductCategory','product-categories','2023-10-30 01:29:51','2023-10-30 01:29:51'),(39,'phones',32,'Botble\\Ecommerce\\Models\\ProductCategory','product-categories','2023-10-30 01:29:51','2023-10-30 01:29:51'),(40,'babies-moms',33,'Botble\\Ecommerce\\Models\\ProductCategory','product-categories','2023-10-30 01:29:51','2023-10-30 01:29:51'),(41,'sport-outdoor',34,'Botble\\Ecommerce\\Models\\ProductCategory','product-categories','2023-10-30 01:29:51','2023-10-30 01:29:51'),(42,'books-office',35,'Botble\\Ecommerce\\Models\\ProductCategory','product-categories','2023-10-30 01:29:51','2023-10-30 01:29:51'),(43,'cars-motorcycles',36,'Botble\\Ecommerce\\Models\\ProductCategory','product-categories','2023-10-30 01:29:51','2023-10-30 01:29:51'),(44,'home-improvements',37,'Botble\\Ecommerce\\Models\\ProductCategory','product-categories','2023-10-30 01:29:51','2023-10-30 01:29:51'),(45,'dual-camera-20mp',1,'Botble\\Ecommerce\\Models\\Product','products','2023-10-30 01:29:55','2023-10-30 01:29:55'),(46,'smart-watches',2,'Botble\\Ecommerce\\Models\\Product','products','2023-10-30 01:29:55','2023-10-30 01:29:55'),(47,'beat-headphone',3,'Botble\\Ecommerce\\Models\\Product','products','2023-10-30 01:29:55','2023-10-30 01:29:55'),(48,'red-black-headphone',4,'Botble\\Ecommerce\\Models\\Product','products','2023-10-30 01:29:55','2023-10-30 01:29:55'),(49,'smart-watch-external',5,'Botble\\Ecommerce\\Models\\Product','products','2023-10-30 01:29:55','2023-10-30 01:29:55'),(50,'nikon-hd-camera',6,'Botble\\Ecommerce\\Models\\Product','products','2023-10-30 01:29:55','2023-10-30 01:29:55'),(51,'audio-equipment',7,'Botble\\Ecommerce\\Models\\Product','products','2023-10-30 01:29:55','2023-10-30 01:29:55'),(52,'smart-televisions',8,'Botble\\Ecommerce\\Models\\Product','products','2023-10-30 01:29:55','2023-10-30 01:29:55'),(53,'samsung-smart-phone',9,'Botble\\Ecommerce\\Models\\Product','products','2023-10-30 01:29:55','2023-10-30 01:29:55'),(54,'herschel-leather-duffle-bag-in-brown-color',10,'Botble\\Ecommerce\\Models\\Product','products','2023-10-30 01:29:55','2023-10-30 01:29:55'),(55,'xbox-one-wireless-controller-black-color',11,'Botble\\Ecommerce\\Models\\Product','products','2023-10-30 01:29:55','2023-10-30 01:29:55'),(56,'epsion-plaster-printer',12,'Botble\\Ecommerce\\Models\\Product','products','2023-10-30 01:29:55','2023-10-30 01:29:55'),(57,'sound-intone-i65-earphone-white-version',13,'Botble\\Ecommerce\\Models\\Product','products','2023-10-30 01:29:55','2023-10-30 01:29:55'),(58,'bo-play-mini-bluetooth-speaker',14,'Botble\\Ecommerce\\Models\\Product','products','2023-10-30 01:29:55','2023-10-30 01:29:55'),(59,'apple-macbook-air-retina-133-inch-laptop',15,'Botble\\Ecommerce\\Models\\Product','products','2023-10-30 01:29:55','2023-10-30 01:29:55'),(60,'apple-macbook-air-retina-12-inch-laptop',16,'Botble\\Ecommerce\\Models\\Product','products','2023-10-30 01:29:55','2023-10-30 01:29:55'),(61,'samsung-gear-vr-virtual-reality-headset',17,'Botble\\Ecommerce\\Models\\Product','products','2023-10-30 01:29:55','2023-10-30 01:29:55'),(62,'aveeno-moisturizing-body-shower-450ml',18,'Botble\\Ecommerce\\Models\\Product','products','2023-10-30 01:29:55','2023-10-30 01:29:55'),(63,'nyx-beauty-couton-pallete-makeup-12',19,'Botble\\Ecommerce\\Models\\Product','products','2023-10-30 01:29:55','2023-10-30 01:29:55'),(64,'nyx-beauty-couton-pallete-makeup-12',20,'Botble\\Ecommerce\\Models\\Product','products','2023-10-30 01:29:55','2023-10-30 01:29:55'),(65,'mvmth-classical-leather-watch-in-black',21,'Botble\\Ecommerce\\Models\\Product','products','2023-10-30 01:29:55','2023-10-30 01:29:55'),(66,'baxter-care-hair-kit-for-bearded-mens',22,'Botble\\Ecommerce\\Models\\Product','products','2023-10-30 01:29:55','2023-10-30 01:29:55'),(67,'ciate-palemore-lipstick-bold-red-color',23,'Botble\\Ecommerce\\Models\\Product','products','2023-10-30 01:29:55','2023-10-30 01:29:55'),(68,'electronic',1,'Botble\\Ecommerce\\Models\\ProductTag','product-tags','2023-10-30 01:30:00','2023-10-30 01:30:00'),(69,'mobile',2,'Botble\\Ecommerce\\Models\\ProductTag','product-tags','2023-10-30 01:30:00','2023-10-30 01:30:00'),(70,'iphone',3,'Botble\\Ecommerce\\Models\\ProductTag','product-tags','2023-10-30 01:30:00','2023-10-30 01:30:00'),(71,'printer',4,'Botble\\Ecommerce\\Models\\ProductTag','product-tags','2023-10-30 01:30:00','2023-10-30 01:30:00'),(72,'office',5,'Botble\\Ecommerce\\Models\\ProductTag','product-tags','2023-10-30 01:30:00','2023-10-30 01:30:00'),(73,'it',6,'Botble\\Ecommerce\\Models\\ProductTag','product-tags','2023-10-30 01:30:00','2023-10-30 01:30:00'),(74,'ecommerce',1,'Botble\\Blog\\Models\\Category','blog','2023-10-30 01:30:02','2023-10-30 01:30:03'),(75,'fashion',2,'Botble\\Blog\\Models\\Category','blog','2023-10-30 01:30:02','2023-10-30 01:30:03'),(76,'electronic',3,'Botble\\Blog\\Models\\Category','blog','2023-10-30 01:30:02','2023-10-30 01:30:03'),(77,'commercial',4,'Botble\\Blog\\Models\\Category','blog','2023-10-30 01:30:02','2023-10-30 01:30:03'),(78,'general',1,'Botble\\Blog\\Models\\Tag','tag','2023-10-30 01:30:02','2023-10-30 01:30:02'),(79,'design',2,'Botble\\Blog\\Models\\Tag','tag','2023-10-30 01:30:02','2023-10-30 01:30:02'),(80,'fashion',3,'Botble\\Blog\\Models\\Tag','tag','2023-10-30 01:30:02','2023-10-30 01:30:02'),(81,'branding',4,'Botble\\Blog\\Models\\Tag','tag','2023-10-30 01:30:02','2023-10-30 01:30:02'),(82,'modern',5,'Botble\\Blog\\Models\\Tag','tag','2023-10-30 01:30:02','2023-10-30 01:30:02'),(83,'4-expert-tips-on-how-to-choose-the-right-mens-wallet',1,'Botble\\Blog\\Models\\Post','blog','2023-10-30 01:30:02','2023-10-30 01:30:03'),(84,'sexy-clutches-how-to-buy-wear-a-designer-clutch-bag',2,'Botble\\Blog\\Models\\Post','blog','2023-10-30 01:30:02','2023-10-30 01:30:03'),(85,'the-top-2020-handbag-trends-to-know',3,'Botble\\Blog\\Models\\Post','blog','2023-10-30 01:30:02','2023-10-30 01:30:03'),(86,'how-to-match-the-color-of-your-handbag-with-an-outfit',4,'Botble\\Blog\\Models\\Post','blog','2023-10-30 01:30:02','2023-10-30 01:30:03'),(87,'how-to-care-for-leather-bags',5,'Botble\\Blog\\Models\\Post','blog','2023-10-30 01:30:02','2023-10-30 01:30:03'),(88,'were-crushing-hard-on-summers-10-biggest-bag-trends',6,'Botble\\Blog\\Models\\Post','blog','2023-10-30 01:30:02','2023-10-30 01:30:03'),(89,'essential-qualities-of-highly-successful-music',7,'Botble\\Blog\\Models\\Post','blog','2023-10-30 01:30:02','2023-10-30 01:30:03'),(90,'9-things-i-love-about-shaving-my-head',8,'Botble\\Blog\\Models\\Post','blog','2023-10-30 01:30:02','2023-10-30 01:30:03'),(91,'why-teamwork-really-makes-the-dream-work',9,'Botble\\Blog\\Models\\Post','blog','2023-10-30 01:30:02','2023-10-30 01:30:03'),(92,'the-world-caters-to-average-people',10,'Botble\\Blog\\Models\\Post','blog','2023-10-30 01:30:02','2023-10-30 01:30:03'),(93,'the-litigants-on-the-screen-are-not-actors',11,'Botble\\Blog\\Models\\Post','blog','2023-10-30 01:30:02','2023-10-30 01:30:03'),(94,'home',1,'Botble\\Page\\Models\\Page','','2023-10-30 01:30:02','2023-10-30 01:30:02'),(95,'about-us',2,'Botble\\Page\\Models\\Page','','2023-10-30 01:30:03','2023-10-30 01:30:03'),(96,'terms-of-use',3,'Botble\\Page\\Models\\Page','','2023-10-30 01:30:03','2023-10-30 01:30:03'),(97,'terms-conditions',4,'Botble\\Page\\Models\\Page','','2023-10-30 01:30:03','2023-10-30 01:30:03'),(98,'refund-policy',5,'Botble\\Page\\Models\\Page','','2023-10-30 01:30:03','2023-10-30 01:30:03'),(99,'blog',6,'Botble\\Page\\Models\\Page','','2023-10-30 01:30:03','2023-10-30 01:30:03'),(100,'faqs',7,'Botble\\Page\\Models\\Page','','2023-10-30 01:30:03','2023-10-30 01:30:03'),(101,'contact',8,'Botble\\Page\\Models\\Page','','2023-10-30 01:30:03','2023-10-30 01:30:03'),(102,'cookie-policy',9,'Botble\\Page\\Models\\Page','','2023-10-30 01:30:03','2023-10-30 01:30:03'),(103,'affiliate',10,'Botble\\Page\\Models\\Page','','2023-10-30 01:30:03','2023-10-30 01:30:03'),(104,'career',11,'Botble\\Page\\Models\\Page','','2023-10-30 01:30:03','2023-10-30 01:30:03'),(105,'coming-soon',12,'Botble\\Page\\Models\\Page','','2023-10-30 01:30:03','2023-10-30 01:30:03'),(106,'gopro',1,'Botble\\Marketplace\\Models\\Store','stores','2023-10-30 01:30:05','2023-10-30 01:30:05'),(107,'global-office',2,'Botble\\Marketplace\\Models\\Store','stores','2023-10-30 01:30:05','2023-10-30 01:30:05'),(108,'young-shop',3,'Botble\\Marketplace\\Models\\Store','stores','2023-10-30 01:30:05','2023-10-30 01:30:05');
/*!40000 ALTER TABLE `slugs` ENABLE KEYS */;
UNLOCK TABLES;

--
-- Table structure for table `slugs_translations`
--

DROP TABLE IF EXISTS `slugs_translations`;
/*!40101 SET @saved_cs_client     = @@character_set_client */;
/*!50503 SET character_set_client = utf8mb4 */;
CREATE TABLE `slugs_translations` (
  `lang_code` varchar(191) COLLATE utf8mb4_unicode_ci NOT NULL,
  `slugs_id` bigint unsigned NOT NULL,
  `key` varchar(255) COLLATE utf8mb4_unicode_ci DEFAULT NULL,
  `prefix` varchar(120) COLLATE utf8mb4_unicode_ci DEFAULT '',
  PRIMARY KEY (`lang_code`,`slugs_id`)
) ENGINE=InnoDB DEFAULT CHARSET=utf8mb4 COLLATE=utf8mb4_unicode_ci;
/*!40101 SET character_set_client = @saved_cs_client */;

--
-- Dumping data for table `slugs_translations`
--

LOCK TABLES `slugs_translations` WRITE;
/*!40000 ALTER TABLE `slugs_translations` DISABLE KEYS */;
/*!40000 ALTER TABLE `slugs_translations` ENABLE KEYS */;
UNLOCK TABLES;

--
-- Table structure for table `states`
--

DROP TABLE IF EXISTS `states`;
/*!40101 SET @saved_cs_client     = @@character_set_client */;
/*!50503 SET character_set_client = utf8mb4 */;
CREATE TABLE `states` (
  `id` bigint unsigned NOT NULL AUTO_INCREMENT,
  `name` varchar(120) COLLATE utf8mb4_unicode_ci NOT NULL,
  `slug` varchar(120) COLLATE utf8mb4_unicode_ci DEFAULT NULL,
  `abbreviation` varchar(10) CHARACTER SET utf8mb4 COLLATE utf8mb4_unicode_ci DEFAULT NULL,
  `country_id` bigint unsigned DEFAULT NULL,
  `order` tinyint NOT NULL DEFAULT '0',
  `image` varchar(255) COLLATE utf8mb4_unicode_ci DEFAULT NULL,
  `is_default` tinyint unsigned NOT NULL DEFAULT '0',
  `status` varchar(60) COLLATE utf8mb4_unicode_ci NOT NULL DEFAULT 'published',
  `created_at` timestamp NULL DEFAULT NULL,
  `updated_at` timestamp NULL DEFAULT NULL,
  PRIMARY KEY (`id`),
  UNIQUE KEY `states_slug_unique` (`slug`)
) ENGINE=InnoDB DEFAULT CHARSET=utf8mb4 COLLATE=utf8mb4_unicode_ci;
/*!40101 SET character_set_client = @saved_cs_client */;

--
-- Dumping data for table `states`
--

LOCK TABLES `states` WRITE;
/*!40000 ALTER TABLE `states` DISABLE KEYS */;
/*!40000 ALTER TABLE `states` ENABLE KEYS */;
UNLOCK TABLES;

--
-- Table structure for table `states_translations`
--

DROP TABLE IF EXISTS `states_translations`;
/*!40101 SET @saved_cs_client     = @@character_set_client */;
/*!50503 SET character_set_client = utf8mb4 */;
CREATE TABLE `states_translations` (
  `lang_code` varchar(191) COLLATE utf8mb4_unicode_ci NOT NULL,
  `states_id` bigint unsigned NOT NULL,
  `name` varchar(120) COLLATE utf8mb4_unicode_ci DEFAULT NULL,
  `slug` varchar(120) CHARACTER SET utf8mb4 COLLATE utf8mb4_unicode_ci DEFAULT NULL,
  `abbreviation` varchar(10) CHARACTER SET utf8mb4 COLLATE utf8mb4_unicode_ci DEFAULT NULL,
  PRIMARY KEY (`lang_code`,`states_id`)
) ENGINE=InnoDB DEFAULT CHARSET=utf8mb4 COLLATE=utf8mb4_unicode_ci;
/*!40101 SET character_set_client = @saved_cs_client */;

--
-- Dumping data for table `states_translations`
--

LOCK TABLES `states_translations` WRITE;
/*!40000 ALTER TABLE `states_translations` DISABLE KEYS */;
/*!40000 ALTER TABLE `states_translations` ENABLE KEYS */;
UNLOCK TABLES;

--
-- Table structure for table `tags`
--

DROP TABLE IF EXISTS `tags`;
/*!40101 SET @saved_cs_client     = @@character_set_client */;
/*!50503 SET character_set_client = utf8mb4 */;
CREATE TABLE `tags` (
  `id` bigint unsigned NOT NULL AUTO_INCREMENT,
  `name` varchar(120) COLLATE utf8mb4_unicode_ci NOT NULL,
  `author_id` bigint unsigned DEFAULT NULL,
  `author_type` varchar(255) CHARACTER SET utf8mb4 COLLATE utf8mb4_unicode_ci NOT NULL DEFAULT 'Botble\\ACL\\Models\\User',
  `description` varchar(400) COLLATE utf8mb4_unicode_ci DEFAULT '',
  `status` varchar(60) COLLATE utf8mb4_unicode_ci NOT NULL DEFAULT 'published',
  `created_at` timestamp NULL DEFAULT NULL,
  `updated_at` timestamp NULL DEFAULT NULL,
  PRIMARY KEY (`id`)
) ENGINE=InnoDB AUTO_INCREMENT=6 DEFAULT CHARSET=utf8mb4 COLLATE=utf8mb4_unicode_ci;
/*!40101 SET character_set_client = @saved_cs_client */;

--
-- Dumping data for table `tags`
--

LOCK TABLES `tags` WRITE;
/*!40000 ALTER TABLE `tags` DISABLE KEYS */;
INSERT INTO `tags` VALUES (1,'General',1,'Botble\\ACL\\Models\\User','','published','2023-10-30 01:30:02','2023-10-30 01:30:02'),(2,'Design',1,'Botble\\ACL\\Models\\User','','published','2023-10-30 01:30:02','2023-10-30 01:30:02'),(3,'Fashion',1,'Botble\\ACL\\Models\\User','','published','2023-10-30 01:30:02','2023-10-30 01:30:02'),(4,'Branding',1,'Botble\\ACL\\Models\\User','','published','2023-10-30 01:30:02','2023-10-30 01:30:02'),(5,'Modern',1,'Botble\\ACL\\Models\\User','','published','2023-10-30 01:30:02','2023-10-30 01:30:02');
/*!40000 ALTER TABLE `tags` ENABLE KEYS */;
UNLOCK TABLES;

--
-- Table structure for table `tags_translations`
--

DROP TABLE IF EXISTS `tags_translations`;
/*!40101 SET @saved_cs_client     = @@character_set_client */;
/*!50503 SET character_set_client = utf8mb4 */;
CREATE TABLE `tags_translations` (
  `lang_code` varchar(191) COLLATE utf8mb4_unicode_ci NOT NULL,
  `tags_id` bigint unsigned NOT NULL,
  `name` varchar(255) COLLATE utf8mb4_unicode_ci DEFAULT NULL,
  `description` varchar(400) COLLATE utf8mb4_unicode_ci DEFAULT NULL,
  PRIMARY KEY (`lang_code`,`tags_id`)
) ENGINE=InnoDB DEFAULT CHARSET=utf8mb4 COLLATE=utf8mb4_unicode_ci;
/*!40101 SET character_set_client = @saved_cs_client */;

--
-- Dumping data for table `tags_translations`
--

LOCK TABLES `tags_translations` WRITE;
/*!40000 ALTER TABLE `tags_translations` DISABLE KEYS */;
/*!40000 ALTER TABLE `tags_translations` ENABLE KEYS */;
UNLOCK TABLES;

--
-- Table structure for table `translations`
--

DROP TABLE IF EXISTS `translations`;
/*!40101 SET @saved_cs_client     = @@character_set_client */;
/*!50503 SET character_set_client = utf8mb4 */;
CREATE TABLE `translations` (
  `id` bigint unsigned NOT NULL AUTO_INCREMENT,
  `status` int NOT NULL DEFAULT '0',
  `locale` varchar(191) COLLATE utf8mb4_unicode_ci NOT NULL,
  `group` varchar(191) COLLATE utf8mb4_unicode_ci NOT NULL,
  `key` varchar(191) COLLATE utf8mb4_unicode_ci NOT NULL,
  `value` text COLLATE utf8mb4_unicode_ci,
  `created_at` timestamp NULL DEFAULT NULL,
  `updated_at` timestamp NULL DEFAULT NULL,
  PRIMARY KEY (`id`)
) ENGINE=InnoDB AUTO_INCREMENT=3475 DEFAULT CHARSET=utf8mb4 COLLATE=utf8mb4_unicode_ci;
/*!40101 SET character_set_client = @saved_cs_client */;

--
-- Dumping data for table `translations`
--

LOCK TABLES `translations` WRITE;
/*!40000 ALTER TABLE `translations` DISABLE KEYS */;
INSERT INTO `translations` VALUES (1,1,'en','auth','failed','These credentials do not match our records.','2023-10-30 01:30:18','2023-10-30 01:30:18'),(2,1,'en','auth','password','The provided password is incorrect.','2023-10-30 01:30:18','2023-10-30 01:30:18'),(3,1,'en','auth','throttle','Too many login attempts. Please try again in :seconds seconds.','2023-10-30 01:30:18','2023-10-30 01:30:18'),(4,1,'en','pagination','previous','&laquo; Previous','2023-10-30 01:30:18','2023-10-30 01:30:18'),(5,1,'en','pagination','next','Next &raquo;','2023-10-30 01:30:18','2023-10-30 01:30:18'),(6,1,'en','passwords','reset','Your password has been reset!','2023-10-30 01:30:18','2023-10-30 01:30:18'),(7,1,'en','passwords','sent','We have emailed your password reset link!','2023-10-30 01:30:18','2023-10-30 01:30:18'),(8,1,'en','passwords','throttled','Please wait before retrying.','2023-10-30 01:30:18','2023-10-30 01:30:18'),(9,1,'en','passwords','token','This password reset token is invalid.','2023-10-30 01:30:18','2023-10-30 01:30:18'),(10,1,'en','passwords','user','We can\'t find a user with that email address.','2023-10-30 01:30:18','2023-10-30 01:30:18'),(11,1,'en','validation','accepted','The :attribute must be accepted.','2023-10-30 01:30:18','2023-10-30 01:30:18'),(12,1,'en','validation','accepted_if','The :attribute must be accepted when :other is :value.','2023-10-30 01:30:18','2023-10-30 01:30:18'),(13,1,'en','validation','active_url','The :attribute is not a valid URL.','2023-10-30 01:30:18','2023-10-30 01:30:18'),(14,1,'en','validation','after','The :attribute must be a date after :date.','2023-10-30 01:30:18','2023-10-30 01:30:18'),(15,1,'en','validation','after_or_equal','The :attribute must be a date after or equal to :date.','2023-10-30 01:30:18','2023-10-30 01:30:18'),(16,1,'en','validation','alpha','The :attribute must only contain letters.','2023-10-30 01:30:18','2023-10-30 01:30:18'),(17,1,'en','validation','alpha_dash','The :attribute must only contain letters, numbers, dashes and underscores.','2023-10-30 01:30:18','2023-10-30 01:30:18'),(18,1,'en','validation','alpha_num','The :attribute must only contain letters and numbers.','2023-10-30 01:30:18','2023-10-30 01:30:18'),(19,1,'en','validation','array','The :attribute must be an array.','2023-10-30 01:30:18','2023-10-30 01:30:18'),(20,1,'en','validation','before','The :attribute must be a date before :date.','2023-10-30 01:30:18','2023-10-30 01:30:18'),(21,1,'en','validation','before_or_equal','The :attribute must be a date before or equal to :date.','2023-10-30 01:30:18','2023-10-30 01:30:18'),(22,1,'en','validation','between.array','The :attribute must have between :min and :max items.','2023-10-30 01:30:18','2023-10-30 01:30:18'),(23,1,'en','validation','between.file','The :attribute must be between :min and :max kilobytes.','2023-10-30 01:30:18','2023-10-30 01:30:18'),(24,1,'en','validation','between.numeric','The :attribute must be between :min and :max.','2023-10-30 01:30:18','2023-10-30 01:30:18'),(25,1,'en','validation','between.string','The :attribute must be between :min and :max characters.','2023-10-30 01:30:18','2023-10-30 01:30:18'),(26,1,'en','validation','boolean','The :attribute field must be true or false.','2023-10-30 01:30:18','2023-10-30 01:30:18'),(27,1,'en','validation','confirmed','The :attribute confirmation does not match.','2023-10-30 01:30:18','2023-10-30 01:30:18'),(28,1,'en','validation','current_password','The password is incorrect.','2023-10-30 01:30:18','2023-10-30 01:30:18'),(29,1,'en','validation','date','The :attribute is not a valid date.','2023-10-30 01:30:18','2023-10-30 01:30:18'),(30,1,'en','validation','date_equals','The :attribute must be a date equal to :date.','2023-10-30 01:30:18','2023-10-30 01:30:18'),(31,1,'en','validation','date_format','The :attribute does not match the format :format.','2023-10-30 01:30:18','2023-10-30 01:30:18'),(32,1,'en','validation','declined','The :attribute must be declined.','2023-10-30 01:30:18','2023-10-30 01:30:18'),(33,1,'en','validation','declined_if','The :attribute must be declined when :other is :value.','2023-10-30 01:30:18','2023-10-30 01:30:18'),(34,1,'en','validation','different','The :attribute and :other must be different.','2023-10-30 01:30:18','2023-10-30 01:30:18'),(35,1,'en','validation','digits','The :attribute must be :digits digits.','2023-10-30 01:30:18','2023-10-30 01:30:18'),(36,1,'en','validation','digits_between','The :attribute must be between :min and :max digits.','2023-10-30 01:30:18','2023-10-30 01:30:18'),(37,1,'en','validation','dimensions','The :attribute has invalid image dimensions.','2023-10-30 01:30:18','2023-10-30 01:30:18'),(38,1,'en','validation','distinct','The :attribute field has a duplicate value.','2023-10-30 01:30:18','2023-10-30 01:30:18'),(39,1,'en','validation','doesnt_start_with','The :attribute may not start with one of the following: :values.','2023-10-30 01:30:18','2023-10-30 01:30:18'),(40,1,'en','validation','email','The :attribute must be a valid email address.','2023-10-30 01:30:18','2023-10-30 01:30:18'),(41,1,'en','validation','ends_with','The :attribute must end with one of the following: :values.','2023-10-30 01:30:18','2023-10-30 01:30:18'),(42,1,'en','validation','enum','The selected :attribute is invalid.','2023-10-30 01:30:18','2023-10-30 01:30:18'),(43,1,'en','validation','exists','The selected :attribute is invalid.','2023-10-30 01:30:18','2023-10-30 01:30:18'),(44,1,'en','validation','file','The :attribute must be a file.','2023-10-30 01:30:18','2023-10-30 01:30:18'),(45,1,'en','validation','filled','The :attribute field must have a value.','2023-10-30 01:30:18','2023-10-30 01:30:18'),(46,1,'en','validation','gt.array','The :attribute must have more than :value items.','2023-10-30 01:30:18','2023-10-30 01:30:18'),(47,1,'en','validation','gt.file','The :attribute must be greater than :value kilobytes.','2023-10-30 01:30:18','2023-10-30 01:30:18'),(48,1,'en','validation','gt.numeric','The :attribute must be greater than :value.','2023-10-30 01:30:18','2023-10-30 01:30:18'),(49,1,'en','validation','gt.string','The :attribute must be greater than :value characters.','2023-10-30 01:30:18','2023-10-30 01:30:18'),(50,1,'en','validation','gte.array','The :attribute must have :value items or more.','2023-10-30 01:30:18','2023-10-30 01:30:18'),(51,1,'en','validation','gte.file','The :attribute must be greater than or equal to :value kilobytes.','2023-10-30 01:30:18','2023-10-30 01:30:18'),(52,1,'en','validation','gte.numeric','The :attribute must be greater than or equal to :value.','2023-10-30 01:30:18','2023-10-30 01:30:18'),(53,1,'en','validation','gte.string','The :attribute must be greater than or equal to :value characters.','2023-10-30 01:30:18','2023-10-30 01:30:18'),(54,1,'en','validation','image','The :attribute must be an image.','2023-10-30 01:30:18','2023-10-30 01:30:18'),(55,1,'en','validation','in','The selected :attribute is invalid.','2023-10-30 01:30:18','2023-10-30 01:30:18'),(56,1,'en','validation','in_array','The :attribute field does not exist in :other.','2023-10-30 01:30:18','2023-10-30 01:30:18'),(57,1,'en','validation','integer','The :attribute must be an integer.','2023-10-30 01:30:18','2023-10-30 01:30:18'),(58,1,'en','validation','ip','The :attribute must be a valid IP address.','2023-10-30 01:30:18','2023-10-30 01:30:18'),(59,1,'en','validation','ipv4','The :attribute must be a valid IPv4 address.','2023-10-30 01:30:18','2023-10-30 01:30:18'),(60,1,'en','validation','ipv6','The :attribute must be a valid IPv6 address.','2023-10-30 01:30:18','2023-10-30 01:30:18'),(61,1,'en','validation','json','The :attribute must be a valid JSON string.','2023-10-30 01:30:18','2023-10-30 01:30:18'),(62,1,'en','validation','lt.array','The :attribute must have less than :value items.','2023-10-30 01:30:18','2023-10-30 01:30:18'),(63,1,'en','validation','lt.file','The :attribute must be less than :value kilobytes.','2023-10-30 01:30:18','2023-10-30 01:30:18'),(64,1,'en','validation','lt.numeric','The :attribute must be less than :value.','2023-10-30 01:30:18','2023-10-30 01:30:18'),(65,1,'en','validation','lt.string','The :attribute must be less than :value characters.','2023-10-30 01:30:18','2023-10-30 01:30:18'),(66,1,'en','validation','lte.array','The :attribute must not have more than :value items.','2023-10-30 01:30:18','2023-10-30 01:30:18'),(67,1,'en','validation','lte.file','The :attribute must be less than or equal to :value kilobytes.','2023-10-30 01:30:18','2023-10-30 01:30:18'),(68,1,'en','validation','lte.numeric','The :attribute must be less than or equal to :value.','2023-10-30 01:30:18','2023-10-30 01:30:18'),(69,1,'en','validation','lte.string','The :attribute must be less than or equal to :value characters.','2023-10-30 01:30:18','2023-10-30 01:30:18'),(70,1,'en','validation','mac_address','The :attribute must be a valid MAC address.','2023-10-30 01:30:18','2023-10-30 01:30:18'),(71,1,'en','validation','max.array','The :attribute must not have more than :max items.','2023-10-30 01:30:18','2023-10-30 01:30:18'),(72,1,'en','validation','max.file','The :attribute must not be greater than :max kilobytes.','2023-10-30 01:30:18','2023-10-30 01:30:18'),(73,1,'en','validation','max.numeric','The :attribute must not be greater than :max.','2023-10-30 01:30:18','2023-10-30 01:30:18'),(74,1,'en','validation','max.string','The :attribute must not be greater than :max characters.','2023-10-30 01:30:18','2023-10-30 01:30:18'),(75,1,'en','validation','mimes','The :attribute must be a file of type: :values.','2023-10-30 01:30:18','2023-10-30 01:30:18'),(76,1,'en','validation','mimetypes','The :attribute must be a file of type: :values.','2023-10-30 01:30:18','2023-10-30 01:30:18'),(77,1,'en','validation','min.array','The :attribute must have at least :min items.','2023-10-30 01:30:18','2023-10-30 01:30:18'),(78,1,'en','validation','min.file','The :attribute must be at least :min kilobytes.','2023-10-30 01:30:18','2023-10-30 01:30:18'),(79,1,'en','validation','min.numeric','The :attribute must be at least :min.','2023-10-30 01:30:18','2023-10-30 01:30:18'),(80,1,'en','validation','min.string','The :attribute must be at least :min characters.','2023-10-30 01:30:18','2023-10-30 01:30:18'),(81,1,'en','validation','multiple_of','The :attribute must be a multiple of :value.','2023-10-30 01:30:18','2023-10-30 01:30:18'),(82,1,'en','validation','not_in','The selected :attribute is invalid.','2023-10-30 01:30:18','2023-10-30 01:30:18'),(83,1,'en','validation','not_regex','The :attribute format is invalid.','2023-10-30 01:30:18','2023-10-30 01:30:18'),(84,1,'en','validation','numeric','The :attribute must be a number.','2023-10-30 01:30:18','2023-10-30 01:30:18'),(85,1,'en','validation','password.letters','The :attribute must contain at least one letter.','2023-10-30 01:30:18','2023-10-30 01:30:18'),(86,1,'en','validation','password.mixed','The :attribute must contain at least one uppercase and one lowercase letter.','2023-10-30 01:30:18','2023-10-30 01:30:18'),(87,1,'en','validation','password.numbers','The :attribute must contain at least one number.','2023-10-30 01:30:18','2023-10-30 01:30:18'),(88,1,'en','validation','password.symbols','The :attribute must contain at least one symbol.','2023-10-30 01:30:18','2023-10-30 01:30:18'),(89,1,'en','validation','password.uncompromised','The given :attribute has appeared in a data leak. Please choose a different :attribute.','2023-10-30 01:30:18','2023-10-30 01:30:18'),(90,1,'en','validation','present','The :attribute field must be present.','2023-10-30 01:30:18','2023-10-30 01:30:18'),(91,1,'en','validation','prohibited','The :attribute field is prohibited.','2023-10-30 01:30:18','2023-10-30 01:30:18'),(92,1,'en','validation','prohibited_if','The :attribute field is prohibited when :other is :value.','2023-10-30 01:30:18','2023-10-30 01:30:18'),(93,1,'en','validation','prohibited_unless','The :attribute field is prohibited unless :other is in :values.','2023-10-30 01:30:18','2023-10-30 01:30:18'),(94,1,'en','validation','prohibits','The :attribute field prohibits :other from being present.','2023-10-30 01:30:18','2023-10-30 01:30:18'),(95,1,'en','validation','regex','The :attribute format is invalid.','2023-10-30 01:30:18','2023-10-30 01:30:18'),(96,1,'en','validation','required','The :attribute field is required.','2023-10-30 01:30:18','2023-10-30 01:30:18'),(97,1,'en','validation','required_array_keys','The :attribute field must contain entries for: :values.','2023-10-30 01:30:18','2023-10-30 01:30:18'),(98,1,'en','validation','required_if','The :attribute field is required when :other is :value.','2023-10-30 01:30:18','2023-10-30 01:30:18'),(99,1,'en','validation','required_unless','The :attribute field is required unless :other is in :values.','2023-10-30 01:30:18','2023-10-30 01:30:18'),(100,1,'en','validation','required_with','The :attribute field is required when :values is present.','2023-10-30 01:30:18','2023-10-30 01:30:18'),(101,1,'en','validation','required_with_all','The :attribute field is required when :values are present.','2023-10-30 01:30:18','2023-10-30 01:30:18'),(102,1,'en','validation','required_without','The :attribute field is required when :values is not present.','2023-10-30 01:30:18','2023-10-30 01:30:18'),(103,1,'en','validation','required_without_all','The :attribute field is required when none of :values are present.','2023-10-30 01:30:18','2023-10-30 01:30:18'),(104,1,'en','validation','same','The :attribute and :other must match.','2023-10-30 01:30:18','2023-10-30 01:30:18'),(105,1,'en','validation','size.array','The :attribute must contain :size items.','2023-10-30 01:30:18','2023-10-30 01:30:18'),(106,1,'en','validation','size.file','The :attribute must be :size kilobytes.','2023-10-30 01:30:18','2023-10-30 01:30:18'),(107,1,'en','validation','size.numeric','The :attribute must be :size.','2023-10-30 01:30:18','2023-10-30 01:30:18'),(108,1,'en','validation','size.string','The :attribute must be :size characters.','2023-10-30 01:30:18','2023-10-30 01:30:18'),(109,1,'en','validation','starts_with','The :attribute must start with one of the following: :values.','2023-10-30 01:30:18','2023-10-30 01:30:18'),(110,1,'en','validation','string','The :attribute must be a string.','2023-10-30 01:30:18','2023-10-30 01:30:18'),(111,1,'en','validation','timezone','The :attribute must be a valid timezone.','2023-10-30 01:30:18','2023-10-30 01:30:18'),(112,1,'en','validation','unique','The :attribute has already been taken.','2023-10-30 01:30:18','2023-10-30 01:30:18'),(113,1,'en','validation','uploaded','The :attribute failed to upload.','2023-10-30 01:30:18','2023-10-30 01:30:18'),(114,1,'en','validation','url','The :attribute must be a valid URL.','2023-10-30 01:30:18','2023-10-30 01:30:18'),(115,1,'en','validation','uuid','The :attribute must be a valid UUID.','2023-10-30 01:30:18','2023-10-30 01:30:18'),(116,1,'en','validation','custom.attribute-name.rule-name','custom-message','2023-10-30 01:30:18','2023-10-30 01:30:18'),(117,1,'en','core/acl/auth','login.username','Email/Username','2023-10-30 01:30:18','2023-10-30 01:30:18'),(118,1,'en','core/acl/auth','login.email','Email','2023-10-30 01:30:18','2023-10-30 01:30:18'),(119,1,'en','core/acl/auth','login.password','Password','2023-10-30 01:30:18','2023-10-30 01:30:18'),(120,1,'en','core/acl/auth','login.title','User Login','2023-10-30 01:30:18','2023-10-30 01:30:18'),(121,1,'en','core/acl/auth','login.remember','Remember me?','2023-10-30 01:30:18','2023-10-30 01:30:18'),(122,1,'en','core/acl/auth','login.login','Sign in','2023-10-30 01:30:18','2023-10-30 01:30:18'),(123,1,'en','core/acl/auth','login.placeholder.username','Please enter your username','2023-10-30 01:30:18','2023-10-30 01:30:18'),(124,1,'en','core/acl/auth','login.placeholder.email','Please enter your email','2023-10-30 01:30:18','2023-10-30 01:30:18'),(125,1,'en','core/acl/auth','login.success','Login successfully!','2023-10-30 01:30:18','2023-10-30 01:30:18'),(126,1,'en','core/acl/auth','login.fail','Wrong username or password.','2023-10-30 01:30:18','2023-10-30 01:30:18'),(127,1,'en','core/acl/auth','login.not_active','Your account has not been activated yet!','2023-10-30 01:30:18','2023-10-30 01:30:18'),(128,1,'en','core/acl/auth','login.banned','This account is banned.','2023-10-30 01:30:18','2023-10-30 01:30:18'),(129,1,'en','core/acl/auth','login.logout_success','Logout successfully!','2023-10-30 01:30:18','2023-10-30 01:30:18'),(130,1,'en','core/acl/auth','login.dont_have_account','You don\'t have account on this system, please contact administrator for more information!','2023-10-30 01:30:18','2023-10-30 01:30:18'),(131,1,'en','core/acl/auth','forgot_password.title','Forgot Password','2023-10-30 01:30:18','2023-10-30 01:30:18'),(132,1,'en','core/acl/auth','forgot_password.message','<p>Have you forgotten your password?</p><p>Please enter your email account. System will send a email with active link to reset your password.</p>','2023-10-30 01:30:18','2023-10-30 01:30:18'),(133,1,'en','core/acl/auth','forgot_password.submit','Submit','2023-10-30 01:30:18','2023-10-30 01:30:18'),(134,1,'en','core/acl/auth','reset.new_password','New password','2023-10-30 01:30:18','2023-10-30 01:30:18'),(135,1,'en','core/acl/auth','reset.password_confirmation','Confirm new password','2023-10-30 01:30:18','2023-10-30 01:30:18'),(136,1,'en','core/acl/auth','reset.email','Email','2023-10-30 01:30:18','2023-10-30 01:30:18'),(137,1,'en','core/acl/auth','reset.title','Reset your password','2023-10-30 01:30:18','2023-10-30 01:30:18'),(138,1,'en','core/acl/auth','reset.update','Update','2023-10-30 01:30:18','2023-10-30 01:30:18'),(139,1,'en','core/acl/auth','reset.wrong_token','This link is invalid or expired. Please try using reset form again.','2023-10-30 01:30:18','2023-10-30 01:30:18'),(140,1,'en','core/acl/auth','reset.user_not_found','This username is not exist.','2023-10-30 01:30:18','2023-10-30 01:30:18'),(141,1,'en','core/acl/auth','reset.success','Reset password successfully!','2023-10-30 01:30:18','2023-10-30 01:30:18'),(142,1,'en','core/acl/auth','reset.fail','Token is invalid, the reset password link has been expired!','2023-10-30 01:30:18','2023-10-30 01:30:18'),(143,1,'en','core/acl/auth','reset.reset.title','Email reset password','2023-10-30 01:30:18','2023-10-30 01:30:18'),(144,1,'en','core/acl/auth','reset.send.success','A email was sent to your email account. Please check and complete this action.','2023-10-30 01:30:18','2023-10-30 01:30:18'),(145,1,'en','core/acl/auth','reset.send.fail','Can not send email in this time. Please try again later.','2023-10-30 01:30:18','2023-10-30 01:30:18'),(146,1,'en','core/acl/auth','reset.new-password','New password','2023-10-30 01:30:18','2023-10-30 01:30:18'),(147,1,'en','core/acl/auth','email.reminder.title','Email reset password','2023-10-30 01:30:18','2023-10-30 01:30:18'),(148,1,'en','core/acl/auth','password_confirmation','Password confirm','2023-10-30 01:30:18','2023-10-30 01:30:18'),(149,1,'en','core/acl/auth','failed','Failed','2023-10-30 01:30:18','2023-10-30 01:30:18'),(150,1,'en','core/acl/auth','throttle','Throttle','2023-10-30 01:30:18','2023-10-30 01:30:18'),(151,1,'en','core/acl/auth','not_member','Not a member yet?','2023-10-30 01:30:18','2023-10-30 01:30:18'),(152,1,'en','core/acl/auth','register_now','Register now','2023-10-30 01:30:18','2023-10-30 01:30:18'),(153,1,'en','core/acl/auth','lost_your_password','Lost your password?','2023-10-30 01:30:18','2023-10-30 01:30:18'),(154,1,'en','core/acl/auth','login_title','Admin','2023-10-30 01:30:18','2023-10-30 01:30:18'),(155,1,'en','core/acl/auth','login_via_social','Login with social networks','2023-10-30 01:30:18','2023-10-30 01:30:18'),(156,1,'en','core/acl/auth','back_to_login','Back to login page','2023-10-30 01:30:18','2023-10-30 01:30:18'),(157,1,'en','core/acl/auth','sign_in_below','Sign In Below','2023-10-30 01:30:18','2023-10-30 01:30:18'),(158,1,'en','core/acl/auth','languages','Languages','2023-10-30 01:30:18','2023-10-30 01:30:18'),(159,1,'en','core/acl/auth','reset_password','Reset Password','2023-10-30 01:30:18','2023-10-30 01:30:18'),(160,1,'en','core/acl/auth','settings.email.title','ACL','2023-10-30 01:30:18','2023-10-30 01:30:18'),(161,1,'en','core/acl/auth','settings.email.description','ACL email configuration','2023-10-30 01:30:18','2023-10-30 01:30:18'),(162,1,'en','core/acl/permissions','notices.role_in_use','Cannot delete this role, it is still in use!','2023-10-30 01:30:18','2023-10-30 01:30:18'),(163,1,'en','core/acl/permissions','notices.role_delete_belong_user','You are not able to delete this role; it belongs to someone else!','2023-10-30 01:30:18','2023-10-30 01:30:18'),(164,1,'en','core/acl/permissions','notices.role_edit_belong_user','You are not able to edit this role; it belongs to someone else!','2023-10-30 01:30:18','2023-10-30 01:30:18'),(165,1,'en','core/acl/permissions','notices.delete_global_role','You are not allowed to delete global roles!','2023-10-30 01:30:18','2023-10-30 01:30:18'),(166,1,'en','core/acl/permissions','notices.delete_success','The selected role was deleted successfully!','2023-10-30 01:30:18','2023-10-30 01:30:18'),(167,1,'en','core/acl/permissions','notices.modified_success','The selected role was modified successfully!','2023-10-30 01:30:18','2023-10-30 01:30:18'),(168,1,'en','core/acl/permissions','notices.create_success','The new role was successfully created','2023-10-30 01:30:18','2023-10-30 01:30:18'),(169,1,'en','core/acl/permissions','notices.duplicated_success','The selected role was duplicated successfully','2023-10-30 01:30:18','2023-10-30 01:30:18'),(170,1,'en','core/acl/permissions','notices.no_select','Please select at least one record to take this action!','2023-10-30 01:30:18','2023-10-30 01:30:18'),(171,1,'en','core/acl/permissions','notices.not_found','Role not found','2023-10-30 01:30:18','2023-10-30 01:30:18'),(172,1,'en','core/acl/permissions','name','Name','2023-10-30 01:30:18','2023-10-30 01:30:18'),(173,1,'en','core/acl/permissions','current_role','Current Role','2023-10-30 01:30:18','2023-10-30 01:30:18'),(174,1,'en','core/acl/permissions','no_role_assigned','No role assigned','2023-10-30 01:30:18','2023-10-30 01:30:18'),(175,1,'en','core/acl/permissions','role_assigned','Assigned Role','2023-10-30 01:30:18','2023-10-30 01:30:18'),(176,1,'en','core/acl/permissions','create_role','Create New Role','2023-10-30 01:30:18','2023-10-30 01:30:18'),(177,1,'en','core/acl/permissions','role_name','Name','2023-10-30 01:30:18','2023-10-30 01:30:18'),(178,1,'en','core/acl/permissions','role_description','Description','2023-10-30 01:30:18','2023-10-30 01:30:18'),(179,1,'en','core/acl/permissions','permission_flags','Permission Flags','2023-10-30 01:30:18','2023-10-30 01:30:18'),(180,1,'en','core/acl/permissions','cancel','Cancel','2023-10-30 01:30:18','2023-10-30 01:30:18'),(181,1,'en','core/acl/permissions','reset','Reset','2023-10-30 01:30:18','2023-10-30 01:30:18'),(182,1,'en','core/acl/permissions','save','Save','2023-10-30 01:30:18','2023-10-30 01:30:18'),(183,1,'en','core/acl/permissions','global_role_msg','This is a global role and cannot be modified.  You can use the Duplicate button to make a copy of this role that you can then modify.','2023-10-30 01:30:18','2023-10-30 01:30:18'),(184,1,'en','core/acl/permissions','details','Details \":name\"','2023-10-30 01:30:18','2023-10-30 01:30:18'),(185,1,'en','core/acl/permissions','duplicate','Duplicate','2023-10-30 01:30:18','2023-10-30 01:30:18'),(186,1,'en','core/acl/permissions','all','All Permissions','2023-10-30 01:30:18','2023-10-30 01:30:18'),(187,1,'en','core/acl/permissions','list_role','List Roles','2023-10-30 01:30:18','2023-10-30 01:30:18'),(188,1,'en','core/acl/permissions','created_on','Created On','2023-10-30 01:30:18','2023-10-30 01:30:18'),(189,1,'en','core/acl/permissions','created_by','Created By','2023-10-30 01:30:18','2023-10-30 01:30:18'),(190,1,'en','core/acl/permissions','actions','Actions','2023-10-30 01:30:18','2023-10-30 01:30:18'),(191,1,'en','core/acl/permissions','role_in_use','Cannot delete this role, it is still in use!','2023-10-30 01:30:18','2023-10-30 01:30:18'),(192,1,'en','core/acl/permissions','role_delete_belong_user','You are not able to delete this role; it belongs to someone else!','2023-10-30 01:30:18','2023-10-30 01:30:18'),(193,1,'en','core/acl/permissions','delete_global_role','Can not delete global role','2023-10-30 01:30:18','2023-10-30 01:30:18'),(194,1,'en','core/acl/permissions','delete_success','Delete role successfully','2023-10-30 01:30:18','2023-10-30 01:30:18'),(195,1,'en','core/acl/permissions','no_select','Please select at least one role to take this action!','2023-10-30 01:30:18','2023-10-30 01:30:18'),(196,1,'en','core/acl/permissions','not_found','No role found!','2023-10-30 01:30:18','2023-10-30 01:30:18'),(197,1,'en','core/acl/permissions','role_edit_belong_user','You are not able to edit this role; it belongs to someone else!','2023-10-30 01:30:18','2023-10-30 01:30:18'),(198,1,'en','core/acl/permissions','modified_success','Modified successfully','2023-10-30 01:30:18','2023-10-30 01:30:18'),(199,1,'en','core/acl/permissions','create_success','Create successfully','2023-10-30 01:30:18','2023-10-30 01:30:18'),(200,1,'en','core/acl/permissions','duplicated_success','Duplicated successfully','2023-10-30 01:30:18','2023-10-30 01:30:18'),(201,1,'en','core/acl/permissions','options','Options','2023-10-30 01:30:18','2023-10-30 01:30:18'),(202,1,'en','core/acl/permissions','access_denied_message','You are not allowed to do this action','2023-10-30 01:30:18','2023-10-30 01:30:18'),(203,1,'en','core/acl/permissions','roles','Roles','2023-10-30 01:30:18','2023-10-30 01:30:18'),(204,1,'en','core/acl/permissions','role_permission','Roles and Permissions','2023-10-30 01:30:18','2023-10-30 01:30:18'),(205,1,'en','core/acl/permissions','user_management','User Management','2023-10-30 01:30:18','2023-10-30 01:30:18'),(206,1,'en','core/acl/permissions','super_user_management','Super User Management','2023-10-30 01:30:18','2023-10-30 01:30:18'),(207,1,'en','core/acl/permissions','action_unauthorized','This action is unauthorized.','2023-10-30 01:30:18','2023-10-30 01:30:18'),(208,1,'en','core/acl/users','delete_user_logged_in','Can\'t delete this user. This user is logged on!','2023-10-30 01:30:18','2023-10-30 01:30:18'),(209,1,'en','core/acl/users','no_select','Please select at least one record to take this action!','2023-10-30 01:30:18','2023-10-30 01:30:18'),(210,1,'en','core/acl/users','lock_user_logged_in','Can\'t lock this user. This user is logged on!','2023-10-30 01:30:18','2023-10-30 01:30:18'),(211,1,'en','core/acl/users','update_success','Update status successfully!','2023-10-30 01:30:18','2023-10-30 01:30:18'),(212,1,'en','core/acl/users','save_setting_failed','Something went wrong when save your setting','2023-10-30 01:30:18','2023-10-30 01:30:18'),(213,1,'en','core/acl/users','not_found','User not found','2023-10-30 01:30:18','2023-10-30 01:30:18'),(214,1,'en','core/acl/users','email_exist','That email address already belongs to an existing account','2023-10-30 01:30:18','2023-10-30 01:30:18'),(215,1,'en','core/acl/users','username_exist','That username address already belongs to an existing account','2023-10-30 01:30:18','2023-10-30 01:30:18'),(216,1,'en','core/acl/users','update_profile_success','Your profile changes were successfully saved','2023-10-30 01:30:18','2023-10-30 01:30:18'),(217,1,'en','core/acl/users','password_update_success','Password successfully changed','2023-10-30 01:30:18','2023-10-30 01:30:18'),(218,1,'en','core/acl/users','current_password_not_valid','Current password is not valid','2023-10-30 01:30:18','2023-10-30 01:30:18'),(219,1,'en','core/acl/users','user_exist_in','User is already a member','2023-10-30 01:30:18','2023-10-30 01:30:18'),(220,1,'en','core/acl/users','email','Email','2023-10-30 01:30:18','2023-10-30 01:30:18'),(221,1,'en','core/acl/users','role','Role','2023-10-30 01:30:18','2023-10-30 01:30:18'),(222,1,'en','core/acl/users','username','Username','2023-10-30 01:30:18','2023-10-30 01:30:18'),(223,1,'en','core/acl/users','last_name','Last Name','2023-10-30 01:30:18','2023-10-30 01:30:18'),(224,1,'en','core/acl/users','first_name','First Name','2023-10-30 01:30:18','2023-10-30 01:30:18'),(225,1,'en','core/acl/users','message','Message','2023-10-30 01:30:18','2023-10-30 01:30:18'),(226,1,'en','core/acl/users','cancel_btn','Cancel','2023-10-30 01:30:18','2023-10-30 01:30:18'),(227,1,'en','core/acl/users','change_password','Change password','2023-10-30 01:30:18','2023-10-30 01:30:18'),(228,1,'en','core/acl/users','current_password','Current password','2023-10-30 01:30:18','2023-10-30 01:30:18'),(229,1,'en','core/acl/users','new_password','New Password','2023-10-30 01:30:18','2023-10-30 01:30:18'),(230,1,'en','core/acl/users','confirm_new_password','Confirm New Password','2023-10-30 01:30:18','2023-10-30 01:30:18'),(231,1,'en','core/acl/users','password','Password','2023-10-30 01:30:18','2023-10-30 01:30:18'),(232,1,'en','core/acl/users','save','Save','2023-10-30 01:30:18','2023-10-30 01:30:18'),(233,1,'en','core/acl/users','cannot_delete','User could not be deleted','2023-10-30 01:30:18','2023-10-30 01:30:18'),(234,1,'en','core/acl/users','deleted','User deleted','2023-10-30 01:30:18','2023-10-30 01:30:18'),(235,1,'en','core/acl/users','last_login','Last Login','2023-10-30 01:30:18','2023-10-30 01:30:18'),(236,1,'en','core/acl/users','error_update_profile_image','Error when update profile image','2023-10-30 01:30:18','2023-10-30 01:30:18'),(237,1,'en','core/acl/users','email_reminder_template','<h3>Hello :name</h3><p>The system has received a request to restore the password for your account, to complete this task please click the link below.</p><p><a href=\":link\">Reset password now</a></p><p>If not you ask recover password, please ignore this email.</p><p>This email is valid for 60 minutes after receiving the email.</p>','2023-10-30 01:30:18','2023-10-30 01:30:18'),(238,1,'en','core/acl/users','change_profile_image','Change Profile Image','2023-10-30 01:30:18','2023-10-30 01:30:18'),(239,1,'en','core/acl/users','new_image','New Image','2023-10-30 01:30:18','2023-10-30 01:30:18'),(240,1,'en','core/acl/users','loading','Loading','2023-10-30 01:30:18','2023-10-30 01:30:18'),(241,1,'en','core/acl/users','close','Close','2023-10-30 01:30:18','2023-10-30 01:30:18'),(242,1,'en','core/acl/users','update','Update','2023-10-30 01:30:18','2023-10-30 01:30:18'),(243,1,'en','core/acl/users','read_image_failed','Failed to read the image file','2023-10-30 01:30:18','2023-10-30 01:30:18'),(244,1,'en','core/acl/users','users','Users','2023-10-30 01:30:18','2023-10-30 01:30:18'),(245,1,'en','core/acl/users','update_avatar_success','Update profile image successfully!','2023-10-30 01:30:18','2023-10-30 01:30:18'),(246,1,'en','core/acl/users','info.title','User profile','2023-10-30 01:30:18','2023-10-30 01:30:18'),(247,1,'en','core/acl/users','info.first_name','First Name','2023-10-30 01:30:18','2023-10-30 01:30:18'),(248,1,'en','core/acl/users','info.last_name','Last Name','2023-10-30 01:30:18','2023-10-30 01:30:18'),(249,1,'en','core/acl/users','total_users','Total users','2023-10-30 01:30:18','2023-10-30 01:30:18'),(250,1,'en','core/acl/users','statuses.activated','Activated','2023-10-30 01:30:18','2023-10-30 01:30:18'),(251,1,'en','core/acl/users','statuses.deactivated','Deactivated','2023-10-30 01:30:18','2023-10-30 01:30:18'),(252,1,'en','core/acl/users','make_super','Make super','2023-10-30 01:30:18','2023-10-30 01:30:18'),(253,1,'en','core/acl/users','remove_super','Remove super','2023-10-30 01:30:18','2023-10-30 01:30:18'),(254,1,'en','core/acl/users','is_super','Is super?','2023-10-30 01:30:19','2023-10-30 01:30:19'),(255,1,'en','core/acl/users','email_placeholder','Ex: example@gmail.com','2023-10-30 01:30:19','2023-10-30 01:30:19'),(256,1,'en','core/acl/users','password_confirmation','Re-type password','2023-10-30 01:30:19','2023-10-30 01:30:19'),(257,1,'en','core/acl/users','select_role','Select role','2023-10-30 01:30:19','2023-10-30 01:30:19'),(258,1,'en','core/acl/users','create_new_user','Create a new user','2023-10-30 01:30:19','2023-10-30 01:30:19'),(259,1,'en','core/acl/users','cannot_delete_super_user','Permission denied. Cannot delete a super user!','2023-10-30 01:30:19','2023-10-30 01:30:19'),(260,1,'en','core/acl/users','assigned_role','Assigned Role','2023-10-30 01:30:19','2023-10-30 01:30:19'),(261,1,'en','core/acl/users','no_role_assigned','No role assigned','2023-10-30 01:30:19','2023-10-30 01:30:19'),(262,1,'en','core/acl/users','view_user_profile','View user\'s profile','2023-10-30 01:30:19','2023-10-30 01:30:19'),(263,1,'en','core/base/base','yes','Yes','2023-10-30 01:30:19','2023-10-30 01:30:19'),(264,1,'en','core/base/base','no','No','2023-10-30 01:30:19','2023-10-30 01:30:19'),(265,1,'en','core/base/base','is_default','Is default?','2023-10-30 01:30:19','2023-10-30 01:30:19'),(266,1,'en','core/base/base','proc_close_disabled_error','Function proc_close() is disabled. Please contact your hosting provider to enable\n    it. Or you can add to .env: CAN_EXECUTE_COMMAND=false to disable this feature.','2023-10-30 01:30:19','2023-10-30 01:30:19'),(267,1,'en','core/base/base','email_template.header','Email template header','2023-10-30 01:30:19','2023-10-30 01:30:19'),(268,1,'en','core/base/base','email_template.footer','Email template footer','2023-10-30 01:30:19','2023-10-30 01:30:19'),(269,1,'en','core/base/base','email_template.site_title','Site title','2023-10-30 01:30:19','2023-10-30 01:30:19'),(270,1,'en','core/base/base','email_template.site_url','Site URL','2023-10-30 01:30:19','2023-10-30 01:30:19'),(271,1,'en','core/base/base','email_template.site_logo','Site Logo','2023-10-30 01:30:19','2023-10-30 01:30:19'),(272,1,'en','core/base/base','email_template.date_time','Current date time','2023-10-30 01:30:19','2023-10-30 01:30:19'),(273,1,'en','core/base/base','email_template.date_year','Current year','2023-10-30 01:30:19','2023-10-30 01:30:19'),(274,1,'en','core/base/base','email_template.site_admin_email','Site admin email','2023-10-30 01:30:19','2023-10-30 01:30:19'),(275,1,'en','core/base/base','email_template.twig.tag.apply','The apply tag allows you to apply Twig filters','2023-10-30 01:30:19','2023-10-30 01:30:19'),(276,1,'en','core/base/base','email_template.twig.tag.for','Loop over each item in a sequence','2023-10-30 01:30:19','2023-10-30 01:30:19'),(277,1,'en','core/base/base','email_template.twig.tag.if','The if statement in Twig is comparable with the if statements of PHP','2023-10-30 01:30:19','2023-10-30 01:30:19'),(278,1,'en','core/base/base','change_image','Change image','2023-10-30 01:30:19','2023-10-30 01:30:19'),(279,1,'en','core/base/base','delete_image','Delete image','2023-10-30 01:30:19','2023-10-30 01:30:19'),(280,1,'en','core/base/base','preview_image','Preview image','2023-10-30 01:30:19','2023-10-30 01:30:19'),(281,1,'en','core/base/base','image','Image','2023-10-30 01:30:19','2023-10-30 01:30:19'),(282,1,'en','core/base/base','using_button','Using button','2023-10-30 01:30:19','2023-10-30 01:30:19'),(283,1,'en','core/base/base','select_image','Select image','2023-10-30 01:30:19','2023-10-30 01:30:19'),(284,1,'en','core/base/base','to_add_more_image','to add more images','2023-10-30 01:30:19','2023-10-30 01:30:19'),(285,1,'en','core/base/base','add_image','Add image','2023-10-30 01:30:19','2023-10-30 01:30:19'),(286,1,'en','core/base/base','tools','Tools','2023-10-30 01:30:19','2023-10-30 01:30:19'),(287,1,'en','core/base/cache','cache_management','Cache management','2023-10-30 01:30:19','2023-10-30 01:30:19'),(288,1,'en','core/base/cache','cache_commands','Clear cache commands','2023-10-30 01:30:19','2023-10-30 01:30:19'),(289,1,'en','core/base/cache','commands.clear_cms_cache.title','Clear all CMS cache','2023-10-30 01:30:19','2023-10-30 01:30:19'),(290,1,'en','core/base/cache','commands.clear_cms_cache.description','Clear CMS caching: database caching, static blocks... Run this command when you don\'t see the changes after updating data.','2023-10-30 01:30:19','2023-10-30 01:30:19'),(291,1,'en','core/base/cache','commands.clear_cms_cache.success_msg','Cache cleaned','2023-10-30 01:30:19','2023-10-30 01:30:19'),(292,1,'en','core/base/cache','commands.refresh_compiled_views.title','Refresh compiled views','2023-10-30 01:30:19','2023-10-30 01:30:19'),(293,1,'en','core/base/cache','commands.refresh_compiled_views.description','Clear compiled views to make views up to date.','2023-10-30 01:30:19','2023-10-30 01:30:19'),(294,1,'en','core/base/cache','commands.refresh_compiled_views.success_msg','Cache view refreshed','2023-10-30 01:30:19','2023-10-30 01:30:19'),(295,1,'en','core/base/cache','commands.clear_config_cache.title','Clear config cache','2023-10-30 01:30:19','2023-10-30 01:30:19'),(296,1,'en','core/base/cache','commands.clear_config_cache.description','You might need to refresh the config caching when you change something on production environment.','2023-10-30 01:30:19','2023-10-30 01:30:19'),(297,1,'en','core/base/cache','commands.clear_config_cache.success_msg','Config cache cleaned','2023-10-30 01:30:19','2023-10-30 01:30:19'),(298,1,'en','core/base/cache','commands.clear_route_cache.title','Clear route cache','2023-10-30 01:30:19','2023-10-30 01:30:19'),(299,1,'en','core/base/cache','commands.clear_route_cache.description','Clear cache routing.','2023-10-30 01:30:19','2023-10-30 01:30:19'),(300,1,'en','core/base/cache','commands.clear_route_cache.success_msg','The route cache has been cleaned','2023-10-30 01:30:19','2023-10-30 01:30:19'),(301,1,'en','core/base/cache','commands.clear_log.title','Clear log','2023-10-30 01:30:19','2023-10-30 01:30:19'),(302,1,'en','core/base/cache','commands.clear_log.description','Clear system log files','2023-10-30 01:30:19','2023-10-30 01:30:19'),(303,1,'en','core/base/cache','commands.clear_log.success_msg','The system log has been cleaned','2023-10-30 01:30:19','2023-10-30 01:30:19'),(304,1,'en','core/base/enums','statuses.draft','Draft','2023-10-30 01:30:19','2023-10-30 01:30:19'),(305,1,'en','core/base/enums','statuses.pending','Pending','2023-10-30 01:30:19','2023-10-30 01:30:19'),(306,1,'en','core/base/enums','statuses.published','Published','2023-10-30 01:30:19','2023-10-30 01:30:19'),(307,1,'en','core/base/enums','system_updater_steps.download','Download update files','2023-10-30 01:30:19','2023-10-30 01:30:19'),(308,1,'en','core/base/enums','system_updater_steps.update_files','Update system files','2023-10-30 01:30:19','2023-10-30 01:30:19'),(309,1,'en','core/base/enums','system_updater_steps.update_database','Update databases','2023-10-30 01:30:19','2023-10-30 01:30:19'),(310,1,'en','core/base/enums','system_updater_steps.publish_core_assets','Publish core assets','2023-10-30 01:30:19','2023-10-30 01:30:19'),(311,1,'en','core/base/enums','system_updater_steps.publish_packages_assets','Publish packages assets','2023-10-30 01:30:19','2023-10-30 01:30:19'),(312,1,'en','core/base/enums','system_updater_steps.publish_plugins_assets','Publish plugins assets','2023-10-30 01:30:19','2023-10-30 01:30:19'),(313,1,'en','core/base/enums','system_updater_steps.publish_themes_assets','Publish themes assets','2023-10-30 01:30:19','2023-10-30 01:30:19'),(314,1,'en','core/base/enums','system_updater_steps.clean_up','Clean up system update files','2023-10-30 01:30:19','2023-10-30 01:30:19'),(315,1,'en','core/base/enums','system_updater_steps.done','System updated successfully','2023-10-30 01:30:19','2023-10-30 01:30:19'),(316,1,'en','core/base/enums','system_updater_steps.messages.download','Downloading update files...','2023-10-30 01:30:19','2023-10-30 01:30:19'),(317,1,'en','core/base/enums','system_updater_steps.messages.update_files','Updating system files...','2023-10-30 01:30:19','2023-10-30 01:30:19'),(318,1,'en','core/base/enums','system_updater_steps.messages.update_database','Updating databases...','2023-10-30 01:30:19','2023-10-30 01:30:19'),(319,1,'en','core/base/enums','system_updater_steps.messages.publish_core_assets','Publishing core assets...','2023-10-30 01:30:19','2023-10-30 01:30:19'),(320,1,'en','core/base/enums','system_updater_steps.messages.publish_packages_assets','Publishing packages assets...','2023-10-30 01:30:19','2023-10-30 01:30:19'),(321,1,'en','core/base/enums','system_updater_steps.messages.publish_plugins_assets','Publishing plugins assets...','2023-10-30 01:30:19','2023-10-30 01:30:19'),(322,1,'en','core/base/enums','system_updater_steps.messages.publish_themes_assets','Publishing themes assets...','2023-10-30 01:30:19','2023-10-30 01:30:19'),(323,1,'en','core/base/enums','system_updater_steps.messages.clean_up','Cleaning up system update files...','2023-10-30 01:30:19','2023-10-30 01:30:19'),(324,1,'en','core/base/enums','system_updater_steps.messages.done','Done! Your browser will be refreshed in 30 seconds.','2023-10-30 01:30:19','2023-10-30 01:30:19'),(325,1,'en','core/base/enums','system_updater_steps.failed_messages.download','Could not download update files','2023-10-30 01:30:19','2023-10-30 01:30:19'),(326,1,'en','core/base/enums','system_updater_steps.failed_messages.update_files','Could not update system files','2023-10-30 01:30:19','2023-10-30 01:30:19'),(327,1,'en','core/base/enums','system_updater_steps.failed_messages.update_database','Could not update databases','2023-10-30 01:30:19','2023-10-30 01:30:19'),(328,1,'en','core/base/enums','system_updater_steps.failed_messages.publish_core_assets','Could not publish core assets','2023-10-30 01:30:19','2023-10-30 01:30:19'),(329,1,'en','core/base/enums','system_updater_steps.failed_messages.publish_packages_assets','Could not publish packages assets','2023-10-30 01:30:19','2023-10-30 01:30:19'),(330,1,'en','core/base/enums','system_updater_steps.failed_messages.publish_plugins_assets','Could not publish plugins assets','2023-10-30 01:30:19','2023-10-30 01:30:19'),(331,1,'en','core/base/enums','system_updater_steps.failed_messages.publish_themes_assets','Could not publish themes assets','2023-10-30 01:30:19','2023-10-30 01:30:19'),(332,1,'en','core/base/enums','system_updater_steps.failed_messages.clean_up','Could not clean up system update files','2023-10-30 01:30:19','2023-10-30 01:30:19'),(333,1,'en','core/base/enums','system_updater_steps.success_messages.download','Downloaded update files successfully.','2023-10-30 01:30:19','2023-10-30 01:30:19'),(334,1,'en','core/base/enums','system_updater_steps.success_messages.update_files','Updated system files successfully.','2023-10-30 01:30:19','2023-10-30 01:30:19'),(335,1,'en','core/base/enums','system_updater_steps.success_messages.update_database','Updated databases successfully.','2023-10-30 01:30:19','2023-10-30 01:30:19'),(336,1,'en','core/base/enums','system_updater_steps.success_messages.publish_core_assets','Published core assets successfully.','2023-10-30 01:30:19','2023-10-30 01:30:19'),(337,1,'en','core/base/enums','system_updater_steps.success_messages.publish_packages_assets','Published packages assets successfully.','2023-10-30 01:30:19','2023-10-30 01:30:19'),(338,1,'en','core/base/enums','system_updater_steps.success_messages.publish_plugins_assets','Published plugins assets successfully.','2023-10-30 01:30:19','2023-10-30 01:30:19'),(339,1,'en','core/base/enums','system_updater_steps.success_messages.publish_themes_assets','Published themes assets successfully.','2023-10-30 01:30:19','2023-10-30 01:30:19'),(340,1,'en','core/base/enums','system_updater_steps.success_messages.clean_up','Cleaned up system update files successfully.','2023-10-30 01:30:19','2023-10-30 01:30:19'),(341,1,'en','core/base/errors','401_title','Permission Denied','2023-10-30 01:30:19','2023-10-30 01:30:19'),(342,1,'en','core/base/errors','401_msg','<li>You have not been granted access to the section by the administrator.</li>\n	                <li>You may have the wrong account type.</li>\n	                <li>You are not authorized to view the requested resource.</li>\n	                <li>Your subscription may have expired.</li>','2023-10-30 01:30:19','2023-10-30 01:30:19'),(343,1,'en','core/base/errors','404_title','Page could not be found','2023-10-30 01:30:19','2023-10-30 01:30:19'),(344,1,'en','core/base/errors','404_msg','<li>The page you requested does not exist.</li>\n	                <li>The link you clicked is no longer.</li>\n	                <li>The page may have moved to a new location.</li>\n	                <li>An error may have occurred.</li>\n	                <li>You are not authorized to view the requested resource.</li>','2023-10-30 01:30:19','2023-10-30 01:30:19'),(345,1,'en','core/base/errors','500_title','Page could not be loaded','2023-10-30 01:30:19','2023-10-30 01:30:19'),(346,1,'en','core/base/errors','500_msg','<li>The page you requested does not exist.</li>\n	                <li>The link you clicked is no longer.</li>\n	                <li>The page may have moved to a new location.</li>\n	                <li>An error may have occurred.</li>\n	                <li>You are not authorized to view the requested resource.</li>','2023-10-30 01:30:19','2023-10-30 01:30:19'),(347,1,'en','core/base/errors','reasons','This may have occurred because of several reasons','2023-10-30 01:30:19','2023-10-30 01:30:19'),(348,1,'en','core/base/errors','try_again','Please try again in a few minutes, or alternatively return to the homepage by <a href=\":link\">clicking here</a>.','2023-10-30 01:30:19','2023-10-30 01:30:19'),(349,1,'en','core/base/errors','not_found','Not Found','2023-10-30 01:30:19','2023-10-30 01:30:19'),(350,1,'en','core/base/errors','results_not_found','Results not found!','2023-10-30 01:30:19','2023-10-30 01:30:19'),(351,1,'en','core/base/forms','choose_image','Choose image','2023-10-30 01:30:19','2023-10-30 01:30:19'),(352,1,'en','core/base/forms','actions','Actions','2023-10-30 01:30:19','2023-10-30 01:30:19'),(353,1,'en','core/base/forms','save','Save & Exit','2023-10-30 01:30:19','2023-10-30 01:30:19'),(354,1,'en','core/base/forms','save_and_continue','Save','2023-10-30 01:30:19','2023-10-30 01:30:19'),(355,1,'en','core/base/forms','image','Image','2023-10-30 01:30:19','2023-10-30 01:30:19'),(356,1,'en','core/base/forms','image_placeholder','Insert path of image or click upload button','2023-10-30 01:30:19','2023-10-30 01:30:19'),(357,1,'en','core/base/forms','create','Create','2023-10-30 01:30:19','2023-10-30 01:30:19'),(358,1,'en','core/base/forms','edit','Edit','2023-10-30 01:30:19','2023-10-30 01:30:19'),(359,1,'en','core/base/forms','permalink','Permalink','2023-10-30 01:30:19','2023-10-30 01:30:19'),(360,1,'en','core/base/forms','ok','OK','2023-10-30 01:30:19','2023-10-30 01:30:19'),(361,1,'en','core/base/forms','cancel','Cancel','2023-10-30 01:30:19','2023-10-30 01:30:19'),(362,1,'en','core/base/forms','character_remain','character(s) remain','2023-10-30 01:30:19','2023-10-30 01:30:19'),(363,1,'en','core/base/forms','template','Template','2023-10-30 01:30:19','2023-10-30 01:30:19'),(364,1,'en','core/base/forms','choose_file','Choose file','2023-10-30 01:30:19','2023-10-30 01:30:19'),(365,1,'en','core/base/forms','file','File','2023-10-30 01:30:19','2023-10-30 01:30:19'),(366,1,'en','core/base/forms','content','Content','2023-10-30 01:30:19','2023-10-30 01:30:19'),(367,1,'en','core/base/forms','description','Description','2023-10-30 01:30:19','2023-10-30 01:30:19'),(368,1,'en','core/base/forms','name','Name','2023-10-30 01:30:19','2023-10-30 01:30:19'),(369,1,'en','core/base/forms','slug','Slug','2023-10-30 01:30:19','2023-10-30 01:30:19'),(370,1,'en','core/base/forms','title','Title','2023-10-30 01:30:19','2023-10-30 01:30:19'),(371,1,'en','core/base/forms','value','Value','2023-10-30 01:30:19','2023-10-30 01:30:19'),(372,1,'en','core/base/forms','name_placeholder','Name','2023-10-30 01:30:19','2023-10-30 01:30:19'),(373,1,'en','core/base/forms','alias_placeholder','Alias','2023-10-30 01:30:19','2023-10-30 01:30:19'),(374,1,'en','core/base/forms','description_placeholder','Short description','2023-10-30 01:30:19','2023-10-30 01:30:19'),(375,1,'en','core/base/forms','parent','Parent','2023-10-30 01:30:19','2023-10-30 01:30:19'),(376,1,'en','core/base/forms','icon','Icon','2023-10-30 01:30:19','2023-10-30 01:30:19'),(377,1,'en','core/base/forms','icon_placeholder','Ex: fa fa-home','2023-10-30 01:30:19','2023-10-30 01:30:19'),(378,1,'en','core/base/forms','order_by','Order by','2023-10-30 01:30:19','2023-10-30 01:30:19'),(379,1,'en','core/base/forms','order_by_placeholder','Order by','2023-10-30 01:30:19','2023-10-30 01:30:19'),(380,1,'en','core/base/forms','is_featured','Is featured?','2023-10-30 01:30:19','2023-10-30 01:30:19'),(381,1,'en','core/base/forms','is_default','Is default?','2023-10-30 01:30:19','2023-10-30 01:30:19'),(382,1,'en','core/base/forms','update','Update','2023-10-30 01:30:19','2023-10-30 01:30:19'),(383,1,'en','core/base/forms','publish','Publish','2023-10-30 01:30:19','2023-10-30 01:30:19'),(384,1,'en','core/base/forms','remove_image','Remove image','2023-10-30 01:30:19','2023-10-30 01:30:19'),(385,1,'en','core/base/forms','remove_file','Remove file','2023-10-30 01:30:19','2023-10-30 01:30:19'),(386,1,'en','core/base/forms','order','Order','2023-10-30 01:30:19','2023-10-30 01:30:19'),(387,1,'en','core/base/forms','alias','Alias','2023-10-30 01:30:19','2023-10-30 01:30:19'),(388,1,'en','core/base/forms','basic_information','Basic information','2023-10-30 01:30:19','2023-10-30 01:30:19'),(389,1,'en','core/base/forms','short_code','Shortcode','2023-10-30 01:30:19','2023-10-30 01:30:19'),(390,1,'en','core/base/forms','add_short_code','Add a shortcode','2023-10-30 01:30:19','2023-10-30 01:30:19'),(391,1,'en','core/base/forms','add','Add','2023-10-30 01:30:19','2023-10-30 01:30:19'),(392,1,'en','core/base/forms','link','Link','2023-10-30 01:30:19','2023-10-30 01:30:19'),(393,1,'en','core/base/forms','show_hide_editor','Show/Hide Editor','2023-10-30 01:30:19','2023-10-30 01:30:19'),(394,1,'en','core/base/forms','basic_info_title','Basic information','2023-10-30 01:30:19','2023-10-30 01:30:19'),(395,1,'en','core/base/forms','expand_all','Expand all','2023-10-30 01:30:19','2023-10-30 01:30:19'),(396,1,'en','core/base/forms','collapse_all','Collapse all','2023-10-30 01:30:19','2023-10-30 01:30:19'),(397,1,'en','core/base/forms','view_new_tab','Open in new tab','2023-10-30 01:30:19','2023-10-30 01:30:19'),(398,1,'en','core/base/forms','view_preview_image','View preview image','2023-10-30 01:30:19','2023-10-30 01:30:19'),(399,1,'en','core/base/forms','edit_item','Edit \":name\"','2023-10-30 01:30:19','2023-10-30 01:30:19'),(400,1,'en','core/base/layouts','platform_admin','Platform Administration','2023-10-30 01:30:19','2023-10-30 01:30:19'),(401,1,'en','core/base/layouts','dashboard','Dashboard','2023-10-30 01:30:19','2023-10-30 01:30:19'),(402,1,'en','core/base/layouts','widgets','Widgets','2023-10-30 01:30:19','2023-10-30 01:30:19'),(403,1,'en','core/base/layouts','plugins','Plugins','2023-10-30 01:30:19','2023-10-30 01:30:19'),(404,1,'en','core/base/layouts','settings','Settings','2023-10-30 01:30:19','2023-10-30 01:30:19'),(405,1,'en','core/base/layouts','setting_general','General','2023-10-30 01:30:19','2023-10-30 01:30:19'),(406,1,'en','core/base/layouts','setting_email','Email','2023-10-30 01:30:19','2023-10-30 01:30:19'),(407,1,'en','core/base/layouts','system_information','System information','2023-10-30 01:30:19','2023-10-30 01:30:19'),(408,1,'en','core/base/layouts','theme','Theme','2023-10-30 01:30:19','2023-10-30 01:30:19'),(409,1,'en','core/base/layouts','copyright','Copyright :year &copy; :company. Version: <span>:version</span>','2023-10-30 01:30:19','2023-10-30 01:30:19'),(410,1,'en','core/base/layouts','profile','Profile','2023-10-30 01:30:19','2023-10-30 01:30:19'),(411,1,'en','core/base/layouts','logout','Logout','2023-10-30 01:30:19','2023-10-30 01:30:19'),(412,1,'en','core/base/layouts','no_search_result','No results found, please try with different keywords.','2023-10-30 01:30:19','2023-10-30 01:30:19'),(413,1,'en','core/base/layouts','home','Home','2023-10-30 01:30:19','2023-10-30 01:30:19'),(414,1,'en','core/base/layouts','search','Search','2023-10-30 01:30:19','2023-10-30 01:30:19'),(415,1,'en','core/base/layouts','add_new','Add new','2023-10-30 01:30:19','2023-10-30 01:30:19'),(416,1,'en','core/base/layouts','n_a','N/A','2023-10-30 01:30:19','2023-10-30 01:30:19'),(417,1,'en','core/base/layouts','page_loaded_time','Page loaded in','2023-10-30 01:30:19','2023-10-30 01:30:19'),(418,1,'en','core/base/layouts','view_website','View website','2023-10-30 01:30:19','2023-10-30 01:30:19'),(419,1,'en','core/base/notices','create_success_message','Created successfully','2023-10-30 01:30:19','2023-10-30 01:30:19'),(420,1,'en','core/base/notices','update_success_message','Updated successfully','2023-10-30 01:30:19','2023-10-30 01:30:19'),(421,1,'en','core/base/notices','delete_success_message','Deleted successfully','2023-10-30 01:30:19','2023-10-30 01:30:19'),(422,1,'en','core/base/notices','success_header','Success!','2023-10-30 01:30:19','2023-10-30 01:30:19'),(423,1,'en','core/base/notices','error_header','Error!','2023-10-30 01:30:19','2023-10-30 01:30:19'),(424,1,'en','core/base/notices','no_select','Please select at least one record to perform this action!','2023-10-30 01:30:19','2023-10-30 01:30:19'),(425,1,'en','core/base/notices','processing_request','We are processing your request.','2023-10-30 01:30:19','2023-10-30 01:30:19'),(426,1,'en','core/base/notices','error','Error!','2023-10-30 01:30:19','2023-10-30 01:30:19'),(427,1,'en','core/base/notices','success','Success!','2023-10-30 01:30:19','2023-10-30 01:30:19'),(428,1,'en','core/base/notices','info','Info!','2023-10-30 01:30:19','2023-10-30 01:30:19'),(429,1,'en','core/base/notices','enum.validate_message','The :attribute value you have entered is invalid.','2023-10-30 01:30:19','2023-10-30 01:30:19'),(430,1,'en','core/base/notifications','notifications','Notifications','2023-10-30 01:30:19','2023-10-30 01:30:19'),(431,1,'en','core/base/notifications','mark_as_read','Mark as read','2023-10-30 01:30:19','2023-10-30 01:30:19'),(432,1,'en','core/base/notifications','clear','Clear','2023-10-30 01:30:19','2023-10-30 01:30:19'),(433,1,'en','core/base/notifications','no_notification_here','No notifications here','2023-10-30 01:30:19','2023-10-30 01:30:19'),(434,1,'en','core/base/notifications','please_check_again_later','Please check again later','2023-10-30 01:30:19','2023-10-30 01:30:19'),(435,1,'en','core/base/notifications','view_more','View more...','2023-10-30 01:30:19','2023-10-30 01:30:19'),(436,1,'en','core/base/notifications','view','View','2023-10-30 01:30:19','2023-10-30 01:30:19'),(437,1,'en','core/base/notifications','show_more','Show more','2023-10-30 01:30:19','2023-10-30 01:30:19'),(438,1,'en','core/base/notifications','show_less','Show less','2023-10-30 01:30:19','2023-10-30 01:30:19'),(439,1,'en','core/base/system','no_select','Please select at least one record to take this action!','2023-10-30 01:30:19','2023-10-30 01:30:19'),(440,1,'en','core/base/system','cannot_find_user','Unable to find specified user','2023-10-30 01:30:19','2023-10-30 01:30:19'),(441,1,'en','core/base/system','supper_revoked','Super user access revoked','2023-10-30 01:30:19','2023-10-30 01:30:19'),(442,1,'en','core/base/system','cannot_revoke_yourself','Can not revoke supper user access permission yourself!','2023-10-30 01:30:19','2023-10-30 01:30:19'),(443,1,'en','core/base/system','cant_remove_supper','You don\'t has permission to remove this super user','2023-10-30 01:30:19','2023-10-30 01:30:19'),(444,1,'en','core/base/system','cant_find_user_with_email','Unable to find user with specified email address','2023-10-30 01:30:19','2023-10-30 01:30:19'),(445,1,'en','core/base/system','supper_granted','Super user access granted','2023-10-30 01:30:19','2023-10-30 01:30:19'),(446,1,'en','core/base/system','delete_log_success','Delete log file successfully!','2023-10-30 01:30:19','2023-10-30 01:30:19'),(447,1,'en','core/base/system','get_member_success','Member list retrieved successfully','2023-10-30 01:30:19','2023-10-30 01:30:19'),(448,1,'en','core/base/system','error_occur','The following errors occurred','2023-10-30 01:30:19','2023-10-30 01:30:19'),(449,1,'en','core/base/system','user_management','User Management','2023-10-30 01:30:19','2023-10-30 01:30:19'),(450,1,'en','core/base/system','user_management_description','Manage users.','2023-10-30 01:30:19','2023-10-30 01:30:19'),(451,1,'en','core/base/system','role_and_permission','Roles and Permissions','2023-10-30 01:30:19','2023-10-30 01:30:19'),(452,1,'en','core/base/system','role_and_permission_description','Manage the available roles.','2023-10-30 01:30:19','2023-10-30 01:30:19'),(453,1,'en','core/base/system','user.list_super','List Super Users','2023-10-30 01:30:19','2023-10-30 01:30:19'),(454,1,'en','core/base/system','user.email','Email','2023-10-30 01:30:19','2023-10-30 01:30:19'),(455,1,'en','core/base/system','user.last_login','Last Login','2023-10-30 01:30:19','2023-10-30 01:30:19'),(456,1,'en','core/base/system','user.username','Username','2023-10-30 01:30:19','2023-10-30 01:30:19'),(457,1,'en','core/base/system','user.add_user','Add Super User','2023-10-30 01:30:19','2023-10-30 01:30:19'),(458,1,'en','core/base/system','user.cancel','Cancel','2023-10-30 01:30:20','2023-10-30 01:30:20'),(459,1,'en','core/base/system','user.create','Create','2023-10-30 01:30:20','2023-10-30 01:30:20'),(460,1,'en','core/base/system','options.features','Feature Access Control','2023-10-30 01:30:20','2023-10-30 01:30:20'),(461,1,'en','core/base/system','options.feature_description','Manage the available.','2023-10-30 01:30:20','2023-10-30 01:30:20'),(462,1,'en','core/base/system','options.manage_super','Super User Management','2023-10-30 01:30:20','2023-10-30 01:30:20'),(463,1,'en','core/base/system','options.manage_super_description','Add/remove super users.','2023-10-30 01:30:20','2023-10-30 01:30:20'),(464,1,'en','core/base/system','options.info','System information','2023-10-30 01:30:20','2023-10-30 01:30:20'),(465,1,'en','core/base/system','options.info_description','All information about current system configuration.','2023-10-30 01:30:20','2023-10-30 01:30:20'),(466,1,'en','core/base/system','info.title','System information','2023-10-30 01:30:20','2023-10-30 01:30:20'),(467,1,'en','core/base/system','info.cache','Cache','2023-10-30 01:30:20','2023-10-30 01:30:20'),(468,1,'en','core/base/system','info.locale','Active locale','2023-10-30 01:30:20','2023-10-30 01:30:20'),(469,1,'en','core/base/system','info.environment','Environment','2023-10-30 01:30:20','2023-10-30 01:30:20'),(470,1,'en','core/base/system','disabled_in_demo_mode','You cannot do it in demo mode!','2023-10-30 01:30:20','2023-10-30 01:30:20'),(471,1,'en','core/base/system','report_description','Please share this information for troubleshooting','2023-10-30 01:30:20','2023-10-30 01:30:20'),(472,1,'en','core/base/system','get_system_report','Get System Report','2023-10-30 01:30:20','2023-10-30 01:30:20'),(473,1,'en','core/base/system','system_environment','System Environment','2023-10-30 01:30:20','2023-10-30 01:30:20'),(474,1,'en','core/base/system','framework_version','Framework Version','2023-10-30 01:30:20','2023-10-30 01:30:20'),(475,1,'en','core/base/system','timezone','Timezone','2023-10-30 01:30:20','2023-10-30 01:30:20'),(476,1,'en','core/base/system','debug_mode','Debug Mode','2023-10-30 01:30:20','2023-10-30 01:30:20'),(477,1,'en','core/base/system','debug_mode_off','Debug Mode Off','2023-10-30 01:30:20','2023-10-30 01:30:20'),(478,1,'en','core/base/system','storage_dir_writable','Storage Dir Writable','2023-10-30 01:30:20','2023-10-30 01:30:20'),(479,1,'en','core/base/system','cache_dir_writable','Cache Dir Writable','2023-10-30 01:30:20','2023-10-30 01:30:20'),(480,1,'en','core/base/system','app_size','App Size','2023-10-30 01:30:20','2023-10-30 01:30:20'),(481,1,'en','core/base/system','server_environment','Server Environment','2023-10-30 01:30:20','2023-10-30 01:30:20'),(482,1,'en','core/base/system','php_version','PHP Version','2023-10-30 01:30:20','2023-10-30 01:30:20'),(483,1,'en','core/base/system','php_version_error','PHP must be >= :version','2023-10-30 01:30:20','2023-10-30 01:30:20'),(484,1,'en','core/base/system','server_software','Server Software','2023-10-30 01:30:20','2023-10-30 01:30:20'),(485,1,'en','core/base/system','server_os','Server OS','2023-10-30 01:30:20','2023-10-30 01:30:20'),(486,1,'en','core/base/system','database','Database','2023-10-30 01:30:20','2023-10-30 01:30:20'),(487,1,'en','core/base/system','ssl_installed','SSL Installed','2023-10-30 01:30:20','2023-10-30 01:30:20'),(488,1,'en','core/base/system','cache_driver','Cache Driver','2023-10-30 01:30:20','2023-10-30 01:30:20'),(489,1,'en','core/base/system','session_driver','Session Driver','2023-10-30 01:30:20','2023-10-30 01:30:20'),(490,1,'en','core/base/system','queue_connection','Queue Connection','2023-10-30 01:30:20','2023-10-30 01:30:20'),(491,1,'en','core/base/system','mbstring_ext','Mbstring Ext','2023-10-30 01:30:20','2023-10-30 01:30:20'),(492,1,'en','core/base/system','openssl_ext','OpenSSL Ext','2023-10-30 01:30:20','2023-10-30 01:30:20'),(493,1,'en','core/base/system','pdo_ext','PDO Ext','2023-10-30 01:30:20','2023-10-30 01:30:20'),(494,1,'en','core/base/system','curl_ext','CURL Ext','2023-10-30 01:30:20','2023-10-30 01:30:20'),(495,1,'en','core/base/system','exif_ext','Exif Ext','2023-10-30 01:30:20','2023-10-30 01:30:20'),(496,1,'en','core/base/system','file_info_ext','File info Ext','2023-10-30 01:30:20','2023-10-30 01:30:20'),(497,1,'en','core/base/system','tokenizer_ext','Tokenizer Ext','2023-10-30 01:30:20','2023-10-30 01:30:20'),(498,1,'en','core/base/system','extra_stats','Extra Stats','2023-10-30 01:30:20','2023-10-30 01:30:20'),(499,1,'en','core/base/system','installed_packages','Installed packages and their version numbers','2023-10-30 01:30:20','2023-10-30 01:30:20'),(500,1,'en','core/base/system','extra_information','Extra Information','2023-10-30 01:30:20','2023-10-30 01:30:20'),(501,1,'en','core/base/system','copy_report','Copy Report','2023-10-30 01:30:20','2023-10-30 01:30:20'),(502,1,'en','core/base/system','package_name','Package Name','2023-10-30 01:30:20','2023-10-30 01:30:20'),(503,1,'en','core/base/system','dependency_name','Dependency Name','2023-10-30 01:30:20','2023-10-30 01:30:20'),(504,1,'en','core/base/system','version','Version','2023-10-30 01:30:20','2023-10-30 01:30:20'),(505,1,'en','core/base/system','cms_version','CMS Version','2023-10-30 01:30:20','2023-10-30 01:30:20'),(506,1,'en','core/base/system','imagick_or_gd_ext','Imagick/GD Ext','2023-10-30 01:30:20','2023-10-30 01:30:20'),(507,1,'en','core/base/system','updater','System Updater','2023-10-30 01:30:20','2023-10-30 01:30:20'),(508,1,'en','core/base/system','zip','Zip Ext','2023-10-30 01:30:20','2023-10-30 01:30:20'),(509,1,'en','core/base/system','iconv','Iconv Ext','2023-10-30 01:30:20','2023-10-30 01:30:20'),(510,1,'en','core/base/system','memory_limit','Memory limit','2023-10-30 01:30:20','2023-10-30 01:30:20'),(511,1,'en','core/base/system','max_execution_time','Max execution time (s)','2023-10-30 01:30:20','2023-10-30 01:30:20'),(512,1,'en','core/base/system','allow_url_fopen_enabled','allow_url_fopen enabled','2023-10-30 01:30:20','2023-10-30 01:30:20'),(513,1,'en','core/base/system','cleanup.title','Cleanup System','2023-10-30 01:30:20','2023-10-30 01:30:20'),(514,1,'en','core/base/system','cleanup.table.name','Table Name','2023-10-30 01:30:20','2023-10-30 01:30:20'),(515,1,'en','core/base/system','cleanup.table.count','Records','2023-10-30 01:30:20','2023-10-30 01:30:20'),(516,1,'en','core/base/system','cleanup.backup_alert','Please backup your database and script files before cleanup, it will clear your data in database.','2023-10-30 01:30:20','2023-10-30 01:30:20'),(517,1,'en','core/base/system','cleanup.messenger_choose_without_table','Please choose to ignore tables that do not want to be cleaned','2023-10-30 01:30:20','2023-10-30 01:30:20'),(518,1,'en','core/base/system','cleanup.messenger_confirm_cleanup','Are you sure you want to database cleanup action, it will clear your data in database?','2023-10-30 01:30:20','2023-10-30 01:30:20'),(519,1,'en','core/base/system','cleanup.submit_button','Cleanup','2023-10-30 01:30:20','2023-10-30 01:30:20'),(520,1,'en','core/base/system','cleanup.success_message','Cleaned data successfully','2023-10-30 01:30:20','2023-10-30 01:30:20'),(521,1,'en','core/base/system','cleanup.not_enabled_yet','This featured is not enabled yet. <br />Please add into .env: <code>CMS_ENABLED_CLEANUP_DATABASE=true</code> to enable this feature!','2023-10-30 01:30:20','2023-10-30 01:30:20'),(522,1,'en','core/base/tables','id','ID','2023-10-30 01:30:20','2023-10-30 01:30:20'),(523,1,'en','core/base/tables','name','Name','2023-10-30 01:30:20','2023-10-30 01:30:20'),(524,1,'en','core/base/tables','slug','Slug','2023-10-30 01:30:20','2023-10-30 01:30:20'),(525,1,'en','core/base/tables','title','Title','2023-10-30 01:30:20','2023-10-30 01:30:20'),(526,1,'en','core/base/tables','order_by','Order By','2023-10-30 01:30:20','2023-10-30 01:30:20'),(527,1,'en','core/base/tables','order','Order','2023-10-30 01:30:20','2023-10-30 01:30:20'),(528,1,'en','core/base/tables','status','Status','2023-10-30 01:30:20','2023-10-30 01:30:20'),(529,1,'en','core/base/tables','created_at','Created At','2023-10-30 01:30:20','2023-10-30 01:30:20'),(530,1,'en','core/base/tables','updated_at','Updated At','2023-10-30 01:30:20','2023-10-30 01:30:20'),(531,1,'en','core/base/tables','description','Description','2023-10-30 01:30:20','2023-10-30 01:30:20'),(532,1,'en','core/base/tables','operations','Operations','2023-10-30 01:30:20','2023-10-30 01:30:20'),(533,1,'en','core/base/tables','url','URL','2023-10-30 01:30:20','2023-10-30 01:30:20'),(534,1,'en','core/base/tables','author','Author','2023-10-30 01:30:20','2023-10-30 01:30:20'),(535,1,'en','core/base/tables','notes','Notes','2023-10-30 01:30:20','2023-10-30 01:30:20'),(536,1,'en','core/base/tables','column','Column','2023-10-30 01:30:20','2023-10-30 01:30:20'),(537,1,'en','core/base/tables','origin','Origin','2023-10-30 01:30:20','2023-10-30 01:30:20'),(538,1,'en','core/base/tables','after_change','After changes','2023-10-30 01:30:20','2023-10-30 01:30:20'),(539,1,'en','core/base/tables','views','Views','2023-10-30 01:30:20','2023-10-30 01:30:20'),(540,1,'en','core/base/tables','browser','Browser','2023-10-30 01:30:20','2023-10-30 01:30:20'),(541,1,'en','core/base/tables','session','Session','2023-10-30 01:30:20','2023-10-30 01:30:20'),(542,1,'en','core/base/tables','activated','activated','2023-10-30 01:30:20','2023-10-30 01:30:20'),(543,1,'en','core/base/tables','deactivated','deactivated','2023-10-30 01:30:20','2023-10-30 01:30:20'),(544,1,'en','core/base/tables','is_featured','Is featured','2023-10-30 01:30:20','2023-10-30 01:30:20'),(545,1,'en','core/base/tables','edit','Edit','2023-10-30 01:30:20','2023-10-30 01:30:20'),(546,1,'en','core/base/tables','delete','Delete','2023-10-30 01:30:20','2023-10-30 01:30:20'),(547,1,'en','core/base/tables','restore','Restore','2023-10-30 01:30:20','2023-10-30 01:30:20'),(548,1,'en','core/base/tables','activate','Activate','2023-10-30 01:30:20','2023-10-30 01:30:20'),(549,1,'en','core/base/tables','deactivate','Deactivate','2023-10-30 01:30:20','2023-10-30 01:30:20'),(550,1,'en','core/base/tables','excel','Excel','2023-10-30 01:30:20','2023-10-30 01:30:20'),(551,1,'en','core/base/tables','export','Export','2023-10-30 01:30:20','2023-10-30 01:30:20'),(552,1,'en','core/base/tables','csv','CSV','2023-10-30 01:30:20','2023-10-30 01:30:20'),(553,1,'en','core/base/tables','pdf','PDF','2023-10-30 01:30:20','2023-10-30 01:30:20'),(554,1,'en','core/base/tables','print','Print','2023-10-30 01:30:20','2023-10-30 01:30:20'),(555,1,'en','core/base/tables','reset','Reset','2023-10-30 01:30:20','2023-10-30 01:30:20'),(556,1,'en','core/base/tables','reload','Reload','2023-10-30 01:30:20','2023-10-30 01:30:20'),(557,1,'en','core/base/tables','display','Display','2023-10-30 01:30:20','2023-10-30 01:30:20'),(558,1,'en','core/base/tables','all','All','2023-10-30 01:30:20','2023-10-30 01:30:20'),(559,1,'en','core/base/tables','add_new','Add New','2023-10-30 01:30:20','2023-10-30 01:30:20'),(560,1,'en','core/base/tables','action','Actions','2023-10-30 01:30:20','2023-10-30 01:30:20'),(561,1,'en','core/base/tables','delete_entry','Delete','2023-10-30 01:30:20','2023-10-30 01:30:20'),(562,1,'en','core/base/tables','view','View Detail','2023-10-30 01:30:20','2023-10-30 01:30:20'),(563,1,'en','core/base/tables','save','Save','2023-10-30 01:30:20','2023-10-30 01:30:20'),(564,1,'en','core/base/tables','show_from','Show from','2023-10-30 01:30:20','2023-10-30 01:30:20'),(565,1,'en','core/base/tables','to','to','2023-10-30 01:30:20','2023-10-30 01:30:20'),(566,1,'en','core/base/tables','in','in','2023-10-30 01:30:20','2023-10-30 01:30:20'),(567,1,'en','core/base/tables','records','records','2023-10-30 01:30:20','2023-10-30 01:30:20'),(568,1,'en','core/base/tables','no_data','No data to display','2023-10-30 01:30:20','2023-10-30 01:30:20'),(569,1,'en','core/base/tables','no_record','No record','2023-10-30 01:30:20','2023-10-30 01:30:20'),(570,1,'en','core/base/tables','confirm_delete','Confirm delete','2023-10-30 01:30:20','2023-10-30 01:30:20'),(571,1,'en','core/base/tables','confirm_delete_msg','Do you really want to delete this record?','2023-10-30 01:30:20','2023-10-30 01:30:20'),(572,1,'en','core/base/tables','confirm_delete_many_msg','Do you really want to delete selected record(s)?','2023-10-30 01:30:20','2023-10-30 01:30:20'),(573,1,'en','core/base/tables','cancel','Cancel','2023-10-30 01:30:20','2023-10-30 01:30:20'),(574,1,'en','core/base/tables','template','Template','2023-10-30 01:30:20','2023-10-30 01:30:20'),(575,1,'en','core/base/tables','email','Email','2023-10-30 01:30:20','2023-10-30 01:30:20'),(576,1,'en','core/base/tables','last_login','Last login','2023-10-30 01:30:20','2023-10-30 01:30:20'),(577,1,'en','core/base/tables','shortcode','Shortcode','2023-10-30 01:30:20','2023-10-30 01:30:20'),(578,1,'en','core/base/tables','image','Image','2023-10-30 01:30:20','2023-10-30 01:30:20'),(579,1,'en','core/base/tables','bulk_changes','Bulk changes','2023-10-30 01:30:20','2023-10-30 01:30:20'),(580,1,'en','core/base/tables','submit','Submit','2023-10-30 01:30:20','2023-10-30 01:30:20'),(581,1,'en','core/base/tables','please_select_record','Please select at least one record to perform this action!','2023-10-30 01:30:20','2023-10-30 01:30:20'),(582,1,'en','core/base/tables','checkbox','Checkbox','2023-10-30 01:30:20','2023-10-30 01:30:20'),(583,1,'en','core/base/tabs','detail','Detail','2023-10-30 01:30:20','2023-10-30 01:30:20'),(584,1,'en','core/base/tabs','file','Files','2023-10-30 01:30:20','2023-10-30 01:30:20'),(585,1,'en','core/base/tabs','record_note','Record Note','2023-10-30 01:30:20','2023-10-30 01:30:20'),(586,1,'en','core/base/tabs','revision','Revision History','2023-10-30 01:30:20','2023-10-30 01:30:20'),(587,1,'en','core/dashboard/dashboard','update_position_success','Update widget position successfully!','2023-10-30 01:30:20','2023-10-30 01:30:20'),(588,1,'en','core/dashboard/dashboard','hide_success','Update widget successfully!','2023-10-30 01:30:20','2023-10-30 01:30:20'),(589,1,'en','core/dashboard/dashboard','confirm_hide','Are you sure?','2023-10-30 01:30:20','2023-10-30 01:30:20'),(590,1,'en','core/dashboard/dashboard','hide_message','Do you really want to hide this widget? It will be disappear on Dashboard!','2023-10-30 01:30:20','2023-10-30 01:30:20'),(591,1,'en','core/dashboard/dashboard','confirm_hide_btn','Yes, hide this widget','2023-10-30 01:30:20','2023-10-30 01:30:20'),(592,1,'en','core/dashboard/dashboard','cancel_hide_btn','Cancel','2023-10-30 01:30:20','2023-10-30 01:30:20'),(593,1,'en','core/dashboard/dashboard','collapse_expand','Collapse/Expand','2023-10-30 01:30:20','2023-10-30 01:30:20'),(594,1,'en','core/dashboard/dashboard','hide','Hide','2023-10-30 01:30:20','2023-10-30 01:30:20'),(595,1,'en','core/dashboard/dashboard','reload','Reload','2023-10-30 01:30:20','2023-10-30 01:30:20'),(596,1,'en','core/dashboard/dashboard','save_setting_success','Save widget settings successfully!','2023-10-30 01:30:20','2023-10-30 01:30:20'),(597,1,'en','core/dashboard/dashboard','widget_not_exists','Widget is not exits!','2023-10-30 01:30:20','2023-10-30 01:30:20'),(598,1,'en','core/dashboard/dashboard','manage_widgets','Manage Widgets','2023-10-30 01:30:20','2023-10-30 01:30:20'),(599,1,'en','core/dashboard/dashboard','fullscreen','Full screen','2023-10-30 01:30:20','2023-10-30 01:30:20'),(600,1,'en','core/dashboard/dashboard','title','Dashboard','2023-10-30 01:30:20','2023-10-30 01:30:20'),(601,1,'en','core/dashboard/dashboard','predefined_ranges.today','Today','2023-10-30 01:30:20','2023-10-30 01:30:20'),(602,1,'en','core/dashboard/dashboard','predefined_ranges.yesterday','Yesterday','2023-10-30 01:30:20','2023-10-30 01:30:20'),(603,1,'en','core/dashboard/dashboard','predefined_ranges.this_week','This Week','2023-10-30 01:30:20','2023-10-30 01:30:20'),(604,1,'en','core/dashboard/dashboard','predefined_ranges.last_7_days','Last 7 Days','2023-10-30 01:30:20','2023-10-30 01:30:20'),(605,1,'en','core/dashboard/dashboard','predefined_ranges.this_month','This Month','2023-10-30 01:30:20','2023-10-30 01:30:20'),(606,1,'en','core/dashboard/dashboard','predefined_ranges.last_30_days','Last 30 Days','2023-10-30 01:30:20','2023-10-30 01:30:20'),(607,1,'en','core/dashboard/dashboard','predefined_ranges.this_year','This Year','2023-10-30 01:30:20','2023-10-30 01:30:20'),(608,1,'en','core/media/media','filter','Filter','2023-10-30 01:30:20','2023-10-30 01:30:20'),(609,1,'en','core/media/media','everything','Everything','2023-10-30 01:30:20','2023-10-30 01:30:20'),(610,1,'en','core/media/media','image','Image','2023-10-30 01:30:20','2023-10-30 01:30:20'),(611,1,'en','core/media/media','video','Video','2023-10-30 01:30:20','2023-10-30 01:30:20'),(612,1,'en','core/media/media','document','Document','2023-10-30 01:30:20','2023-10-30 01:30:20'),(613,1,'en','core/media/media','view_in','View in','2023-10-30 01:30:20','2023-10-30 01:30:20'),(614,1,'en','core/media/media','all_media','All media','2023-10-30 01:30:20','2023-10-30 01:30:20'),(615,1,'en','core/media/media','trash','Trash','2023-10-30 01:30:20','2023-10-30 01:30:20'),(616,1,'en','core/media/media','recent','Recent','2023-10-30 01:30:20','2023-10-30 01:30:20'),(617,1,'en','core/media/media','favorites','Favorites','2023-10-30 01:30:20','2023-10-30 01:30:20'),(618,1,'en','core/media/media','upload','Upload','2023-10-30 01:30:20','2023-10-30 01:30:20'),(619,1,'en','core/media/media','create_folder','Create folder','2023-10-30 01:30:20','2023-10-30 01:30:20'),(620,1,'en','core/media/media','refresh','Refresh','2023-10-30 01:30:20','2023-10-30 01:30:20'),(621,1,'en','core/media/media','empty_trash','Empty trash','2023-10-30 01:30:20','2023-10-30 01:30:20'),(622,1,'en','core/media/media','search_file_and_folder','Search in current folder','2023-10-30 01:30:20','2023-10-30 01:30:20'),(623,1,'en','core/media/media','sort','Sort','2023-10-30 01:30:20','2023-10-30 01:30:20'),(624,1,'en','core/media/media','file_name_asc','File name - ASC','2023-10-30 01:30:20','2023-10-30 01:30:20'),(625,1,'en','core/media/media','file_name_desc','File name - DESC','2023-10-30 01:30:20','2023-10-30 01:30:20'),(626,1,'en','core/media/media','uploaded_date_asc','Uploaded date - ASC','2023-10-30 01:30:20','2023-10-30 01:30:20'),(627,1,'en','core/media/media','uploaded_date_desc','Uploaded date - DESC','2023-10-30 01:30:20','2023-10-30 01:30:20'),(628,1,'en','core/media/media','size_asc','Size - ASC','2023-10-30 01:30:20','2023-10-30 01:30:20'),(629,1,'en','core/media/media','size_desc','Size - DESC','2023-10-30 01:30:20','2023-10-30 01:30:20'),(630,1,'en','core/media/media','actions','Actions','2023-10-30 01:30:20','2023-10-30 01:30:20'),(631,1,'en','core/media/media','nothing_is_selected','Nothing is selected','2023-10-30 01:30:20','2023-10-30 01:30:20'),(632,1,'en','core/media/media','insert','Insert','2023-10-30 01:30:20','2023-10-30 01:30:20'),(633,1,'en','core/media/media','folder_name','Folder name','2023-10-30 01:30:20','2023-10-30 01:30:20'),(634,1,'en','core/media/media','create','Create','2023-10-30 01:30:20','2023-10-30 01:30:20'),(635,1,'en','core/media/media','rename','Rename','2023-10-30 01:30:20','2023-10-30 01:30:20'),(636,1,'en','core/media/media','crop','Crop','2023-10-30 01:30:20','2023-10-30 01:30:20'),(637,1,'en','core/media/media','close','Close','2023-10-30 01:30:20','2023-10-30 01:30:20'),(638,1,'en','core/media/media','save_changes','Save changes','2023-10-30 01:30:20','2023-10-30 01:30:20'),(639,1,'en','core/media/media','move_to_trash','Move items to trash','2023-10-30 01:30:20','2023-10-30 01:30:20'),(640,1,'en','core/media/media','confirm_trash','Are you sure you want to move these items to trash?','2023-10-30 01:30:21','2023-10-30 01:30:21'),(641,1,'en','core/media/media','confirm','Confirm','2023-10-30 01:30:21','2023-10-30 01:30:21'),(642,1,'en','core/media/media','confirm_delete','Delete item(s)','2023-10-30 01:30:21','2023-10-30 01:30:21'),(643,1,'en','core/media/media','confirm_delete_description','Your request cannot rollback. Are you sure you wanna delete these items?','2023-10-30 01:30:21','2023-10-30 01:30:21'),(644,1,'en','core/media/media','empty_trash_title','Empty trash','2023-10-30 01:30:21','2023-10-30 01:30:21'),(645,1,'en','core/media/media','empty_trash_description','Your request cannot rollback. Are you sure you wanna remove all items in trash?','2023-10-30 01:30:21','2023-10-30 01:30:21'),(646,1,'en','core/media/media','up_level','Up one level','2023-10-30 01:30:21','2023-10-30 01:30:21'),(647,1,'en','core/media/media','upload_progress','Upload progress','2023-10-30 01:30:21','2023-10-30 01:30:21'),(648,1,'en','core/media/media','alt_text','Alt text','2023-10-30 01:30:21','2023-10-30 01:30:21'),(649,1,'en','core/media/media','folder_created','Folder is created successfully!','2023-10-30 01:30:21','2023-10-30 01:30:21'),(650,1,'en','core/media/media','gallery','Media gallery','2023-10-30 01:30:21','2023-10-30 01:30:21'),(651,1,'en','core/media/media','trash_error','Error when delete selected item(s)','2023-10-30 01:30:21','2023-10-30 01:30:21'),(652,1,'en','core/media/media','trash_success','Moved selected item(s) to trash successfully!','2023-10-30 01:30:21','2023-10-30 01:30:21'),(653,1,'en','core/media/media','restore_error','Error when restore selected item(s)','2023-10-30 01:30:21','2023-10-30 01:30:21'),(654,1,'en','core/media/media','restore_success','Restore selected item(s) successfully!','2023-10-30 01:30:21','2023-10-30 01:30:21'),(655,1,'en','core/media/media','copy_success','Copied selected item(s) successfully!','2023-10-30 01:30:21','2023-10-30 01:30:21'),(656,1,'en','core/media/media','delete_success','Deleted selected item(s) successfully!','2023-10-30 01:30:21','2023-10-30 01:30:21'),(657,1,'en','core/media/media','favorite_success','Favorite selected item(s) successfully!','2023-10-30 01:30:21','2023-10-30 01:30:21'),(658,1,'en','core/media/media','remove_favorite_success','Remove selected item(s) from favorites successfully!','2023-10-30 01:30:21','2023-10-30 01:30:21'),(659,1,'en','core/media/media','rename_error','Error when rename item(s)','2023-10-30 01:30:21','2023-10-30 01:30:21'),(660,1,'en','core/media/media','rename_success','Rename selected item(s) successfully!','2023-10-30 01:30:21','2023-10-30 01:30:21'),(661,1,'en','core/media/media','crop_success','Crop image successfully!','2023-10-30 01:30:21','2023-10-30 01:30:21'),(662,1,'en','core/media/media','empty_trash_success','Empty trash successfully!','2023-10-30 01:30:21','2023-10-30 01:30:21'),(663,1,'en','core/media/media','invalid_action','Invalid action!','2023-10-30 01:30:21','2023-10-30 01:30:21'),(664,1,'en','core/media/media','file_not_exists','File is not exists!','2023-10-30 01:30:21','2023-10-30 01:30:21'),(665,1,'en','core/media/media','download_file_error','Error when downloading files!','2023-10-30 01:30:21','2023-10-30 01:30:21'),(666,1,'en','core/media/media','missing_zip_archive_extension','Please enable ZipArchive extension to download file!','2023-10-30 01:30:21','2023-10-30 01:30:21'),(667,1,'en','core/media/media','can_not_download_file','Can not download this file!','2023-10-30 01:30:21','2023-10-30 01:30:21'),(668,1,'en','core/media/media','invalid_request','Invalid request!','2023-10-30 01:30:21','2023-10-30 01:30:21'),(669,1,'en','core/media/media','add_success','Add item successfully!','2023-10-30 01:30:21','2023-10-30 01:30:21'),(670,1,'en','core/media/media','file_too_big','File too big. Max file upload is :size bytes','2023-10-30 01:30:21','2023-10-30 01:30:21'),(671,1,'en','core/media/media','file_too_big_readable_size','File too big. Max file upload is :size.','2023-10-30 01:30:21','2023-10-30 01:30:21'),(672,1,'en','core/media/media','can_not_detect_file_type','File type is not allowed or can not detect file type!','2023-10-30 01:30:21','2023-10-30 01:30:21'),(673,1,'en','core/media/media','upload_failed','The file is NOT uploaded completely. The server allows max upload file size is :size . Please check your file size OR try to upload again in case of having network errors','2023-10-30 01:30:21','2023-10-30 01:30:21'),(674,1,'en','core/media/media','failed_to_crop_image','The file cropping must be image type','2023-10-30 01:30:21','2023-10-30 01:30:21'),(675,1,'en','core/media/media','menu_name','Media','2023-10-30 01:30:21','2023-10-30 01:30:21'),(676,1,'en','core/media/media','add','Add media','2023-10-30 01:30:21','2023-10-30 01:30:21'),(677,1,'en','core/media/media','javascript.name','Name','2023-10-30 01:30:21','2023-10-30 01:30:21'),(678,1,'en','core/media/media','javascript.url','URL','2023-10-30 01:30:21','2023-10-30 01:30:21'),(679,1,'en','core/media/media','javascript.full_url','Full URL','2023-10-30 01:30:21','2023-10-30 01:30:21'),(680,1,'en','core/media/media','javascript.alt','Alt text','2023-10-30 01:30:21','2023-10-30 01:30:21'),(681,1,'en','core/media/media','javascript.size','Size','2023-10-30 01:30:21','2023-10-30 01:30:21'),(682,1,'en','core/media/media','javascript.mime_type','Type','2023-10-30 01:30:21','2023-10-30 01:30:21'),(683,1,'en','core/media/media','javascript.created_at','Uploaded at','2023-10-30 01:30:21','2023-10-30 01:30:21'),(684,1,'en','core/media/media','javascript.updated_at','Modified at','2023-10-30 01:30:21','2023-10-30 01:30:21'),(685,1,'en','core/media/media','javascript.nothing_selected','Nothing is selected','2023-10-30 01:30:21','2023-10-30 01:30:21'),(686,1,'en','core/media/media','javascript.visit_link','Open link','2023-10-30 01:30:21','2023-10-30 01:30:21'),(687,1,'en','core/media/media','javascript.no_item.all_media.icon','fas fa-cloud-upload-alt','2023-10-30 01:30:21','2023-10-30 01:30:21'),(688,1,'en','core/media/media','javascript.no_item.all_media.title','Drop files and folders here','2023-10-30 01:30:21','2023-10-30 01:30:21'),(689,1,'en','core/media/media','javascript.no_item.all_media.message','Or use the upload button above','2023-10-30 01:30:21','2023-10-30 01:30:21'),(690,1,'en','core/media/media','javascript.no_item.trash.icon','fas fa-trash-alt','2023-10-30 01:30:21','2023-10-30 01:30:21'),(691,1,'en','core/media/media','javascript.no_item.trash.title','There is nothing in your trash currently','2023-10-30 01:30:21','2023-10-30 01:30:21'),(692,1,'en','core/media/media','javascript.no_item.trash.message','Delete files to move them to trash automatically. Delete files from trash to remove them permanently','2023-10-30 01:30:21','2023-10-30 01:30:21'),(693,1,'en','core/media/media','javascript.no_item.favorites.icon','fas fa-star','2023-10-30 01:30:21','2023-10-30 01:30:21'),(694,1,'en','core/media/media','javascript.no_item.favorites.title','You have not added anything to your favorites yet','2023-10-30 01:30:21','2023-10-30 01:30:21'),(695,1,'en','core/media/media','javascript.no_item.favorites.message','Add files to favorites to easily find them later','2023-10-30 01:30:21','2023-10-30 01:30:21'),(696,1,'en','core/media/media','javascript.no_item.recent.icon','far fa-clock','2023-10-30 01:30:21','2023-10-30 01:30:21'),(697,1,'en','core/media/media','javascript.no_item.recent.title','You did not opened anything yet','2023-10-30 01:30:21','2023-10-30 01:30:21'),(698,1,'en','core/media/media','javascript.no_item.recent.message','All recent files that you opened will be appeared here','2023-10-30 01:30:21','2023-10-30 01:30:21'),(699,1,'en','core/media/media','javascript.no_item.default.icon','fas fa-sync','2023-10-30 01:30:21','2023-10-30 01:30:21'),(700,1,'en','core/media/media','javascript.no_item.default.title','No items','2023-10-30 01:30:21','2023-10-30 01:30:21'),(701,1,'en','core/media/media','javascript.no_item.default.message','This directory has no item','2023-10-30 01:30:21','2023-10-30 01:30:21'),(702,1,'en','core/media/media','javascript.clipboard.success','These file links have been copied to clipboard','2023-10-30 01:30:21','2023-10-30 01:30:21'),(703,1,'en','core/media/media','javascript.message.error_header','Error','2023-10-30 01:30:21','2023-10-30 01:30:21'),(704,1,'en','core/media/media','javascript.message.success_header','Success','2023-10-30 01:30:21','2023-10-30 01:30:21'),(705,1,'en','core/media/media','javascript.download.error','No files selected or cannot download these files','2023-10-30 01:30:21','2023-10-30 01:30:21'),(706,1,'en','core/media/media','javascript.actions_list.basic.preview','Preview','2023-10-30 01:30:21','2023-10-30 01:30:21'),(707,1,'en','core/media/media','javascript.actions_list.basic.crop','Crop','2023-10-30 01:30:21','2023-10-30 01:30:21'),(708,1,'en','core/media/media','javascript.actions_list.file.copy_link','Copy link','2023-10-30 01:30:21','2023-10-30 01:30:21'),(709,1,'en','core/media/media','javascript.actions_list.file.rename','Rename','2023-10-30 01:30:21','2023-10-30 01:30:21'),(710,1,'en','core/media/media','javascript.actions_list.file.make_copy','Make a copy','2023-10-30 01:30:21','2023-10-30 01:30:21'),(711,1,'en','core/media/media','javascript.actions_list.file.alt_text','ALT text','2023-10-30 01:30:21','2023-10-30 01:30:21'),(712,1,'en','core/media/media','javascript.actions_list.user.favorite','Add to favorite','2023-10-30 01:30:21','2023-10-30 01:30:21'),(713,1,'en','core/media/media','javascript.actions_list.user.remove_favorite','Remove favorite','2023-10-30 01:30:21','2023-10-30 01:30:21'),(714,1,'en','core/media/media','javascript.actions_list.other.download','Download','2023-10-30 01:30:21','2023-10-30 01:30:21'),(715,1,'en','core/media/media','javascript.actions_list.other.trash','Move to trash','2023-10-30 01:30:21','2023-10-30 01:30:21'),(716,1,'en','core/media/media','javascript.actions_list.other.delete','Delete permanently','2023-10-30 01:30:21','2023-10-30 01:30:21'),(717,1,'en','core/media/media','javascript.actions_list.other.restore','Restore','2023-10-30 01:30:21','2023-10-30 01:30:21'),(718,1,'en','core/media/media','javascript.change_image','Change image','2023-10-30 01:30:21','2023-10-30 01:30:21'),(719,1,'en','core/media/media','javascript.delete_image','Delete image','2023-10-30 01:30:21','2023-10-30 01:30:21'),(720,1,'en','core/media/media','javascript.choose_image','Choose image','2023-10-30 01:30:21','2023-10-30 01:30:21'),(721,1,'en','core/media/media','javascript.preview_image','Preview image','2023-10-30 01:30:21','2023-10-30 01:30:21'),(722,1,'en','core/media/media','name_invalid','The folder name has invalid character(s).','2023-10-30 01:30:21','2023-10-30 01:30:21'),(723,1,'en','core/media/media','url_invalid','Please provide a valid URL','2023-10-30 01:30:21','2023-10-30 01:30:21'),(724,1,'en','core/media/media','path_invalid','Please provide a valid path','2023-10-30 01:30:21','2023-10-30 01:30:21'),(725,1,'en','core/media/media','download_link','Download','2023-10-30 01:30:21','2023-10-30 01:30:21'),(726,1,'en','core/media/media','url','URL','2023-10-30 01:30:21','2023-10-30 01:30:21'),(727,1,'en','core/media/media','download_explain','Enter one URL per line.','2023-10-30 01:30:21','2023-10-30 01:30:21'),(728,1,'en','core/media/media','downloading','Downloading...','2023-10-30 01:30:21','2023-10-30 01:30:21'),(729,1,'en','core/media/media','prepare_file_to_download','Preparing file to download...','2023-10-30 01:30:21','2023-10-30 01:30:21'),(730,1,'en','core/media/media','update_alt_text_success','Update alt text successfully!','2023-10-30 01:30:21','2023-10-30 01:30:21'),(731,1,'en','core/media/media','cropper.height','Height','2023-10-30 01:30:21','2023-10-30 01:30:21'),(732,1,'en','core/media/media','cropper.width','Width','2023-10-30 01:30:21','2023-10-30 01:30:21'),(733,1,'en','core/media/media','cropper.aspect_ratio','Aspect ratio?','2023-10-30 01:30:21','2023-10-30 01:30:21'),(734,1,'en','core/media/media','unable_to_write','Unable to write file. Please chmod folder \":folder\" to make it writeable!','2023-10-30 01:30:21','2023-10-30 01:30:21'),(735,1,'en','core/setting/setting','title','Settings','2023-10-30 01:30:21','2023-10-30 01:30:21'),(736,1,'en','core/setting/setting','email_setting_title','Email settings','2023-10-30 01:30:21','2023-10-30 01:30:21'),(737,1,'en','core/setting/setting','general.theme','Theme','2023-10-30 01:30:21','2023-10-30 01:30:21'),(738,1,'en','core/setting/setting','general.description','Setting site information','2023-10-30 01:30:21','2023-10-30 01:30:21'),(739,1,'en','core/setting/setting','general.title','General','2023-10-30 01:30:21','2023-10-30 01:30:21'),(740,1,'en','core/setting/setting','general.general_block','General Information','2023-10-30 01:30:21','2023-10-30 01:30:21'),(741,1,'en','core/setting/setting','general.rich_editor','Rich Editor','2023-10-30 01:30:21','2023-10-30 01:30:21'),(742,1,'en','core/setting/setting','general.site_title','Site title','2023-10-30 01:30:21','2023-10-30 01:30:21'),(743,1,'en','core/setting/setting','general.admin_email','Admin Email','2023-10-30 01:30:21','2023-10-30 01:30:21'),(744,1,'en','core/setting/setting','general.seo_block','SEO Configuration','2023-10-30 01:30:21','2023-10-30 01:30:21'),(745,1,'en','core/setting/setting','general.seo_title','SEO Title','2023-10-30 01:30:21','2023-10-30 01:30:21'),(746,1,'en','core/setting/setting','general.seo_description','SEO Description','2023-10-30 01:30:21','2023-10-30 01:30:21'),(747,1,'en','core/setting/setting','general.webmaster_tools_block','Google Webmaster Tools','2023-10-30 01:30:21','2023-10-30 01:30:21'),(748,1,'en','core/setting/setting','general.placeholder.site_title','Site Title (maximum 120 characters)','2023-10-30 01:30:21','2023-10-30 01:30:21'),(749,1,'en','core/setting/setting','general.placeholder.admin_email','Admin Email','2023-10-30 01:30:21','2023-10-30 01:30:21'),(750,1,'en','core/setting/setting','general.placeholder.seo_title','SEO Title (maximum 120 characters)','2023-10-30 01:30:21','2023-10-30 01:30:21'),(751,1,'en','core/setting/setting','general.placeholder.seo_description','SEO Description (maximum 120 characters)','2023-10-30 01:30:21','2023-10-30 01:30:21'),(752,1,'en','core/setting/setting','general.placeholder.google_analytics','Google Analytics','2023-10-30 01:30:21','2023-10-30 01:30:21'),(753,1,'en','core/setting/setting','general.cache_admin_menu','Cache admin menu?','2023-10-30 01:30:21','2023-10-30 01:30:21'),(754,1,'en','core/setting/setting','general.enable_send_error_reporting_via_email','Enable to send error reporting via email?','2023-10-30 01:30:21','2023-10-30 01:30:21'),(755,1,'en','core/setting/setting','general.time_zone','Timezone','2023-10-30 01:30:21','2023-10-30 01:30:21'),(756,1,'en','core/setting/setting','general.default_admin_theme','Default admin theme','2023-10-30 01:30:21','2023-10-30 01:30:21'),(757,1,'en','core/setting/setting','general.enable_change_admin_theme','Enable change admin theme?','2023-10-30 01:30:21','2023-10-30 01:30:21'),(758,1,'en','core/setting/setting','general.enable','Enable','2023-10-30 01:30:21','2023-10-30 01:30:21'),(759,1,'en','core/setting/setting','general.disable','Disable','2023-10-30 01:30:21','2023-10-30 01:30:21'),(760,1,'en','core/setting/setting','general.enable_cache','Enable cache?','2023-10-30 01:30:21','2023-10-30 01:30:21'),(761,1,'en','core/setting/setting','general.disable_cache_in_the_admin_panel','Disable cache in the admin panel?','2023-10-30 01:30:21','2023-10-30 01:30:21'),(762,1,'en','core/setting/setting','general.cache_time','Cache time (minutes)','2023-10-30 01:30:21','2023-10-30 01:30:21'),(763,1,'en','core/setting/setting','general.enable_cache_site_map','Enable cache site map?','2023-10-30 01:30:21','2023-10-30 01:30:21'),(764,1,'en','core/setting/setting','general.cache_time_site_map','Cache Time Site map (minutes)','2023-10-30 01:30:21','2023-10-30 01:30:21'),(765,1,'en','core/setting/setting','general.admin_logo','Admin logo','2023-10-30 01:30:21','2023-10-30 01:30:21'),(766,1,'en','core/setting/setting','general.admin_favicon','Admin favicon','2023-10-30 01:30:21','2023-10-30 01:30:21'),(767,1,'en','core/setting/setting','general.admin_title','Admin title','2023-10-30 01:30:21','2023-10-30 01:30:21'),(768,1,'en','core/setting/setting','general.admin_title_placeholder','Title show to tab of browser','2023-10-30 01:30:21','2023-10-30 01:30:21'),(769,1,'en','core/setting/setting','general.cache_block','Cache','2023-10-30 01:30:21','2023-10-30 01:30:21'),(770,1,'en','core/setting/setting','general.admin_appearance_title','Admin appearance','2023-10-30 01:30:21','2023-10-30 01:30:21'),(771,1,'en','core/setting/setting','general.admin_appearance_description','Setting admin appearance such as editor, language...','2023-10-30 01:30:21','2023-10-30 01:30:21'),(772,1,'en','core/setting/setting','general.seo_block_description','Setting site title, site meta description, site keyword for optimize SEO','2023-10-30 01:30:21','2023-10-30 01:30:21'),(773,1,'en','core/setting/setting','general.webmaster_tools_description','Google Webmaster Tools (GWT) is free software that helps you manage the technical side of your website','2023-10-30 01:30:21','2023-10-30 01:30:21'),(774,1,'en','core/setting/setting','general.cache_description','Config cache for system for optimize speed','2023-10-30 01:30:21','2023-10-30 01:30:21'),(775,1,'en','core/setting/setting','general.yes','Yes','2023-10-30 01:30:21','2023-10-30 01:30:21'),(776,1,'en','core/setting/setting','general.no','No','2023-10-30 01:30:21','2023-10-30 01:30:21'),(777,1,'en','core/setting/setting','general.show_on_front','Your homepage displays','2023-10-30 01:30:21','2023-10-30 01:30:21'),(778,1,'en','core/setting/setting','general.select','— Select —','2023-10-30 01:30:21','2023-10-30 01:30:21'),(779,1,'en','core/setting/setting','general.show_site_name','Show site name after page title, separate with \"-\"?','2023-10-30 01:30:21','2023-10-30 01:30:21'),(780,1,'en','core/setting/setting','general.locale','Site language','2023-10-30 01:30:21','2023-10-30 01:30:21'),(781,1,'en','core/setting/setting','general.locale_direction','Front site language direction','2023-10-30 01:30:21','2023-10-30 01:30:21'),(782,1,'en','core/setting/setting','general.admin_locale_direction','Admin language direction','2023-10-30 01:30:21','2023-10-30 01:30:21'),(783,1,'en','core/setting/setting','general.admin_login_screen_backgrounds','Login screen backgrounds (~1366x768)','2023-10-30 01:30:21','2023-10-30 01:30:21'),(784,1,'en','core/setting/setting','general.minutes','minutes','2023-10-30 01:30:21','2023-10-30 01:30:21'),(785,1,'en','core/setting/setting','general.datatables.title','Datatables','2023-10-30 01:30:21','2023-10-30 01:30:21'),(786,1,'en','core/setting/setting','general.datatables.description','Settings for datatables','2023-10-30 01:30:21','2023-10-30 01:30:21'),(787,1,'en','core/setting/setting','general.datatables.show_column_visibility','Default show column visibility?','2023-10-30 01:30:21','2023-10-30 01:30:21'),(788,1,'en','core/setting/setting','general.datatables.show_export_button','Default show export button?','2023-10-30 01:30:21','2023-10-30 01:30:21'),(789,1,'en','core/setting/setting','email.subject','Subject','2023-10-30 01:30:21','2023-10-30 01:30:21'),(790,1,'en','core/setting/setting','email.content','Content','2023-10-30 01:30:21','2023-10-30 01:30:21'),(791,1,'en','core/setting/setting','email.title','Setting for email template','2023-10-30 01:30:21','2023-10-30 01:30:21'),(792,1,'en','core/setting/setting','email.description','Email template using HTML & system variables.','2023-10-30 01:30:21','2023-10-30 01:30:21'),(793,1,'en','core/setting/setting','email.reset_to_default','Reset to default','2023-10-30 01:30:21','2023-10-30 01:30:21'),(794,1,'en','core/setting/setting','email.back','Back to settings','2023-10-30 01:30:21','2023-10-30 01:30:21'),(795,1,'en','core/setting/setting','email.reset_success','Reset back to default successfully','2023-10-30 01:30:21','2023-10-30 01:30:21'),(796,1,'en','core/setting/setting','email.confirm_reset','Confirm reset email template?','2023-10-30 01:30:21','2023-10-30 01:30:21'),(797,1,'en','core/setting/setting','email.confirm_message','Do you really want to reset this email template to default?','2023-10-30 01:30:21','2023-10-30 01:30:21'),(798,1,'en','core/setting/setting','email.continue','Continue','2023-10-30 01:30:21','2023-10-30 01:30:21'),(799,1,'en','core/setting/setting','email.sender_name','Sender name','2023-10-30 01:30:22','2023-10-30 01:30:22'),(800,1,'en','core/setting/setting','email.sender_name_placeholder','Name','2023-10-30 01:30:22','2023-10-30 01:30:22'),(801,1,'en','core/setting/setting','email.sender_email','Sender email','2023-10-30 01:30:22','2023-10-30 01:30:22'),(802,1,'en','core/setting/setting','email.mailer','Mailer','2023-10-30 01:30:22','2023-10-30 01:30:22'),(803,1,'en','core/setting/setting','email.port','Port','2023-10-30 01:30:22','2023-10-30 01:30:22'),(804,1,'en','core/setting/setting','email.port_placeholder','Ex: 587','2023-10-30 01:30:22','2023-10-30 01:30:22'),(805,1,'en','core/setting/setting','email.host','Host','2023-10-30 01:30:22','2023-10-30 01:30:22'),(806,1,'en','core/setting/setting','email.host_placeholder','Ex: smtp.gmail.com','2023-10-30 01:30:22','2023-10-30 01:30:22'),(807,1,'en','core/setting/setting','email.username','Username','2023-10-30 01:30:22','2023-10-30 01:30:22'),(808,1,'en','core/setting/setting','email.username_placeholder','Username to login to mail server','2023-10-30 01:30:22','2023-10-30 01:30:22'),(809,1,'en','core/setting/setting','email.password','Password','2023-10-30 01:30:22','2023-10-30 01:30:22'),(810,1,'en','core/setting/setting','email.password_placeholder','Password to login to mail server','2023-10-30 01:30:22','2023-10-30 01:30:22'),(811,1,'en','core/setting/setting','email.encryption','Encryption','2023-10-30 01:30:22','2023-10-30 01:30:22'),(812,1,'en','core/setting/setting','email.mail_gun_domain','Domain','2023-10-30 01:30:22','2023-10-30 01:30:22'),(813,1,'en','core/setting/setting','email.mail_gun_domain_placeholder','Domain','2023-10-30 01:30:22','2023-10-30 01:30:22'),(814,1,'en','core/setting/setting','email.mail_gun_secret','Secret','2023-10-30 01:30:22','2023-10-30 01:30:22'),(815,1,'en','core/setting/setting','email.mail_gun_secret_placeholder','Secret','2023-10-30 01:30:22','2023-10-30 01:30:22'),(816,1,'en','core/setting/setting','email.mail_gun_endpoint','Endpoint','2023-10-30 01:30:22','2023-10-30 01:30:22'),(817,1,'en','core/setting/setting','email.mail_gun_endpoint_placeholder','Endpoint','2023-10-30 01:30:22','2023-10-30 01:30:22'),(818,1,'en','core/setting/setting','email.log_channel','Log channel','2023-10-30 01:30:22','2023-10-30 01:30:22'),(819,1,'en','core/setting/setting','email.sendmail_path','Sendmail Path','2023-10-30 01:30:22','2023-10-30 01:30:22'),(820,1,'en','core/setting/setting','email.encryption_placeholder','Encryption: ssl or tls','2023-10-30 01:30:22','2023-10-30 01:30:22'),(821,1,'en','core/setting/setting','email.ses_key','Key','2023-10-30 01:30:22','2023-10-30 01:30:22'),(822,1,'en','core/setting/setting','email.ses_key_placeholder','Key','2023-10-30 01:30:22','2023-10-30 01:30:22'),(823,1,'en','core/setting/setting','email.ses_secret','Secret','2023-10-30 01:30:22','2023-10-30 01:30:22'),(824,1,'en','core/setting/setting','email.ses_secret_placeholder','Secret','2023-10-30 01:30:22','2023-10-30 01:30:22'),(825,1,'en','core/setting/setting','email.ses_region','Region','2023-10-30 01:30:22','2023-10-30 01:30:22'),(826,1,'en','core/setting/setting','email.ses_region_placeholder','Region','2023-10-30 01:30:22','2023-10-30 01:30:22'),(827,1,'en','core/setting/setting','email.postmark_token','Token','2023-10-30 01:30:22','2023-10-30 01:30:22'),(828,1,'en','core/setting/setting','email.postmark_token_placeholder','Token','2023-10-30 01:30:22','2023-10-30 01:30:22'),(829,1,'en','core/setting/setting','email.template_title','Email templates','2023-10-30 01:30:22','2023-10-30 01:30:22'),(830,1,'en','core/setting/setting','email.template_description','Base templates for all emails','2023-10-30 01:30:22','2023-10-30 01:30:22'),(831,1,'en','core/setting/setting','email.template_header','Email template header','2023-10-30 01:30:22','2023-10-30 01:30:22'),(832,1,'en','core/setting/setting','email.template_header_description','Template for header of emails','2023-10-30 01:30:22','2023-10-30 01:30:22'),(833,1,'en','core/setting/setting','email.template_footer','Email template footer','2023-10-30 01:30:22','2023-10-30 01:30:22'),(834,1,'en','core/setting/setting','email.template_footer_description','Template for footer of emails','2023-10-30 01:30:22','2023-10-30 01:30:22'),(835,1,'en','core/setting/setting','email.default','Default','2023-10-30 01:30:22','2023-10-30 01:30:22'),(836,1,'en','core/setting/setting','media.title','Media','2023-10-30 01:30:22','2023-10-30 01:30:22'),(837,1,'en','core/setting/setting','media.driver','Driver','2023-10-30 01:30:22','2023-10-30 01:30:22'),(838,1,'en','core/setting/setting','media.description','Settings for media','2023-10-30 01:30:22','2023-10-30 01:30:22'),(839,1,'en','core/setting/setting','media.aws_access_key_id','AWS Access Key ID','2023-10-30 01:30:22','2023-10-30 01:30:22'),(840,1,'en','core/setting/setting','media.aws_secret_key','AWS Secret Key','2023-10-30 01:30:22','2023-10-30 01:30:22'),(841,1,'en','core/setting/setting','media.aws_default_region','AWS Default Region','2023-10-30 01:30:22','2023-10-30 01:30:22'),(842,1,'en','core/setting/setting','media.aws_bucket','AWS Bucket','2023-10-30 01:30:22','2023-10-30 01:30:22'),(843,1,'en','core/setting/setting','media.aws_url','AWS URL','2023-10-30 01:30:22','2023-10-30 01:30:22'),(844,1,'en','core/setting/setting','media.aws_endpoint','AWS Endpoint (Optional)','2023-10-30 01:30:22','2023-10-30 01:30:22'),(845,1,'en','core/setting/setting','media.r2_access_key_id','R2 Access Key ID','2023-10-30 01:30:22','2023-10-30 01:30:22'),(846,1,'en','core/setting/setting','media.r2_secret_key','R2 Secret Key','2023-10-30 01:30:22','2023-10-30 01:30:22'),(847,1,'en','core/setting/setting','media.r2_bucket','R2 Bucket','2023-10-30 01:30:22','2023-10-30 01:30:22'),(848,1,'en','core/setting/setting','media.r2_url','R2 URL','2023-10-30 01:30:22','2023-10-30 01:30:22'),(849,1,'en','core/setting/setting','media.r2_endpoint','R2 Endpoint','2023-10-30 01:30:22','2023-10-30 01:30:22'),(850,1,'en','core/setting/setting','media.do_spaces_access_key_id','DO Spaces Access Key ID','2023-10-30 01:30:22','2023-10-30 01:30:22'),(851,1,'en','core/setting/setting','media.do_spaces_secret_key','DO Spaces Secret Key','2023-10-30 01:30:22','2023-10-30 01:30:22'),(852,1,'en','core/setting/setting','media.do_spaces_default_region','DO Spaces Default Region','2023-10-30 01:30:22','2023-10-30 01:30:22'),(853,1,'en','core/setting/setting','media.do_spaces_bucket','DO Spaces Bucket','2023-10-30 01:30:22','2023-10-30 01:30:22'),(854,1,'en','core/setting/setting','media.do_spaces_endpoint','DO Spaces Endpoint','2023-10-30 01:30:22','2023-10-30 01:30:22'),(855,1,'en','core/setting/setting','media.do_spaces_cdn_enabled','Is DO Spaces CDN enabled?','2023-10-30 01:30:22','2023-10-30 01:30:22'),(856,1,'en','core/setting/setting','media.media_do_spaces_cdn_custom_domain','Do Spaces CDN custom domain','2023-10-30 01:30:22','2023-10-30 01:30:22'),(857,1,'en','core/setting/setting','media.media_do_spaces_cdn_custom_domain_placeholder','https://your-custom-domain.com','2023-10-30 01:30:22','2023-10-30 01:30:22'),(858,1,'en','core/setting/setting','media.wasabi_access_key_id','Wasabi Access Key ID','2023-10-30 01:30:22','2023-10-30 01:30:22'),(859,1,'en','core/setting/setting','media.wasabi_secret_key','Wasabi Secret Key','2023-10-30 01:30:22','2023-10-30 01:30:22'),(860,1,'en','core/setting/setting','media.wasabi_default_region','Wasabi Default Region','2023-10-30 01:30:22','2023-10-30 01:30:22'),(861,1,'en','core/setting/setting','media.wasabi_bucket','Wasabi Bucket','2023-10-30 01:30:22','2023-10-30 01:30:22'),(862,1,'en','core/setting/setting','media.wasabi_root','Wasabi Root','2023-10-30 01:30:22','2023-10-30 01:30:22'),(863,1,'en','core/setting/setting','media.default_placeholder_image','Default placeholder image','2023-10-30 01:30:22','2023-10-30 01:30:22'),(864,1,'en','core/setting/setting','media.enable_chunk','Enable chunk size upload?','2023-10-30 01:30:22','2023-10-30 01:30:22'),(865,1,'en','core/setting/setting','media.chunk_size','Chunk size (Bytes)','2023-10-30 01:30:22','2023-10-30 01:30:22'),(866,1,'en','core/setting/setting','media.chunk_size_placeholder','Default: 1048576 ~ 1MB','2023-10-30 01:30:22','2023-10-30 01:30:22'),(867,1,'en','core/setting/setting','media.max_file_size','Chunk max file size (MB)','2023-10-30 01:30:22','2023-10-30 01:30:22'),(868,1,'en','core/setting/setting','media.max_file_size_placeholder','Default: 1048576 ~ 1GB','2023-10-30 01:30:22','2023-10-30 01:30:22'),(869,1,'en','core/setting/setting','media.enable_watermark','Enable watermark?','2023-10-30 01:30:22','2023-10-30 01:30:22'),(870,1,'en','core/setting/setting','media.watermark_source','Watermark image','2023-10-30 01:30:22','2023-10-30 01:30:22'),(871,1,'en','core/setting/setting','media.watermark_size','Size of watermark (%)','2023-10-30 01:30:22','2023-10-30 01:30:22'),(872,1,'en','core/setting/setting','media.watermark_size_placeholder','Default: 10 (%)','2023-10-30 01:30:22','2023-10-30 01:30:22'),(873,1,'en','core/setting/setting','media.watermark_opacity','Watermark Opacity (%)','2023-10-30 01:30:22','2023-10-30 01:30:22'),(874,1,'en','core/setting/setting','media.watermark_opacity_placeholder','Default: 70 (%)','2023-10-30 01:30:22','2023-10-30 01:30:22'),(875,1,'en','core/setting/setting','media.watermark_position','Watermark position','2023-10-30 01:30:22','2023-10-30 01:30:22'),(876,1,'en','core/setting/setting','media.watermark_position_x','Watermark position X','2023-10-30 01:30:22','2023-10-30 01:30:22'),(877,1,'en','core/setting/setting','media.watermark_position_y','Watermark position Y','2023-10-30 01:30:22','2023-10-30 01:30:22'),(878,1,'en','core/setting/setting','media.watermark_position_top_left','Top left','2023-10-30 01:30:22','2023-10-30 01:30:22'),(879,1,'en','core/setting/setting','media.watermark_position_top_right','Top right','2023-10-30 01:30:22','2023-10-30 01:30:22'),(880,1,'en','core/setting/setting','media.watermark_position_bottom_left','Bottom left','2023-10-30 01:30:22','2023-10-30 01:30:22'),(881,1,'en','core/setting/setting','media.watermark_position_bottom_right','Bottom right','2023-10-30 01:30:22','2023-10-30 01:30:22'),(882,1,'en','core/setting/setting','media.watermark_position_center','Center','2023-10-30 01:30:22','2023-10-30 01:30:22'),(883,1,'en','core/setting/setting','media.turn_off_automatic_url_translation_into_latin','Turn off automatic URL translation into Latin?','2023-10-30 01:30:22','2023-10-30 01:30:22'),(884,1,'en','core/setting/setting','media.bunnycdn_hostname','Hostname','2023-10-30 01:30:22','2023-10-30 01:30:22'),(885,1,'en','core/setting/setting','media.bunnycdn_zone','Zone Name (The name of your storage zone)','2023-10-30 01:30:22','2023-10-30 01:30:22'),(886,1,'en','core/setting/setting','media.bunnycdn_key','FTP & API Access Password (The storage zone API Access Password)','2023-10-30 01:30:22','2023-10-30 01:30:22'),(887,1,'en','core/setting/setting','media.bunnycdn_region','Region (The storage zone region)','2023-10-30 01:30:22','2023-10-30 01:30:22'),(888,1,'en','core/setting/setting','media.optional','Optional','2023-10-30 01:30:22','2023-10-30 01:30:22'),(889,1,'en','core/setting/setting','media.sizes','Media thumbnails sizes','2023-10-30 01:30:22','2023-10-30 01:30:22'),(890,1,'en','core/setting/setting','media.media_sizes_helper','Set width or height to 0 if you just want to crop by width or height. Need to click on \"Generate thumbnails\" to apply changes.','2023-10-30 01:30:22','2023-10-30 01:30:22'),(891,1,'en','core/setting/setting','media.width','Width','2023-10-30 01:30:22','2023-10-30 01:30:22'),(892,1,'en','core/setting/setting','media.height','Height','2023-10-30 01:30:22','2023-10-30 01:30:22'),(893,1,'en','core/setting/setting','media.default_size_value','Default: :size','2023-10-30 01:30:22','2023-10-30 01:30:22'),(894,1,'en','core/setting/setting','media.all','All','2023-10-30 01:30:22','2023-10-30 01:30:22'),(895,1,'en','core/setting/setting','media.media_folders_can_add_watermark','Add watermark for images in folders:','2023-10-30 01:30:22','2023-10-30 01:30:22'),(896,1,'en','core/setting/setting','media.max_upload_filesize','Max upload filesize (MB)','2023-10-30 01:30:22','2023-10-30 01:30:22'),(897,1,'en','core/setting/setting','media.max_upload_filesize_placeholder','Default: :size, must less than :size.','2023-10-30 01:30:22','2023-10-30 01:30:22'),(898,1,'en','core/setting/setting','media.max_upload_filesize_helper','Your server allows to upload files maximum :size, you can change this value to limit upload filesize.','2023-10-30 01:30:22','2023-10-30 01:30:22'),(899,1,'en','core/setting/setting','media.image_processing_library','Image processing library','2023-10-30 01:30:22','2023-10-30 01:30:22'),(900,1,'en','core/setting/setting','license.purchase_code','Purchase code','2023-10-30 01:30:22','2023-10-30 01:30:22'),(901,1,'en','core/setting/setting','license.buyer','Buyer','2023-10-30 01:30:22','2023-10-30 01:30:22'),(902,1,'en','core/setting/setting','field_type_not_exists','This field type does not exist','2023-10-30 01:30:22','2023-10-30 01:30:22'),(903,1,'en','core/setting/setting','save_settings','Save settings','2023-10-30 01:30:22','2023-10-30 01:30:22'),(904,1,'en','core/setting/setting','template','Template','2023-10-30 01:30:22','2023-10-30 01:30:22'),(905,1,'en','core/setting/setting','description','Description','2023-10-30 01:30:22','2023-10-30 01:30:22'),(906,1,'en','core/setting/setting','enable','Enable','2023-10-30 01:30:22','2023-10-30 01:30:22'),(907,1,'en','core/setting/setting','send','Send','2023-10-30 01:30:22','2023-10-30 01:30:22'),(908,1,'en','core/setting/setting','test_email_description','To send test email, please make sure you are updated configuration to send mail!','2023-10-30 01:30:22','2023-10-30 01:30:22'),(909,1,'en','core/setting/setting','test_email_input_placeholder','Enter the email which you want to send test email.','2023-10-30 01:30:22','2023-10-30 01:30:22'),(910,1,'en','core/setting/setting','test_email_modal_title','Send a test email','2023-10-30 01:30:22','2023-10-30 01:30:22'),(911,1,'en','core/setting/setting','test_send_mail','Send test mail','2023-10-30 01:30:22','2023-10-30 01:30:22'),(912,1,'en','core/setting/setting','test_email_send_success','Send email successfully!','2023-10-30 01:30:22','2023-10-30 01:30:22'),(913,1,'en','core/setting/setting','locale_direction_ltr','Left to Right','2023-10-30 01:30:22','2023-10-30 01:30:22'),(914,1,'en','core/setting/setting','locale_direction_rtl','Right to Left','2023-10-30 01:30:22','2023-10-30 01:30:22'),(915,1,'en','core/setting/setting','saving','Saving...','2023-10-30 01:30:22','2023-10-30 01:30:22'),(916,1,'en','core/setting/setting','emails_warning','You can add up to :count emails','2023-10-30 01:30:22','2023-10-30 01:30:22'),(917,1,'en','core/setting/setting','email_add_more','Add more','2023-10-30 01:30:22','2023-10-30 01:30:22'),(918,1,'en','core/setting/setting','generate','Generate','2023-10-30 01:30:22','2023-10-30 01:30:22'),(919,1,'en','core/setting/setting','generate_thumbnails','Generate thumbnails','2023-10-30 01:30:22','2023-10-30 01:30:22'),(920,1,'en','core/setting/setting','generate_thumbnails_success','Generate thumbnails successfully. :count files are generated!','2023-10-30 01:30:22','2023-10-30 01:30:22'),(921,1,'en','core/setting/setting','generate_thumbnails_error','We are unable to regenerate thumbnail for these files :count files!','2023-10-30 01:30:22','2023-10-30 01:30:22'),(922,1,'en','core/setting/setting','generate_thumbnails_description','Are you sure you want to re-generate thumbnails for all images? It will take time so please DO NOT leave this page, wait until it is finished.','2023-10-30 01:30:22','2023-10-30 01:30:22'),(923,1,'en','core/setting/setting','enable_chunk_description','Chunk size upload is used to upload large file size.','2023-10-30 01:30:22','2023-10-30 01:30:22'),(924,1,'en','core/setting/setting','watermark_description','WARNING: Watermark is just added to new uploaded images, it won\'t be added to existing images. Disable watermark won\'t remove watermark from existing images.','2023-10-30 01:30:22','2023-10-30 01:30:22'),(925,1,'en','core/setting/setting','submit','Submit','2023-10-30 01:30:22','2023-10-30 01:30:22'),(926,1,'en','core/setting/setting','back','Back','2023-10-30 01:30:22','2023-10-30 01:30:22'),(927,1,'en','core/setting/setting','enter_sample_value','Enter sample values for testing','2023-10-30 01:30:22','2023-10-30 01:30:22'),(928,1,'en','core/setting/setting','preview','Preview','2023-10-30 01:30:22','2023-10-30 01:30:22'),(929,1,'en','core/setting/setting','media_size_width',':size size width must be greater than 0','2023-10-30 01:30:22','2023-10-30 01:30:22'),(930,1,'en','core/setting/setting','media_size_height',':size size height must be greater than 0','2023-10-30 01:30:22','2023-10-30 01:30:22'),(931,1,'en','core/setting/setting','cronjob.name','Cronjob','2023-10-30 01:30:22','2023-10-30 01:30:22'),(932,1,'en','core/setting/setting','cronjob.description','Cronjob allow you to automate certain commands or scripts on your site.','2023-10-30 01:30:22','2023-10-30 01:30:22'),(933,1,'en','core/setting/setting','cronjob.is_not_ready','To run the cronjob, follow the instructions below.','2023-10-30 01:30:22','2023-10-30 01:30:22'),(934,1,'en','core/setting/setting','cronjob.is_working','Congratulations! Your cronjob is running.','2023-10-30 01:30:22','2023-10-30 01:30:22'),(935,1,'en','core/setting/setting','cronjob.is_not_working','Your cronjob is not running. Please check your server\'s cronjob.','2023-10-30 01:30:22','2023-10-30 01:30:22'),(936,1,'en','core/setting/setting','cronjob.last_checked','Last checked at :time.','2023-10-30 01:30:22','2023-10-30 01:30:22'),(937,1,'en','core/setting/setting','cronjob.copy_button','Copy','2023-10-30 01:30:22','2023-10-30 01:30:22'),(938,1,'en','core/setting/setting','cronjob.setup.name','Setting up the Cronjob','2023-10-30 01:30:22','2023-10-30 01:30:22'),(939,1,'en','core/setting/setting','cronjob.setup.connect_to_server','Connect to your server via SSH or any preferred method.','2023-10-30 01:30:22','2023-10-30 01:30:22'),(940,1,'en','core/setting/setting','cronjob.setup.open_crontab','Open the crontab file using a text editor (e.g., `crontab -e`).','2023-10-30 01:30:22','2023-10-30 01:30:22'),(941,1,'en','core/setting/setting','cronjob.setup.add_cronjob','Add the above command to the crontab file and save it.','2023-10-30 01:30:22','2023-10-30 01:30:22'),(942,1,'en','core/setting/setting','cronjob.setup.done','The cronjob will now run at every minute and execute the specified command.','2023-10-30 01:30:22','2023-10-30 01:30:22'),(943,1,'en','core/setting/setting','cronjob.setup.learn_more','You can learn more about cronjob from the Laravel :documentation','2023-10-30 01:30:22','2023-10-30 01:30:22'),(944,1,'en','core/setting/setting','cronjob.setup.documentation','documentation','2023-10-30 01:30:22','2023-10-30 01:30:22'),(945,1,'en','core/setting/setting','cronjob.setup.copied','Copied','2023-10-30 01:30:22','2023-10-30 01:30:22'),(946,1,'en','core/table/table','operations','Operations','2023-10-30 01:30:22','2023-10-30 01:30:22'),(947,1,'en','core/table/table','loading_data','Loading data from server','2023-10-30 01:30:22','2023-10-30 01:30:22'),(948,1,'en','core/table/table','display','Display','2023-10-30 01:30:22','2023-10-30 01:30:22'),(949,1,'en','core/table/table','all','All','2023-10-30 01:30:22','2023-10-30 01:30:22'),(950,1,'en','core/table/table','edit_entry','Edit','2023-10-30 01:30:22','2023-10-30 01:30:22'),(951,1,'en','core/table/table','delete_entry','Delete','2023-10-30 01:30:22','2023-10-30 01:30:22'),(952,1,'en','core/table/table','show_from','Showing from','2023-10-30 01:30:22','2023-10-30 01:30:22'),(953,1,'en','core/table/table','to','to','2023-10-30 01:30:22','2023-10-30 01:30:22'),(954,1,'en','core/table/table','in','in','2023-10-30 01:30:22','2023-10-30 01:30:22'),(955,1,'en','core/table/table','records','records','2023-10-30 01:30:23','2023-10-30 01:30:23'),(956,1,'en','core/table/table','no_data','No data to display','2023-10-30 01:30:23','2023-10-30 01:30:23'),(957,1,'en','core/table/table','no_record','No record','2023-10-30 01:30:23','2023-10-30 01:30:23'),(958,1,'en','core/table/table','loading','Loading data from server','2023-10-30 01:30:23','2023-10-30 01:30:23'),(959,1,'en','core/table/table','confirm_delete','Confirm delete','2023-10-30 01:30:23','2023-10-30 01:30:23'),(960,1,'en','core/table/table','confirm_delete_msg','Do you really want to delete this record?','2023-10-30 01:30:23','2023-10-30 01:30:23'),(961,1,'en','core/table/table','cancel','Cancel','2023-10-30 01:30:23','2023-10-30 01:30:23'),(962,1,'en','core/table/table','delete','Delete','2023-10-30 01:30:23','2023-10-30 01:30:23'),(963,1,'en','core/table/table','close','Close','2023-10-30 01:30:23','2023-10-30 01:30:23'),(964,1,'en','core/table/table','contains','Contains','2023-10-30 01:30:23','2023-10-30 01:30:23'),(965,1,'en','core/table/table','is_equal_to','Is equal to','2023-10-30 01:30:23','2023-10-30 01:30:23'),(966,1,'en','core/table/table','greater_than','Greater than','2023-10-30 01:30:23','2023-10-30 01:30:23'),(967,1,'en','core/table/table','less_than','Less than','2023-10-30 01:30:23','2023-10-30 01:30:23'),(968,1,'en','core/table/table','value','Value','2023-10-30 01:30:23','2023-10-30 01:30:23'),(969,1,'en','core/table/table','select_field','Select field','2023-10-30 01:30:23','2023-10-30 01:30:23'),(970,1,'en','core/table/table','reset','Reset','2023-10-30 01:30:23','2023-10-30 01:30:23'),(971,1,'en','core/table/table','add_additional_filter','Add additional filter','2023-10-30 01:30:23','2023-10-30 01:30:23'),(972,1,'en','core/table/table','apply','Apply','2023-10-30 01:30:23','2023-10-30 01:30:23'),(973,1,'en','core/table/table','filters','Filters','2023-10-30 01:30:23','2023-10-30 01:30:23'),(974,1,'en','core/table/table','bulk_change','Bulk changes','2023-10-30 01:30:23','2023-10-30 01:30:23'),(975,1,'en','core/table/table','select_option','Select option','2023-10-30 01:30:23','2023-10-30 01:30:23'),(976,1,'en','core/table/table','bulk_actions','Bulk Actions','2023-10-30 01:30:23','2023-10-30 01:30:23'),(977,1,'en','core/table/table','invalid_bulk_action','Invalid bulk action','2023-10-30 01:30:23','2023-10-30 01:30:23'),(978,1,'en','core/table/table','confirm_bulk_action','Confirm to perform this action','2023-10-30 01:30:23','2023-10-30 01:30:23'),(979,1,'en','core/table/table','confirm_bulk_message','Are you sure you want to do this action? This cannot be undone.','2023-10-30 01:30:23','2023-10-30 01:30:23'),(980,1,'en','core/table/table','yes','Yes','2023-10-30 01:30:23','2023-10-30 01:30:23'),(981,1,'en','core/table/table','save_bulk_change_success','Update data for selected record(s) successfully!','2023-10-30 01:30:23','2023-10-30 01:30:23'),(982,1,'en','core/table/table','please_select_record','Please select at least one record to perform this action!','2023-10-30 01:30:23','2023-10-30 01:30:23'),(983,1,'en','core/table/table','filtered','(filtered from _MAX_ total records)','2023-10-30 01:30:23','2023-10-30 01:30:23'),(984,1,'en','core/table/table','search','Search...','2023-10-30 01:30:23','2023-10-30 01:30:23'),(985,1,'en','packages/api/api','settings','API Settings','2023-10-30 01:30:23','2023-10-30 01:30:23'),(986,1,'en','packages/api/api','save_settings','Save settings','2023-10-30 01:30:23','2023-10-30 01:30:23'),(987,1,'en','packages/api/api','setting_title','API settings','2023-10-30 01:30:23','2023-10-30 01:30:23'),(988,1,'en','packages/api/api','setting_description','Settings for API','2023-10-30 01:30:23','2023-10-30 01:30:23'),(989,1,'en','packages/api/api','api_enabled','API enabled?','2023-10-30 01:30:23','2023-10-30 01:30:23'),(990,1,'en','packages/get-started/get-started','welcome_title','Welcome to your admin dashboard!','2023-10-30 01:30:23','2023-10-30 01:30:23'),(991,1,'en','packages/get-started/get-started','welcome_description','In a few short steps, you can have your new dashboard up and running!','2023-10-30 01:30:23','2023-10-30 01:30:23'),(992,1,'en','packages/get-started/get-started','get_started','Get Started!','2023-10-30 01:30:23','2023-10-30 01:30:23'),(993,1,'en','packages/get-started/get-started','customize_branding_title','Customize branding','2023-10-30 01:30:23','2023-10-30 01:30:23'),(994,1,'en','packages/get-started/get-started','customize_branding_description','Customize your site with colors, logo and subdomain to match your business unique branding and identity.','2023-10-30 01:30:23','2023-10-30 01:30:23'),(995,1,'en','packages/get-started/get-started','colors','Colors','2023-10-30 01:30:23','2023-10-30 01:30:23'),(996,1,'en','packages/get-started/get-started','fonts','Fonts','2023-10-30 01:30:23','2023-10-30 01:30:23'),(997,1,'en','packages/get-started/get-started','primary_color','Primary color','2023-10-30 01:30:23','2023-10-30 01:30:23'),(998,1,'en','packages/get-started/get-started','primary_font','Primary font','2023-10-30 01:30:23','2023-10-30 01:30:23'),(999,1,'en','packages/get-started/get-started','setup_wizard_button',':link to finish Quick setup Wizard!','2023-10-30 01:30:23','2023-10-30 01:30:23'),(1000,1,'en','packages/get-started/get-started','click_here','Click here','2023-10-30 01:30:23','2023-10-30 01:30:23'),(1001,1,'en','packages/get-started/get-started','site_title','Site title','2023-10-30 01:30:23','2023-10-30 01:30:23'),(1002,1,'en','packages/get-started/get-started','identify','Identify','2023-10-30 01:30:23','2023-10-30 01:30:23'),(1003,1,'en','packages/get-started/get-started','logo','Logo','2023-10-30 01:30:23','2023-10-30 01:30:23'),(1004,1,'en','packages/get-started/get-started','admin_logo','Admin logo','2023-10-30 01:30:23','2023-10-30 01:30:23'),(1005,1,'en','packages/get-started/get-started','favicon','Favicon','2023-10-30 01:30:23','2023-10-30 01:30:23'),(1006,1,'en','packages/get-started/get-started','admin_favicon','Admin favicon','2023-10-30 01:30:23','2023-10-30 01:30:23'),(1007,1,'en','packages/get-started/get-started','next_step','Next step','2023-10-30 01:30:23','2023-10-30 01:30:23'),(1008,1,'en','packages/get-started/get-started','site_ready_title','Your site is ready!','2023-10-30 01:30:23','2023-10-30 01:30:23'),(1009,1,'en','packages/get-started/get-started','site_ready_description','Welcome to your new site! Your website has been created and populated with sample data. You are in the admin area of your site where you can set up everything else needed to complete your site.','2023-10-30 01:30:23','2023-10-30 01:30:23'),(1010,1,'en','packages/get-started/get-started','finish','Finish','2023-10-30 01:30:23','2023-10-30 01:30:23'),(1011,1,'en','packages/get-started/get-started','exit_wizard_title','Are you sure you want to exit the Quick Setup Wizard?','2023-10-30 01:30:23','2023-10-30 01:30:23'),(1012,1,'en','packages/get-started/get-started','exit_wizard_confirm','Yes, I\'ll finish it later','2023-10-30 01:30:23','2023-10-30 01:30:23'),(1013,1,'en','packages/get-started/get-started','exit_wizard_cancel','No, take me back to the wizard','2023-10-30 01:30:23','2023-10-30 01:30:23'),(1014,1,'en','packages/get-started/get-started','change_default_account_info_title','Change default account info','2023-10-30 01:30:23','2023-10-30 01:30:23'),(1015,1,'en','packages/get-started/get-started','change_default_account_info_description','The default account is using a weak password. You need to change it to a complex password for better security.','2023-10-30 01:30:23','2023-10-30 01:30:23'),(1016,1,'en','packages/get-started/get-started','username','Username','2023-10-30 01:30:23','2023-10-30 01:30:23'),(1017,1,'en','packages/get-started/get-started','email','Email','2023-10-30 01:30:23','2023-10-30 01:30:23'),(1018,1,'en','packages/get-started/get-started','password','Password','2023-10-30 01:30:23','2023-10-30 01:30:23'),(1019,1,'en','packages/get-started/get-started','password_confirmation','Password confirmation','2023-10-30 01:30:23','2023-10-30 01:30:23'),(1020,1,'en','packages/installer/installer','title','Installer','2023-10-30 01:30:23','2023-10-30 01:30:23'),(1021,1,'en','packages/installer/installer','next','Next Step','2023-10-30 01:30:23','2023-10-30 01:30:23'),(1022,1,'en','packages/installer/installer','back','Previous','2023-10-30 01:30:23','2023-10-30 01:30:23'),(1023,1,'en','packages/installer/installer','finish','Install','2023-10-30 01:30:23','2023-10-30 01:30:23'),(1024,1,'en','packages/installer/installer','installation','Installation','2023-10-30 01:30:23','2023-10-30 01:30:23'),(1025,1,'en','packages/installer/installer','forms.errorTitle','The following errors occurred:','2023-10-30 01:30:23','2023-10-30 01:30:23'),(1026,1,'en','packages/installer/installer','welcome.templateTitle','Welcome','2023-10-30 01:30:23','2023-10-30 01:30:23'),(1027,1,'en','packages/installer/installer','welcome.title','Welcome','2023-10-30 01:30:23','2023-10-30 01:30:23'),(1028,1,'en','packages/installer/installer','welcome.message','Before getting started, we need some information on the database. You will need to know the following items before proceeding.','2023-10-30 01:30:23','2023-10-30 01:30:23'),(1029,1,'en','packages/installer/installer','welcome.next','Let\'s go','2023-10-30 01:30:23','2023-10-30 01:30:23'),(1030,1,'en','packages/installer/installer','requirements.templateTitle','Step 1 | Server Requirements','2023-10-30 01:30:23','2023-10-30 01:30:23'),(1031,1,'en','packages/installer/installer','requirements.title','Server Requirements','2023-10-30 01:30:23','2023-10-30 01:30:23'),(1032,1,'en','packages/installer/installer','requirements.next','Check Permissions','2023-10-30 01:30:23','2023-10-30 01:30:23'),(1033,1,'en','packages/installer/installer','permissions.templateTitle','Step 2 | Permissions','2023-10-30 01:30:23','2023-10-30 01:30:23'),(1034,1,'en','packages/installer/installer','permissions.title','Permissions','2023-10-30 01:30:23','2023-10-30 01:30:23'),(1035,1,'en','packages/installer/installer','permissions.next','Configure Environment','2023-10-30 01:30:23','2023-10-30 01:30:23'),(1036,1,'en','packages/installer/installer','environment.wizard.templateTitle','Environment Settings','2023-10-30 01:30:23','2023-10-30 01:30:23'),(1037,1,'en','packages/installer/installer','environment.wizard.title','Environment Settings','2023-10-30 01:30:23','2023-10-30 01:30:23'),(1038,1,'en','packages/installer/installer','environment.wizard.form.name_required','An environment name is required.','2023-10-30 01:30:23','2023-10-30 01:30:23'),(1039,1,'en','packages/installer/installer','environment.wizard.form.app_name_label','Site title','2023-10-30 01:30:23','2023-10-30 01:30:23'),(1040,1,'en','packages/installer/installer','environment.wizard.form.app_name_placeholder','Site title','2023-10-30 01:30:23','2023-10-30 01:30:23'),(1041,1,'en','packages/installer/installer','environment.wizard.form.app_url_label','URL','2023-10-30 01:30:23','2023-10-30 01:30:23'),(1042,1,'en','packages/installer/installer','environment.wizard.form.app_url_placeholder','URL','2023-10-30 01:30:23','2023-10-30 01:30:23'),(1043,1,'en','packages/installer/installer','environment.wizard.form.db_connection_label','Database Connection','2023-10-30 01:30:23','2023-10-30 01:30:23'),(1044,1,'en','packages/installer/installer','environment.wizard.form.db_connection_label_mysql','MySQL','2023-10-30 01:30:23','2023-10-30 01:30:23'),(1045,1,'en','packages/installer/installer','environment.wizard.form.db_connection_label_sqlite','SQLite','2023-10-30 01:30:23','2023-10-30 01:30:23'),(1046,1,'en','packages/installer/installer','environment.wizard.form.db_connection_label_pgsql','PostgreSQL','2023-10-30 01:30:23','2023-10-30 01:30:23'),(1047,1,'en','packages/installer/installer','environment.wizard.form.db_host_label','Database host','2023-10-30 01:30:23','2023-10-30 01:30:23'),(1048,1,'en','packages/installer/installer','environment.wizard.form.db_host_placeholder','Database host','2023-10-30 01:30:23','2023-10-30 01:30:23'),(1049,1,'en','packages/installer/installer','environment.wizard.form.db_port_label','Database port','2023-10-30 01:30:23','2023-10-30 01:30:23'),(1050,1,'en','packages/installer/installer','environment.wizard.form.db_port_placeholder','Database port','2023-10-30 01:30:23','2023-10-30 01:30:23'),(1051,1,'en','packages/installer/installer','environment.wizard.form.db_name_label','Database name','2023-10-30 01:30:23','2023-10-30 01:30:23'),(1052,1,'en','packages/installer/installer','environment.wizard.form.db_name_placeholder','Database name','2023-10-30 01:30:23','2023-10-30 01:30:23'),(1053,1,'en','packages/installer/installer','environment.wizard.form.db_username_label','Database username','2023-10-30 01:30:23','2023-10-30 01:30:23'),(1054,1,'en','packages/installer/installer','environment.wizard.form.db_username_placeholder','Database username','2023-10-30 01:30:23','2023-10-30 01:30:23'),(1055,1,'en','packages/installer/installer','environment.wizard.form.db_password_label','Database password','2023-10-30 01:30:23','2023-10-30 01:30:23'),(1056,1,'en','packages/installer/installer','environment.wizard.form.db_password_placeholder','Database password','2023-10-30 01:30:23','2023-10-30 01:30:23'),(1057,1,'en','packages/installer/installer','environment.wizard.form.buttons.install','Install','2023-10-30 01:30:23','2023-10-30 01:30:23'),(1058,1,'en','packages/installer/installer','environment.wizard.form.db_host_helper','If you use Laravel Sail, just change DB_HOST to DB_HOST=mysql. On some hosting DB_HOST can be localhost instead of 127.0.0.1','2023-10-30 01:30:23','2023-10-30 01:30:23'),(1059,1,'en','packages/installer/installer','environment.wizard.form.db_connections.mysql','MySQL','2023-10-30 01:30:23','2023-10-30 01:30:23'),(1060,1,'en','packages/installer/installer','environment.wizard.form.db_connections.sqlite','SQLite','2023-10-30 01:30:23','2023-10-30 01:30:23'),(1061,1,'en','packages/installer/installer','environment.wizard.form.db_connections.pgsql','PostgreSQL','2023-10-30 01:30:23','2023-10-30 01:30:23'),(1062,1,'en','packages/installer/installer','environment.success','Your .env file settings have been saved.','2023-10-30 01:30:23','2023-10-30 01:30:23'),(1063,1,'en','packages/installer/installer','environment.errors','Unable to save the .env file, Please create it manually.','2023-10-30 01:30:23','2023-10-30 01:30:23'),(1064,1,'en','packages/installer/installer','install','Install','2023-10-30 01:30:23','2023-10-30 01:30:23'),(1065,1,'en','packages/installer/installer','final.title','Installation Finished','2023-10-30 01:30:23','2023-10-30 01:30:23'),(1066,1,'en','packages/installer/installer','final.templateTitle','Installation Finished','2023-10-30 01:30:23','2023-10-30 01:30:23'),(1067,1,'en','packages/installer/installer','final.finished','Application has been successfully installed.','2023-10-30 01:30:23','2023-10-30 01:30:23'),(1068,1,'en','packages/installer/installer','final.exit','Click here to exit','2023-10-30 01:30:23','2023-10-30 01:30:23'),(1069,1,'en','packages/installer/installer','create_account','Create account','2023-10-30 01:30:23','2023-10-30 01:30:23'),(1070,1,'en','packages/installer/installer','first_name','First name','2023-10-30 01:30:23','2023-10-30 01:30:23'),(1071,1,'en','packages/installer/installer','last_name','Last name','2023-10-30 01:30:23','2023-10-30 01:30:23'),(1072,1,'en','packages/installer/installer','username','Username','2023-10-30 01:30:23','2023-10-30 01:30:23'),(1073,1,'en','packages/installer/installer','email','Email','2023-10-30 01:30:23','2023-10-30 01:30:23'),(1074,1,'en','packages/installer/installer','password','Password','2023-10-30 01:30:23','2023-10-30 01:30:23'),(1075,1,'en','packages/installer/installer','password_confirmation','Password confirmation','2023-10-30 01:30:23','2023-10-30 01:30:23'),(1076,1,'en','packages/installer/installer','create','Create','2023-10-30 01:30:23','2023-10-30 01:30:23'),(1077,1,'en','packages/installer/installer','install_success','Installed successfully!','2023-10-30 01:30:23','2023-10-30 01:30:23'),(1078,1,'en','packages/menu/menu','name','Menus','2023-10-30 01:30:23','2023-10-30 01:30:23'),(1079,1,'en','packages/menu/menu','key_name','Menu name (key: :key)','2023-10-30 01:30:23','2023-10-30 01:30:23'),(1080,1,'en','packages/menu/menu','basic_info','Basic information','2023-10-30 01:30:23','2023-10-30 01:30:23'),(1081,1,'en','packages/menu/menu','add_to_menu','Add to menu','2023-10-30 01:30:23','2023-10-30 01:30:23'),(1082,1,'en','packages/menu/menu','custom_link','Custom link','2023-10-30 01:30:23','2023-10-30 01:30:23'),(1083,1,'en','packages/menu/menu','add_link','Add link','2023-10-30 01:30:23','2023-10-30 01:30:23'),(1084,1,'en','packages/menu/menu','structure','Menu structure','2023-10-30 01:30:23','2023-10-30 01:30:23'),(1085,1,'en','packages/menu/menu','remove','Remove','2023-10-30 01:30:23','2023-10-30 01:30:23'),(1086,1,'en','packages/menu/menu','cancel','Cancel','2023-10-30 01:30:23','2023-10-30 01:30:23'),(1087,1,'en','packages/menu/menu','title','Title','2023-10-30 01:30:23','2023-10-30 01:30:23'),(1088,1,'en','packages/menu/menu','icon','Icon','2023-10-30 01:30:23','2023-10-30 01:30:23'),(1089,1,'en','packages/menu/menu','url','URL','2023-10-30 01:30:23','2023-10-30 01:30:23'),(1090,1,'en','packages/menu/menu','target','Target','2023-10-30 01:30:23','2023-10-30 01:30:23'),(1091,1,'en','packages/menu/menu','css_class','CSS class','2023-10-30 01:30:23','2023-10-30 01:30:23'),(1092,1,'en','packages/menu/menu','self_open_link','Open link directly','2023-10-30 01:30:23','2023-10-30 01:30:23'),(1093,1,'en','packages/menu/menu','blank_open_link','Open link in new tab','2023-10-30 01:30:23','2023-10-30 01:30:23'),(1094,1,'en','packages/menu/menu','create','Create menu','2023-10-30 01:30:23','2023-10-30 01:30:23'),(1095,1,'en','packages/menu/menu','menu_settings','Menu settings','2023-10-30 01:30:23','2023-10-30 01:30:23'),(1096,1,'en','packages/menu/menu','display_location','Display location','2023-10-30 01:30:23','2023-10-30 01:30:23'),(1097,1,'en','packages/menu/menu','title_placeholder','Title','2023-10-30 01:30:23','2023-10-30 01:30:23'),(1098,1,'en','packages/menu/menu','icon_placeholder','Icon','2023-10-30 01:30:23','2023-10-30 01:30:23'),(1099,1,'en','packages/menu/menu','url_placeholder','URL','2023-10-30 01:30:23','2023-10-30 01:30:23'),(1100,1,'en','packages/menu/menu','css_class_placeholder','CSS class','2023-10-30 01:30:23','2023-10-30 01:30:23'),(1101,1,'en','packages/menu/menu','menu_id','Menu ID','2023-10-30 01:30:23','2023-10-30 01:30:23'),(1102,1,'en','packages/optimize/optimize','settings.title','Optimize page speed','2023-10-30 01:30:23','2023-10-30 01:30:23'),(1103,1,'en','packages/optimize/optimize','settings.description','Minify HTML output, inline CSS, remove comments...','2023-10-30 01:30:23','2023-10-30 01:30:23'),(1104,1,'en','packages/optimize/optimize','settings.enable','Enable optimize page speed?','2023-10-30 01:30:23','2023-10-30 01:30:23'),(1105,1,'en','packages/optimize/optimize','collapse_white_space','Collapse white space','2023-10-30 01:30:23','2023-10-30 01:30:23'),(1106,1,'en','packages/optimize/optimize','collapse_white_space_description','This filter reduces bytes transmitted in an HTML file by removing unnecessary whitespace.','2023-10-30 01:30:23','2023-10-30 01:30:23'),(1107,1,'en','packages/optimize/optimize','elide_attributes','Elide attributes','2023-10-30 01:30:23','2023-10-30 01:30:23'),(1108,1,'en','packages/optimize/optimize','elide_attributes_description','This filter reduces the transfer size of HTML files by removing attributes from tags when the specified value is equal to the default value for that attribute. This can save a modest number of bytes, and may make the document more compressible by canonicalizing the affected tags.','2023-10-30 01:30:24','2023-10-30 01:30:24'),(1109,1,'en','packages/optimize/optimize','inline_css','Inline CSS','2023-10-30 01:30:24','2023-10-30 01:30:24'),(1110,1,'en','packages/optimize/optimize','inline_css_description','This filter transforms the inline \"style\" attribute of tags into classes by moving the CSS to the header.','2023-10-30 01:30:24','2023-10-30 01:30:24'),(1111,1,'en','packages/optimize/optimize','insert_dns_prefetch','Insert DNS prefetch','2023-10-30 01:30:24','2023-10-30 01:30:24'),(1112,1,'en','packages/optimize/optimize','insert_dns_prefetch_description','This filter injects tags in the HEAD to enable the browser to do DNS prefetching.','2023-10-30 01:30:24','2023-10-30 01:30:24'),(1113,1,'en','packages/optimize/optimize','remove_comments','Remove comments','2023-10-30 01:30:24','2023-10-30 01:30:24'),(1114,1,'en','packages/optimize/optimize','remove_comments_description','This filter eliminates HTML, JS and CSS comments. The filter reduces the transfer size of HTML files by removing the comments. Depending on the HTML file, this filter can significantly reduce the number of bytes transmitted on the network.','2023-10-30 01:30:24','2023-10-30 01:30:24'),(1115,1,'en','packages/optimize/optimize','remove_quotes','Remove quotes','2023-10-30 01:30:24','2023-10-30 01:30:24'),(1116,1,'en','packages/optimize/optimize','remove_quotes_description','This filter eliminates unnecessary quotation marks from HTML attributes. While required by the various HTML specifications, browsers permit their omission when the value of an attribute is composed of a certain subset of characters (alphanumerics and some punctuation characters).','2023-10-30 01:30:24','2023-10-30 01:30:24'),(1117,1,'en','packages/optimize/optimize','defer_javascript','Defer javascript','2023-10-30 01:30:24','2023-10-30 01:30:24'),(1118,1,'en','packages/optimize/optimize','defer_javascript_description','Defers the execution of javascript in the HTML. If necessary cancel deferring in some script, use data-pagespeed-no-defer as script attribute to cancel deferring.','2023-10-30 01:30:24','2023-10-30 01:30:24'),(1119,1,'en','packages/page/pages','create','Create new page','2023-10-30 01:30:24','2023-10-30 01:30:24'),(1120,1,'en','packages/page/pages','form.name','Name','2023-10-30 01:30:24','2023-10-30 01:30:24'),(1121,1,'en','packages/page/pages','form.name_placeholder','Page\'s name (Maximum 120 characters)','2023-10-30 01:30:24','2023-10-30 01:30:24'),(1122,1,'en','packages/page/pages','form.content','Content','2023-10-30 01:30:24','2023-10-30 01:30:24'),(1123,1,'en','packages/page/pages','form.note','Note content','2023-10-30 01:30:24','2023-10-30 01:30:24'),(1124,1,'en','packages/page/pages','notices.no_select','Please select at least one record to take this action!','2023-10-30 01:30:24','2023-10-30 01:30:24'),(1125,1,'en','packages/page/pages','notices.update_success_message','Update successfully','2023-10-30 01:30:24','2023-10-30 01:30:24'),(1126,1,'en','packages/page/pages','cannot_delete','Page could not be deleted','2023-10-30 01:30:24','2023-10-30 01:30:24'),(1127,1,'en','packages/page/pages','deleted','Page deleted','2023-10-30 01:30:24','2023-10-30 01:30:24'),(1128,1,'en','packages/page/pages','pages','Pages','2023-10-30 01:30:24','2023-10-30 01:30:24'),(1129,1,'en','packages/page/pages','menu','Pages','2023-10-30 01:30:24','2023-10-30 01:30:24'),(1130,1,'en','packages/page/pages','menu_name','Pages','2023-10-30 01:30:24','2023-10-30 01:30:24'),(1131,1,'en','packages/page/pages','edit_this_page','Edit this page','2023-10-30 01:30:24','2023-10-30 01:30:24'),(1132,1,'en','packages/page/pages','total_pages','Total pages','2023-10-30 01:30:24','2023-10-30 01:30:24'),(1133,1,'en','packages/page/pages','settings.show_on_front','Your homepage displays','2023-10-30 01:30:24','2023-10-30 01:30:24'),(1134,1,'en','packages/page/pages','settings.select','— Select —','2023-10-30 01:30:24','2023-10-30 01:30:24'),(1135,1,'en','packages/page/pages','front_page','Front Page','2023-10-30 01:30:24','2023-10-30 01:30:24'),(1136,1,'en','packages/plugin-management/marketplace','previous','&laquo; Previous','2023-10-30 01:30:24','2023-10-30 01:30:24'),(1137,1,'en','packages/plugin-management/marketplace','next','Next &raquo;','2023-10-30 01:30:24','2023-10-30 01:30:24'),(1138,1,'en','packages/plugin-management/marketplace','showing','Showing','2023-10-30 01:30:24','2023-10-30 01:30:24'),(1139,1,'en','packages/plugin-management/marketplace','to','to','2023-10-30 01:30:24','2023-10-30 01:30:24'),(1140,1,'en','packages/plugin-management/marketplace','of','of','2023-10-30 01:30:24','2023-10-30 01:30:24'),(1141,1,'en','packages/plugin-management/marketplace','results','results','2023-10-30 01:30:24','2023-10-30 01:30:24'),(1142,1,'en','packages/plugin-management/marketplace','add_new','Add new','2023-10-30 01:30:24','2023-10-30 01:30:24'),(1143,1,'en','packages/plugin-management/marketplace','installed','Installed','2023-10-30 01:30:24','2023-10-30 01:30:24'),(1144,1,'en','packages/plugin-management/marketplace','install_now','Install now','2023-10-30 01:30:24','2023-10-30 01:30:24'),(1145,1,'en','packages/plugin-management/marketplace','installing','Installing...','2023-10-30 01:30:24','2023-10-30 01:30:24'),(1146,1,'en','packages/plugin-management/marketplace','detail','Details','2023-10-30 01:30:24','2023-10-30 01:30:24'),(1147,1,'en','packages/plugin-management/marketplace','version','Version','2023-10-30 01:30:24','2023-10-30 01:30:24'),(1148,1,'en','packages/plugin-management/marketplace','minimum_core_version','Minimum core version','2023-10-30 01:30:24','2023-10-30 01:30:24'),(1149,1,'en','packages/plugin-management/marketplace','last_update','Last update','2023-10-30 01:30:24','2023-10-30 01:30:24'),(1150,1,'en','packages/plugin-management/marketplace','compatible_version','Compatible with your version','2023-10-30 01:30:24','2023-10-30 01:30:24'),(1151,1,'en','packages/plugin-management/marketplace','incompatible_version','Incompatible with your version','2023-10-30 01:30:24','2023-10-30 01:30:24'),(1152,1,'en','packages/plugin-management/marketplace','deactivate','Deactivate','2023-10-30 01:30:24','2023-10-30 01:30:24'),(1153,1,'en','packages/plugin-management/marketplace','activate','Activate','2023-10-30 01:30:24','2023-10-30 01:30:24'),(1154,1,'en','packages/plugin-management/marketplace','activating','Activating...','2023-10-30 01:30:24','2023-10-30 01:30:24'),(1155,1,'en','packages/plugin-management/marketplace','activated','Activated','2023-10-30 01:30:24','2023-10-30 01:30:24'),(1156,1,'en','packages/plugin-management/marketplace','connection_aborted','Connection Aborted','2023-10-30 01:30:24','2023-10-30 01:30:24'),(1157,1,'en','packages/plugin-management/marketplace','connection_aborted_description','Connection Aborted Description','2023-10-30 01:30:24','2023-10-30 01:30:24'),(1158,1,'en','packages/plugin-management/marketplace','api_connect_error','Connect to Marketplace API Error, please contact support','2023-10-30 01:30:24','2023-10-30 01:30:24'),(1159,1,'en','packages/plugin-management/marketplace','keyword','Keyword','2023-10-30 01:30:24','2023-10-30 01:30:24'),(1160,1,'en','packages/plugin-management/marketplace','search','Search','2023-10-30 01:30:24','2023-10-30 01:30:24'),(1161,1,'en','packages/plugin-management/marketplace','all','All','2023-10-30 01:30:24','2023-10-30 01:30:24'),(1162,1,'en','packages/plugin-management/marketplace','featured','Featured','2023-10-30 01:30:24','2023-10-30 01:30:24'),(1163,1,'en','packages/plugin-management/marketplace','popular','Popular','2023-10-30 01:30:24','2023-10-30 01:30:24'),(1164,1,'en','packages/plugin-management/marketplace','top_rated','Top Rated','2023-10-30 01:30:24','2023-10-30 01:30:24'),(1165,1,'en','packages/plugin-management/marketplace','install_plugin','Install plugin','2023-10-30 01:30:24','2023-10-30 01:30:24'),(1166,1,'en','packages/plugin-management/marketplace','cancel','Cancel','2023-10-30 01:30:24','2023-10-30 01:30:24'),(1167,1,'en','packages/plugin-management/marketplace','yes_install',' Yes! Install','2023-10-30 01:30:24','2023-10-30 01:30:24'),(1168,1,'en','packages/plugin-management/marketplace','message_alert','Are you sure you want to install this plugin?','2023-10-30 01:30:24','2023-10-30 01:30:24'),(1169,1,'en','packages/plugin-management/marketplace','folder_permissions','Folder does not have permission to write file or the update file path could not be resolved, please contact support','2023-10-30 01:30:24','2023-10-30 01:30:24'),(1170,1,'en','packages/plugin-management/marketplace','unzip_failed','Unzip extraction failed','2023-10-30 01:30:24','2023-10-30 01:30:24'),(1171,1,'en','packages/plugin-management/marketplace','unzip_success','Download file extracted','2023-10-30 01:30:24','2023-10-30 01:30:24'),(1172,1,'en','packages/plugin-management/marketplace','install_success','Installed plugin successfully!','2023-10-30 01:30:24','2023-10-30 01:30:24'),(1173,1,'en','packages/plugin-management/marketplace','update_success','Updated plugin successfully!','2023-10-30 01:30:24','2023-10-30 01:30:24'),(1174,1,'en','packages/plugin-management/marketplace','minimum_core_version_error','Cannot install this plugin. Minimum core version is :version.','2023-10-30 01:30:24','2023-10-30 01:30:24'),(1175,1,'en','packages/plugin-management/plugin','enabled','Enabled','2023-10-30 01:30:24','2023-10-30 01:30:24'),(1176,1,'en','packages/plugin-management/plugin','deactivated','Deactivated','2023-10-30 01:30:24','2023-10-30 01:30:24'),(1177,1,'en','packages/plugin-management/plugin','activated','Activated','2023-10-30 01:30:24','2023-10-30 01:30:24'),(1178,1,'en','packages/plugin-management/plugin','activate','Activate','2023-10-30 01:30:24','2023-10-30 01:30:24'),(1179,1,'en','packages/plugin-management/plugin','deactivate','Deactivate','2023-10-30 01:30:24','2023-10-30 01:30:24'),(1180,1,'en','packages/plugin-management/plugin','author','By','2023-10-30 01:30:24','2023-10-30 01:30:24'),(1181,1,'en','packages/plugin-management/plugin','update_plugin_status_success','Update plugin successfully','2023-10-30 01:30:24','2023-10-30 01:30:24'),(1182,1,'en','packages/plugin-management/plugin','plugins','Plugins','2023-10-30 01:30:24','2023-10-30 01:30:24'),(1183,1,'en','packages/plugin-management/plugin','missing_required_plugins','Please activate plugin(s): :plugins before activate this plugin!','2023-10-30 01:30:24','2023-10-30 01:30:24'),(1184,1,'en','packages/plugin-management/plugin','remove','Remove','2023-10-30 01:30:24','2023-10-30 01:30:24'),(1185,1,'en','packages/plugin-management/plugin','remove_plugin_success','Remove plugin successfully!','2023-10-30 01:30:24','2023-10-30 01:30:24'),(1186,1,'en','packages/plugin-management/plugin','remove_plugin','Remove plugin','2023-10-30 01:30:24','2023-10-30 01:30:24'),(1187,1,'en','packages/plugin-management/plugin','remove_plugin_confirm_message','Do you really want to remove this plugin?','2023-10-30 01:30:24','2023-10-30 01:30:24'),(1188,1,'en','packages/plugin-management/plugin','remove_plugin_confirm_yes','Yes, remove it!','2023-10-30 01:30:24','2023-10-30 01:30:24'),(1189,1,'en','packages/plugin-management/plugin','total_plugins','Total plugins','2023-10-30 01:30:24','2023-10-30 01:30:24'),(1190,1,'en','packages/plugin-management/plugin','invalid_plugin','This plugin is not a valid plugin, please check it again!','2023-10-30 01:30:24','2023-10-30 01:30:24'),(1191,1,'en','packages/plugin-management/plugin','version','Version','2023-10-30 01:30:24','2023-10-30 01:30:24'),(1192,1,'en','packages/plugin-management/plugin','invalid_json','Invalid plugin.json!','2023-10-30 01:30:24','2023-10-30 01:30:24'),(1193,1,'en','packages/plugin-management/plugin','activate_success','Activate plugin successfully!','2023-10-30 01:30:24','2023-10-30 01:30:24'),(1194,1,'en','packages/plugin-management/plugin','activated_already','This plugin is activated already!','2023-10-30 01:30:24','2023-10-30 01:30:24'),(1195,1,'en','packages/plugin-management/plugin','plugin_not_exist','This plugin is not exists.','2023-10-30 01:30:24','2023-10-30 01:30:24'),(1196,1,'en','packages/plugin-management/plugin','missing_json_file','Missing file plugin.json!','2023-10-30 01:30:24','2023-10-30 01:30:24'),(1197,1,'en','packages/plugin-management/plugin','plugin_invalid','Plugin is valid!','2023-10-30 01:30:24','2023-10-30 01:30:24'),(1198,1,'en','packages/plugin-management/plugin','published_assets_success','Publish assets for plugin :name successfully!','2023-10-30 01:30:24','2023-10-30 01:30:24'),(1199,1,'en','packages/plugin-management/plugin','plugin_removed','Plugin has been removed!','2023-10-30 01:30:24','2023-10-30 01:30:24'),(1200,1,'en','packages/plugin-management/plugin','deactivated_success','Deactivate plugin successfully!','2023-10-30 01:30:24','2023-10-30 01:30:24'),(1201,1,'en','packages/plugin-management/plugin','deactivated_already','This plugin is deactivated already!','2023-10-30 01:30:24','2023-10-30 01:30:24'),(1202,1,'en','packages/plugin-management/plugin','folder_is_not_writeable','Cannot write files! Folder :name is not writable. Please chmod to make it writable!','2023-10-30 01:30:24','2023-10-30 01:30:24'),(1203,1,'en','packages/plugin-management/plugin','plugin_is_not_ready','Plugin :name is not ready to use','2023-10-30 01:30:24','2023-10-30 01:30:24'),(1204,1,'en','packages/plugin-management/plugin','plugins_installed','Installed Plugins','2023-10-30 01:30:24','2023-10-30 01:30:24'),(1205,1,'en','packages/plugin-management/plugin','plugins_add_new','Add new','2023-10-30 01:30:24','2023-10-30 01:30:24'),(1206,1,'en','packages/plugin-management/plugin','update','Update','2023-10-30 01:30:24','2023-10-30 01:30:24'),(1207,1,'en','packages/plugin-management/plugin','requirement_not_met','Plugin :plugin requires plugin(s): :required_plugins. Do you want to install them and activate :plugin now?','2023-10-30 01:30:24','2023-10-30 01:30:24'),(1208,1,'en','packages/plugin-management/plugin','install','Install now','2023-10-30 01:30:24','2023-10-30 01:30:24'),(1209,1,'en','packages/plugin-management/plugin','install_plugin','Install Plugin','2023-10-30 01:30:24','2023-10-30 01:30:24'),(1210,1,'en','packages/plugin-management/plugin','minimum_core_version_not_met','Plugin :plugin requires :minimum_core_version version of core, but your core version is :current_core_version. Please upgrade your core to use this plugin!','2023-10-30 01:30:24','2023-10-30 01:30:24'),(1211,1,'en','packages/seo-helper/seo-helper','meta_box_header','Search Engine Optimize','2023-10-30 01:30:24','2023-10-30 01:30:24'),(1212,1,'en','packages/seo-helper/seo-helper','edit_seo_meta','Edit SEO meta','2023-10-30 01:30:24','2023-10-30 01:30:24'),(1213,1,'en','packages/seo-helper/seo-helper','default_description','Setup meta title & description to make your site easy to discovered on search engines such as Google','2023-10-30 01:30:24','2023-10-30 01:30:24'),(1214,1,'en','packages/seo-helper/seo-helper','seo_title','SEO Title','2023-10-30 01:30:24','2023-10-30 01:30:24'),(1215,1,'en','packages/seo-helper/seo-helper','seo_description','SEO description','2023-10-30 01:30:24','2023-10-30 01:30:24'),(1216,1,'en','packages/slug/slug','permalink_settings','Permalink','2023-10-30 01:30:24','2023-10-30 01:30:24'),(1217,1,'en','packages/slug/slug','settings.title','Permalink settings','2023-10-30 01:30:24','2023-10-30 01:30:24'),(1218,1,'en','packages/slug/slug','settings.description','Manage permalink for all modules.','2023-10-30 01:30:24','2023-10-30 01:30:24'),(1219,1,'en','packages/slug/slug','settings.preview','Preview','2023-10-30 01:30:24','2023-10-30 01:30:24'),(1220,1,'en','packages/slug/slug','settings.turn_off_automatic_url_translation_into_latin','Turn off automatic URL translation into Latin?','2023-10-30 01:30:24','2023-10-30 01:30:24'),(1221,1,'en','packages/slug/slug','settings.available_variables','Available variables','2023-10-30 01:30:24','2023-10-30 01:30:24'),(1222,1,'en','packages/slug/slug','preview','Preview','2023-10-30 01:30:24','2023-10-30 01:30:24'),(1223,1,'en','packages/slug/slug','prefix_for','Prefix for :name','2023-10-30 01:30:24','2023-10-30 01:30:24'),(1224,1,'en','packages/slug/slug','public_single_ending_url','Postfix for single page URL','2023-10-30 01:30:24','2023-10-30 01:30:24'),(1225,1,'en','packages/slug/slug','current_year','Current year','2023-10-30 01:30:24','2023-10-30 01:30:24'),(1226,1,'en','packages/slug/slug','current_month','Current month','2023-10-30 01:30:24','2023-10-30 01:30:24'),(1227,1,'en','packages/slug/slug','current_day','Current day','2023-10-30 01:30:24','2023-10-30 01:30:24'),(1228,1,'en','packages/theme/theme','name','Themes','2023-10-30 01:30:24','2023-10-30 01:30:24'),(1229,1,'en','packages/theme/theme','theme','Theme','2023-10-30 01:30:24','2023-10-30 01:30:24'),(1230,1,'en','packages/theme/theme','author','Author','2023-10-30 01:30:24','2023-10-30 01:30:24'),(1231,1,'en','packages/theme/theme','version','Version','2023-10-30 01:30:24','2023-10-30 01:30:24'),(1232,1,'en','packages/theme/theme','description','Description','2023-10-30 01:30:24','2023-10-30 01:30:24'),(1233,1,'en','packages/theme/theme','active_success','Activate theme :name successfully!','2023-10-30 01:30:24','2023-10-30 01:30:24'),(1234,1,'en','packages/theme/theme','active','Active','2023-10-30 01:30:24','2023-10-30 01:30:24'),(1235,1,'en','packages/theme/theme','activated','Activated','2023-10-30 01:30:24','2023-10-30 01:30:24'),(1236,1,'en','packages/theme/theme','appearance','Appearance','2023-10-30 01:30:24','2023-10-30 01:30:24'),(1237,1,'en','packages/theme/theme','theme_options','Theme options','2023-10-30 01:30:24','2023-10-30 01:30:24'),(1238,1,'en','packages/theme/theme','save_changes','Save Changes','2023-10-30 01:30:24','2023-10-30 01:30:24'),(1239,1,'en','packages/theme/theme','custom_css','Custom CSS','2023-10-30 01:30:24','2023-10-30 01:30:24'),(1240,1,'en','packages/theme/theme','custom_js','Custom JS','2023-10-30 01:30:24','2023-10-30 01:30:24'),(1241,1,'en','packages/theme/theme','custom_header_js','Header JS','2023-10-30 01:30:24','2023-10-30 01:30:24'),(1242,1,'en','packages/theme/theme','custom_header_js_placeholder','JS in header of page, wrap it inside &#x3C;script&#x3E;&#x3C;/script&#x3E;','2023-10-30 01:30:24','2023-10-30 01:30:24'),(1243,1,'en','packages/theme/theme','custom_body_js','Body JS','2023-10-30 01:30:24','2023-10-30 01:30:24'),(1244,1,'en','packages/theme/theme','custom_body_js_placeholder','JS in body of page, wrap it inside &#x3C;script&#x3E;&#x3C;/script&#x3E;','2023-10-30 01:30:24','2023-10-30 01:30:24'),(1245,1,'en','packages/theme/theme','custom_footer_js','Footer JS','2023-10-30 01:30:25','2023-10-30 01:30:25'),(1246,1,'en','packages/theme/theme','custom_footer_js_placeholder','JS in footer of page, wrap it inside &#x3C;script&#x3E;&#x3C;/script&#x3E;','2023-10-30 01:30:25','2023-10-30 01:30:25'),(1247,1,'en','packages/theme/theme','custom_html','Custom HTML','2023-10-30 01:30:25','2023-10-30 01:30:25'),(1248,1,'en','packages/theme/theme','custom_header_html','Header HTML','2023-10-30 01:30:25','2023-10-30 01:30:25'),(1249,1,'en','packages/theme/theme','custom_header_html_placeholder','HTML in header of page, no special tags: script, style, iframe...','2023-10-30 01:30:25','2023-10-30 01:30:25'),(1250,1,'en','packages/theme/theme','custom_body_html','Body HTML','2023-10-30 01:30:25','2023-10-30 01:30:25'),(1251,1,'en','packages/theme/theme','custom_body_html_placeholder','HTML in body of page, no special tags: script, style, iframe...','2023-10-30 01:30:25','2023-10-30 01:30:25'),(1252,1,'en','packages/theme/theme','custom_footer_html','Footer HTML','2023-10-30 01:30:25','2023-10-30 01:30:25'),(1253,1,'en','packages/theme/theme','custom_footer_html_placeholder','HTML in footer of page, no special tags: script, style, iframe...','2023-10-30 01:30:25','2023-10-30 01:30:25'),(1254,1,'en','packages/theme/theme','remove_theme_success','Remove theme successfully!','2023-10-30 01:30:25','2023-10-30 01:30:25'),(1255,1,'en','packages/theme/theme','theme_is_not_existed','This theme is not existed!','2023-10-30 01:30:25','2023-10-30 01:30:25'),(1256,1,'en','packages/theme/theme','remove','Remove','2023-10-30 01:30:25','2023-10-30 01:30:25'),(1257,1,'en','packages/theme/theme','remove_theme','Remove theme','2023-10-30 01:30:25','2023-10-30 01:30:25'),(1258,1,'en','packages/theme/theme','remove_theme_confirm_message','Do you really want to remove this theme?','2023-10-30 01:30:25','2023-10-30 01:30:25'),(1259,1,'en','packages/theme/theme','remove_theme_confirm_yes','Yes, remove it!','2023-10-30 01:30:25','2023-10-30 01:30:25'),(1260,1,'en','packages/theme/theme','total_themes','Total themes','2023-10-30 01:30:25','2023-10-30 01:30:25'),(1261,1,'en','packages/theme/theme','show_admin_bar','Show admin bar (When admin logged in, still show admin bar in website)?','2023-10-30 01:30:25','2023-10-30 01:30:25'),(1262,1,'en','packages/theme/theme','settings.title','Theme','2023-10-30 01:30:25','2023-10-30 01:30:25'),(1263,1,'en','packages/theme/theme','settings.description','Setting for theme','2023-10-30 01:30:25','2023-10-30 01:30:25'),(1264,1,'en','packages/theme/theme','settings.redirect_404_to_homepage','Redirect all not found requests to homepage?','2023-10-30 01:30:25','2023-10-30 01:30:25'),(1265,1,'en','packages/theme/theme','settings.show_guidelines','Show guidelines?','2023-10-30 01:30:25','2023-10-30 01:30:25'),(1266,1,'en','packages/theme/theme','add_new','Add new','2023-10-30 01:30:25','2023-10-30 01:30:25'),(1267,1,'en','packages/theme/theme','theme_activated_already','Theme \":name\" is activated already!','2023-10-30 01:30:25','2023-10-30 01:30:25'),(1268,1,'en','packages/theme/theme','missing_json_file','Missing file theme.json!','2023-10-30 01:30:25','2023-10-30 01:30:25'),(1269,1,'en','packages/theme/theme','theme_invalid','Theme is valid!','2023-10-30 01:30:25','2023-10-30 01:30:25'),(1270,1,'en','packages/theme/theme','published_assets_success','Publish assets for :themes successfully!','2023-10-30 01:30:25','2023-10-30 01:30:25'),(1271,1,'en','packages/theme/theme','cannot_remove_theme','Cannot remove activated theme, please activate another theme before removing \":name\"!','2023-10-30 01:30:25','2023-10-30 01:30:25'),(1272,1,'en','packages/theme/theme','theme_deleted','Theme \":name\" has been destroyed.','2023-10-30 01:30:25','2023-10-30 01:30:25'),(1273,1,'en','packages/theme/theme','removed_assets','Remove assets of a theme :name successfully!','2023-10-30 01:30:25','2023-10-30 01:30:25'),(1274,1,'en','packages/theme/theme','update_custom_css_success','Update custom CSS successfully!','2023-10-30 01:30:25','2023-10-30 01:30:25'),(1275,1,'en','packages/theme/theme','update_custom_js_success','Update custom JS successfully!','2023-10-30 01:30:25','2023-10-30 01:30:25'),(1276,1,'en','packages/theme/theme','update_custom_html_success','Update custom HTML successfully!','2023-10-30 01:30:25','2023-10-30 01:30:25'),(1277,1,'en','packages/theme/theme','go_to_dashboard','Go to dashboard','2023-10-30 01:30:25','2023-10-30 01:30:25'),(1278,1,'en','packages/theme/theme','custom_css_placeholder','Using Ctrl + Space to autocomplete.','2023-10-30 01:30:25','2023-10-30 01:30:25'),(1279,1,'en','packages/theme/theme','theme_option_general','General','2023-10-30 01:30:25','2023-10-30 01:30:25'),(1280,1,'en','packages/theme/theme','theme_option_general_description','General settings','2023-10-30 01:30:25','2023-10-30 01:30:25'),(1281,1,'en','packages/theme/theme','theme_option_seo_open_graph_image','SEO default Open Graph image','2023-10-30 01:30:25','2023-10-30 01:30:25'),(1282,1,'en','packages/theme/theme','theme_option_logo','Logo','2023-10-30 01:30:25','2023-10-30 01:30:25'),(1283,1,'en','packages/theme/theme','theme_option_favicon','Favicon','2023-10-30 01:30:25','2023-10-30 01:30:25'),(1284,1,'en','packages/theme/theme','folder_is_not_writeable','Cannot write files! Folder :name is not writable. Please chmod to make it writable!','2023-10-30 01:30:25','2023-10-30 01:30:25'),(1285,1,'en','packages/theme/theme','breadcrumb_enabled','Enable breadcrumb?','2023-10-30 01:30:25','2023-10-30 01:30:25'),(1286,1,'en','packages/widget/widget','name','Widgets','2023-10-30 01:30:25','2023-10-30 01:30:25'),(1287,1,'en','packages/widget/widget','create','New widget','2023-10-30 01:30:25','2023-10-30 01:30:25'),(1288,1,'en','packages/widget/widget','edit','Edit widget','2023-10-30 01:30:25','2023-10-30 01:30:25'),(1289,1,'en','packages/widget/widget','delete','Delete','2023-10-30 01:30:25','2023-10-30 01:30:25'),(1290,1,'en','packages/widget/widget','available','Available Widgets','2023-10-30 01:30:25','2023-10-30 01:30:25'),(1291,1,'en','packages/widget/widget','instruction','To activate a widget drag it to a sidebar or click on it. To deactivate a widget and delete its settings, drag it back.','2023-10-30 01:30:25','2023-10-30 01:30:25'),(1292,1,'en','packages/widget/widget','number_tag_display','Number tags will be display','2023-10-30 01:30:25','2023-10-30 01:30:25'),(1293,1,'en','packages/widget/widget','number_post_display','Number posts will be display','2023-10-30 01:30:25','2023-10-30 01:30:25'),(1294,1,'en','packages/widget/widget','select_menu','Select Menu','2023-10-30 01:30:25','2023-10-30 01:30:25'),(1295,1,'en','packages/widget/widget','widget_text','Text','2023-10-30 01:30:25','2023-10-30 01:30:25'),(1296,1,'en','packages/widget/widget','widget_text_description','Arbitrary text or HTML.','2023-10-30 01:30:25','2023-10-30 01:30:25'),(1297,1,'en','packages/widget/widget','widget_recent_post','Recent Posts','2023-10-30 01:30:25','2023-10-30 01:30:25'),(1298,1,'en','packages/widget/widget','widget_recent_post_description','Recent posts widget.','2023-10-30 01:30:25','2023-10-30 01:30:25'),(1299,1,'en','packages/widget/widget','widget_custom_menu','Custom Menu','2023-10-30 01:30:25','2023-10-30 01:30:25'),(1300,1,'en','packages/widget/widget','widget_custom_menu_description','Add a custom menu to your widget area.','2023-10-30 01:30:25','2023-10-30 01:30:25'),(1301,1,'en','packages/widget/widget','widget_tag','Tags','2023-10-30 01:30:25','2023-10-30 01:30:25'),(1302,1,'en','packages/widget/widget','widget_tag_description','Popular tags','2023-10-30 01:30:25','2023-10-30 01:30:25'),(1303,1,'en','packages/widget/widget','widget_menu','Simple Menu','2023-10-30 01:30:25','2023-10-30 01:30:25'),(1304,1,'en','packages/widget/widget','widget_menu_description','Add a simple menu to your widget area.','2023-10-30 01:30:25','2023-10-30 01:30:25'),(1305,1,'en','packages/widget/widget','widget_menu_label','Label','2023-10-30 01:30:25','2023-10-30 01:30:25'),(1306,1,'en','packages/widget/widget','widget_menu_attributes','Attributes','2023-10-30 01:30:25','2023-10-30 01:30:25'),(1307,1,'en','packages/widget/widget','widget_menu_url','URL','2023-10-30 01:30:25','2023-10-30 01:30:25'),(1308,1,'en','packages/widget/widget','widget_menu_is_open_new_tab','Is open new tab?','2023-10-30 01:30:25','2023-10-30 01:30:25'),(1309,1,'en','packages/widget/widget','save_success','Save widget successfully!','2023-10-30 01:30:25','2023-10-30 01:30:25'),(1310,1,'en','packages/widget/widget','delete_success','Delete widget successfully!','2023-10-30 01:30:25','2023-10-30 01:30:25'),(1311,1,'en','packages/widget/widget','primary_sidebar_name','Primary sidebar','2023-10-30 01:30:25','2023-10-30 01:30:25'),(1312,1,'en','packages/widget/widget','primary_sidebar_description','Primary sidebar section','2023-10-30 01:30:25','2023-10-30 01:30:25'),(1313,1,'en','plugins/ads/ads','name','Ads','2023-10-30 01:30:25','2023-10-30 01:30:25'),(1314,1,'en','plugins/ads/ads','create','New ads','2023-10-30 01:30:25','2023-10-30 01:30:25'),(1315,1,'en','plugins/ads/ads','edit','Edit ads','2023-10-30 01:30:25','2023-10-30 01:30:25'),(1316,1,'en','plugins/ads/ads','location','Location','2023-10-30 01:30:25','2023-10-30 01:30:25'),(1317,1,'en','plugins/ads/ads','url','URL','2023-10-30 01:30:25','2023-10-30 01:30:25'),(1318,1,'en','plugins/ads/ads','expired_at','Expired at','2023-10-30 01:30:25','2023-10-30 01:30:25'),(1319,1,'en','plugins/ads/ads','key','Key','2023-10-30 01:30:25','2023-10-30 01:30:25'),(1320,1,'en','plugins/ads/ads','shortcode','Shortcode','2023-10-30 01:30:25','2023-10-30 01:30:25'),(1321,1,'en','plugins/ads/ads','clicked','Clicked','2023-10-30 01:30:25','2023-10-30 01:30:25'),(1322,1,'en','plugins/ads/ads','not_set','Not set','2023-10-30 01:30:25','2023-10-30 01:30:25'),(1323,1,'en','plugins/ads/ads','adblock_warning','If you are using Adblock browser extension, you need to disable this extension on your site first. It may block your ads if it is enabled on your site! <br /> Tips: Image name SHOULD NOT contain some ads keywords (ad, promotion...)','2023-10-30 01:30:25','2023-10-30 01:30:25'),(1324,1,'en','plugins/ads/ads','select_ad','Select Ad','2023-10-30 01:30:25','2023-10-30 01:30:25'),(1325,1,'en','plugins/ads/ads','open_in_new_tab','Open in new tab?','2023-10-30 01:30:25','2023-10-30 01:30:25'),(1326,1,'en','plugins/analytics/analytics','sessions','Sessions','2023-10-30 01:30:25','2023-10-30 01:30:25'),(1327,1,'en','plugins/analytics/analytics','visitors','Visitors','2023-10-30 01:30:25','2023-10-30 01:30:25'),(1328,1,'en','plugins/analytics/analytics','pageviews','Pageviews','2023-10-30 01:30:25','2023-10-30 01:30:25'),(1329,1,'en','plugins/analytics/analytics','bounce_rate','Bounce Rate','2023-10-30 01:30:25','2023-10-30 01:30:25'),(1330,1,'en','plugins/analytics/analytics','page_session','Pages/Session','2023-10-30 01:30:25','2023-10-30 01:30:25'),(1331,1,'en','plugins/analytics/analytics','avg_duration','Avg. Duration','2023-10-30 01:30:25','2023-10-30 01:30:25'),(1332,1,'en','plugins/analytics/analytics','percent_new_session','Percent new session','2023-10-30 01:30:25','2023-10-30 01:30:25'),(1333,1,'en','plugins/analytics/analytics','new_users','New visitors','2023-10-30 01:30:25','2023-10-30 01:30:25'),(1334,1,'en','plugins/analytics/analytics','visits','visits','2023-10-30 01:30:25','2023-10-30 01:30:25'),(1335,1,'en','plugins/analytics/analytics','views','views','2023-10-30 01:30:25','2023-10-30 01:30:25'),(1336,1,'en','plugins/analytics/analytics','property_id_not_specified','You must provide a valid view id. The document here: <a href=\"https://docs.botble.com/cms/master/plugin-analytics\" target=\"_blank\">https://docs.botble.com/cms/master/plugin-analytics</a>','2023-10-30 01:30:25','2023-10-30 01:30:25'),(1337,1,'en','plugins/analytics/analytics','credential_is_not_valid','Analytics credentials is not valid. The document here: <a href=\"https://docs.botble.com/cms/master/plugin-analytics\" target=\"_blank\">https://docs.botble.com/cms/master/plugin-analytics</a>','2023-10-30 01:30:25','2023-10-30 01:30:25'),(1338,1,'en','plugins/analytics/analytics','start_date_can_not_before_end_date','Start date :start_date cannot be after end date :end_date','2023-10-30 01:30:25','2023-10-30 01:30:25'),(1339,1,'en','plugins/analytics/analytics','wrong_configuration','To view analytics you\'ll need to get a Google Analytics client id and add it to your settings. <br /> You also need JSON credential data. <br /> The document here: <a href=\"https://docs.botble.com/cms/master/plugin-analytics\" target=\"_blank\">https://docs.botble.com/cms/master/plugin-analytics</a>','2023-10-30 01:30:25','2023-10-30 01:30:25'),(1340,1,'en','plugins/analytics/analytics','property_id_is_invalid','Property ID is invalid. Check this: https://developers.google.com/analytics/devguides/reporting/data/v1/property-id','2023-10-30 01:30:25','2023-10-30 01:30:25'),(1341,1,'en','plugins/analytics/analytics','settings.title','Google Analytics','2023-10-30 01:30:25','2023-10-30 01:30:25'),(1342,1,'en','plugins/analytics/analytics','settings.description','Config Credentials for Google Analytics','2023-10-30 01:30:25','2023-10-30 01:30:25'),(1343,1,'en','plugins/analytics/analytics','settings.google_tag_id','Google tag ID','2023-10-30 01:30:25','2023-10-30 01:30:25'),(1344,1,'en','plugins/analytics/analytics','settings.google_tag_id_placeholder','Example: G-76NX8HY29D','2023-10-30 01:30:25','2023-10-30 01:30:25'),(1345,1,'en','plugins/analytics/analytics','settings.analytics_property_id','Property ID for GA4','2023-10-30 01:30:25','2023-10-30 01:30:25'),(1346,1,'en','plugins/analytics/analytics','settings.analytics_property_id_description','Google Analytics Property ID (GA4)','2023-10-30 01:30:25','2023-10-30 01:30:25'),(1347,1,'en','plugins/analytics/analytics','settings.json_credential','Service Account Credentials','2023-10-30 01:30:25','2023-10-30 01:30:25'),(1348,1,'en','plugins/analytics/analytics','settings.json_credential_description','Service Account Credentials','2023-10-30 01:30:25','2023-10-30 01:30:25'),(1349,1,'en','plugins/analytics/analytics','widget_analytics_page','Top Most Visit Pages','2023-10-30 01:30:25','2023-10-30 01:30:25'),(1350,1,'en','plugins/analytics/analytics','widget_analytics_browser','Top Browsers','2023-10-30 01:30:25','2023-10-30 01:30:25'),(1351,1,'en','plugins/analytics/analytics','widget_analytics_referrer','Top Referrers','2023-10-30 01:30:25','2023-10-30 01:30:25'),(1352,1,'en','plugins/analytics/analytics','widget_analytics_general','Site Analytics','2023-10-30 01:30:25','2023-10-30 01:30:25'),(1353,1,'en','plugins/analytics/analytics','missing_library_warning','Analytics plugin error: Missing third-party libraries, please run \"composer update\" to install them.','2023-10-30 01:30:25','2023-10-30 01:30:25'),(1354,1,'en','plugins/audit-log/history','name','Activities Logs','2023-10-30 01:30:25','2023-10-30 01:30:25'),(1355,1,'en','plugins/audit-log/history','created','created','2023-10-30 01:30:25','2023-10-30 01:30:25'),(1356,1,'en','plugins/audit-log/history','updated','updated','2023-10-30 01:30:25','2023-10-30 01:30:25'),(1357,1,'en','plugins/audit-log/history','deleted','deleted','2023-10-30 01:30:25','2023-10-30 01:30:25'),(1358,1,'en','plugins/audit-log/history','logged in','logged in','2023-10-30 01:30:25','2023-10-30 01:30:25'),(1359,1,'en','plugins/audit-log/history','logged out','logged out','2023-10-30 01:30:25','2023-10-30 01:30:25'),(1360,1,'en','plugins/audit-log/history','changed password','changed password','2023-10-30 01:30:25','2023-10-30 01:30:25'),(1361,1,'en','plugins/audit-log/history','updated profile','updated profile','2023-10-30 01:30:25','2023-10-30 01:30:25'),(1362,1,'en','plugins/audit-log/history','attached','attached','2023-10-30 01:30:25','2023-10-30 01:30:25'),(1363,1,'en','plugins/audit-log/history','shared','shared','2023-10-30 01:30:25','2023-10-30 01:30:25'),(1364,1,'en','plugins/audit-log/history','to the system','to the system','2023-10-30 01:30:25','2023-10-30 01:30:25'),(1365,1,'en','plugins/audit-log/history','of the system','of the system','2023-10-30 01:30:25','2023-10-30 01:30:25'),(1366,1,'en','plugins/audit-log/history','menu','menu','2023-10-30 01:30:25','2023-10-30 01:30:25'),(1367,1,'en','plugins/audit-log/history','post','post','2023-10-30 01:30:25','2023-10-30 01:30:25'),(1368,1,'en','plugins/audit-log/history','page','page','2023-10-30 01:30:25','2023-10-30 01:30:25'),(1369,1,'en','plugins/audit-log/history','category','category','2023-10-30 01:30:25','2023-10-30 01:30:25'),(1370,1,'en','plugins/audit-log/history','tag','tag','2023-10-30 01:30:25','2023-10-30 01:30:25'),(1371,1,'en','plugins/audit-log/history','user','user','2023-10-30 01:30:25','2023-10-30 01:30:25'),(1372,1,'en','plugins/audit-log/history','contact','contact','2023-10-30 01:30:25','2023-10-30 01:30:25'),(1373,1,'en','plugins/audit-log/history','backup','backup','2023-10-30 01:30:25','2023-10-30 01:30:25'),(1374,1,'en','plugins/audit-log/history','custom-field','custom field','2023-10-30 01:30:25','2023-10-30 01:30:25'),(1375,1,'en','plugins/audit-log/history','widget_audit_logs','Activities Logs','2023-10-30 01:30:25','2023-10-30 01:30:25'),(1376,1,'en','plugins/audit-log/history','action','Action','2023-10-30 01:30:25','2023-10-30 01:30:25'),(1377,1,'en','plugins/audit-log/history','user_agent','User Agent','2023-10-30 01:30:25','2023-10-30 01:30:25'),(1378,1,'en','plugins/audit-log/history','system','System','2023-10-30 01:30:25','2023-10-30 01:30:25'),(1379,1,'en','plugins/audit-log/history','delete_all','Delete all records','2023-10-30 01:30:25','2023-10-30 01:30:25'),(1380,1,'en','plugins/backup/backup','name','Backup','2023-10-30 01:30:25','2023-10-30 01:30:25'),(1381,1,'en','plugins/backup/backup','backup_description','Backup database and uploads folder.','2023-10-30 01:30:25','2023-10-30 01:30:25'),(1382,1,'en','plugins/backup/backup','create_backup_success','Created backup successfully!','2023-10-30 01:30:25','2023-10-30 01:30:25'),(1383,1,'en','plugins/backup/backup','delete_backup_success','Delete backup successfully!','2023-10-30 01:30:25','2023-10-30 01:30:25'),(1384,1,'en','plugins/backup/backup','restore_backup_success','Restore backup successfully!','2023-10-30 01:30:26','2023-10-30 01:30:26'),(1385,1,'en','plugins/backup/backup','generate_btn','Generate backup','2023-10-30 01:30:26','2023-10-30 01:30:26'),(1386,1,'en','plugins/backup/backup','create','Create a backup','2023-10-30 01:30:26','2023-10-30 01:30:26'),(1387,1,'en','plugins/backup/backup','restore','Restore a backup','2023-10-30 01:30:26','2023-10-30 01:30:26'),(1388,1,'en','plugins/backup/backup','create_btn','Create','2023-10-30 01:30:26','2023-10-30 01:30:26'),(1389,1,'en','plugins/backup/backup','restore_btn','Restore','2023-10-30 01:30:26','2023-10-30 01:30:26'),(1390,1,'en','plugins/backup/backup','restore_confirm_msg','Do you really want to restore this revision?','2023-10-30 01:30:26','2023-10-30 01:30:26'),(1391,1,'en','plugins/backup/backup','download_uploads_folder','Download backup of uploads folder','2023-10-30 01:30:26','2023-10-30 01:30:26'),(1392,1,'en','plugins/backup/backup','download_database','Download backup of database','2023-10-30 01:30:26','2023-10-30 01:30:26'),(1393,1,'en','plugins/backup/backup','restore_tooltip','Restore this backup','2023-10-30 01:30:26','2023-10-30 01:30:26'),(1394,1,'en','plugins/backup/backup','demo_alert','Hi guest, if you see demo site is destroyed, please help me <a href=\":link\">go here</a> and restore demo site to the latest revision! Thank you so much!','2023-10-30 01:30:26','2023-10-30 01:30:26'),(1395,1,'en','plugins/backup/backup','menu_name','Backups','2023-10-30 01:30:26','2023-10-30 01:30:26'),(1396,1,'en','plugins/backup/backup','size','Size','2023-10-30 01:30:26','2023-10-30 01:30:26'),(1397,1,'en','plugins/backup/backup','no_backups','There is no backup now!','2023-10-30 01:30:26','2023-10-30 01:30:26'),(1398,1,'en','plugins/backup/backup','proc_open_disabled_error','Function <strong>proc_open()</strong> has been disabled so the system cannot backup the database. Please contact your hosting provider to enable it.','2023-10-30 01:30:26','2023-10-30 01:30:26'),(1399,1,'en','plugins/backup/backup','database_backup_not_existed','Backup database is not existed!','2023-10-30 01:30:26','2023-10-30 01:30:26'),(1400,1,'en','plugins/backup/backup','uploads_folder_backup_not_existed','Backup uploads folder is not existed!','2023-10-30 01:30:26','2023-10-30 01:30:26'),(1401,1,'en','plugins/backup/backup','important_message1','This is a simple backup feature, it is a solution for you if your site has < 1GB data and can be used for quickly backup your site.','2023-10-30 01:30:26','2023-10-30 01:30:26'),(1402,1,'en','plugins/backup/backup','important_message2','If you have more than 1GB images/files in local storage, you should use backup feature of your hosting or VPS.','2023-10-30 01:30:26','2023-10-30 01:30:26'),(1403,1,'en','plugins/backup/backup','important_message3','To backup your database, function <strong>proc_open()</strong> or <strong>system()</strong> must be enabled. Contact your hosting provider to enable it if it is disabled.','2023-10-30 01:30:26','2023-10-30 01:30:26'),(1404,1,'en','plugins/backup/backup','important_message4','It is not a full backup, it is just back up uploaded files and your database.','2023-10-30 01:30:26','2023-10-30 01:30:26'),(1405,1,'en','plugins/backup/backup','important_message_pgsql1','Currently, we cannot backup <strong>PostgreSQL</strong> database on the web due to PostgreSQL doesnt have option to enter database password directly when exporting database.','2023-10-30 01:30:26','2023-10-30 01:30:26'),(1406,1,'en','plugins/backup/backup','important_message_pgsql2','You can run a command <strong>php artisan cms:backup:create {name}</strong> to generate the backup or <strong>php artisan cms:backup:restore</strong> to restore the latest backup.','2023-10-30 01:30:26','2023-10-30 01:30:26'),(1407,1,'en','plugins/backup/backup','cannot_restore_database','Cannot restore database. The database backup is missing!','2023-10-30 01:30:26','2023-10-30 01:30:26'),(1408,1,'en','plugins/backup/backup','database_driver_not_supported','Database driver is not supported.','2023-10-30 01:30:26','2023-10-30 01:30:26'),(1409,1,'en','plugins/blog/base','menu_name','Blog','2023-10-30 01:30:26','2023-10-30 01:30:26'),(1410,1,'en','plugins/blog/base','blog_page','Blog Page','2023-10-30 01:30:26','2023-10-30 01:30:26'),(1411,1,'en','plugins/blog/base','select','-- Select --','2023-10-30 01:30:26','2023-10-30 01:30:26'),(1412,1,'en','plugins/blog/base','blog_page_id','Blog page','2023-10-30 01:30:26','2023-10-30 01:30:26'),(1413,1,'en','plugins/blog/base','number_posts_per_page','Number posts per page','2023-10-30 01:30:26','2023-10-30 01:30:26'),(1414,1,'en','plugins/blog/base','write_some_tags','Write some tags','2023-10-30 01:30:26','2023-10-30 01:30:26'),(1415,1,'en','plugins/blog/base','short_code_name','Blog posts','2023-10-30 01:30:26','2023-10-30 01:30:26'),(1416,1,'en','plugins/blog/base','short_code_description','Add blog posts','2023-10-30 01:30:26','2023-10-30 01:30:26'),(1417,1,'en','plugins/blog/base','number_posts_per_page_in_category','Number of posts per page in a category','2023-10-30 01:30:26','2023-10-30 01:30:26'),(1418,1,'en','plugins/blog/base','number_posts_per_page_in_tag','Number of posts per page in a tag','2023-10-30 01:30:26','2023-10-30 01:30:26'),(1419,1,'en','plugins/blog/base','settings.title','Blog','2023-10-30 01:30:26','2023-10-30 01:30:26'),(1420,1,'en','plugins/blog/base','settings.description','Settings for Blog','2023-10-30 01:30:26','2023-10-30 01:30:26'),(1421,1,'en','plugins/blog/base','settings.enable_blog_post_schema','Enable Blog Post Schema?','2023-10-30 01:30:26','2023-10-30 01:30:26'),(1422,1,'en','plugins/blog/base','settings.enable_blog_post_schema_description','Learn more: https://schema.org/Article','2023-10-30 01:30:26','2023-10-30 01:30:26'),(1423,1,'en','plugins/blog/base','settings.schema_type','Schema type','2023-10-30 01:30:26','2023-10-30 01:30:26'),(1424,1,'en','plugins/blog/categories','create','Create new category','2023-10-30 01:30:26','2023-10-30 01:30:26'),(1425,1,'en','plugins/blog/categories','menu','Categories','2023-10-30 01:30:26','2023-10-30 01:30:26'),(1426,1,'en','plugins/blog/categories','edit_this_category','Edit this category','2023-10-30 01:30:26','2023-10-30 01:30:26'),(1427,1,'en','plugins/blog/categories','menu_name','Categories','2023-10-30 01:30:26','2023-10-30 01:30:26'),(1428,1,'en','plugins/blog/categories','none','None','2023-10-30 01:30:26','2023-10-30 01:30:26'),(1429,1,'en','plugins/blog/categories','total_posts','Total posts: :total','2023-10-30 01:30:26','2023-10-30 01:30:26'),(1430,1,'en','plugins/blog/member','dob','Born :date','2023-10-30 01:30:26','2023-10-30 01:30:26'),(1431,1,'en','plugins/blog/member','draft_posts','Draft Posts','2023-10-30 01:30:26','2023-10-30 01:30:26'),(1432,1,'en','plugins/blog/member','pending_posts','Pending Posts','2023-10-30 01:30:26','2023-10-30 01:30:26'),(1433,1,'en','plugins/blog/member','published_posts','Published Posts','2023-10-30 01:30:26','2023-10-30 01:30:26'),(1434,1,'en','plugins/blog/member','posts','Posts','2023-10-30 01:30:26','2023-10-30 01:30:26'),(1435,1,'en','plugins/blog/member','write_post','Write a post','2023-10-30 01:30:26','2023-10-30 01:30:26'),(1436,1,'en','plugins/blog/posts','create','Create new post','2023-10-30 01:30:26','2023-10-30 01:30:26'),(1437,1,'en','plugins/blog/posts','form.name','Name','2023-10-30 01:30:26','2023-10-30 01:30:26'),(1438,1,'en','plugins/blog/posts','form.name_placeholder','Post\'s name (Maximum :c characters)','2023-10-30 01:30:26','2023-10-30 01:30:26'),(1439,1,'en','plugins/blog/posts','form.description','Description','2023-10-30 01:30:26','2023-10-30 01:30:26'),(1440,1,'en','plugins/blog/posts','form.description_placeholder','Short description for post (Maximum :c characters)','2023-10-30 01:30:26','2023-10-30 01:30:26'),(1441,1,'en','plugins/blog/posts','form.categories','Categories','2023-10-30 01:30:26','2023-10-30 01:30:26'),(1442,1,'en','plugins/blog/posts','form.tags','Tags','2023-10-30 01:30:26','2023-10-30 01:30:26'),(1443,1,'en','plugins/blog/posts','form.tags_placeholder','Tags','2023-10-30 01:30:26','2023-10-30 01:30:26'),(1444,1,'en','plugins/blog/posts','form.content','Content','2023-10-30 01:30:26','2023-10-30 01:30:26'),(1445,1,'en','plugins/blog/posts','form.is_featured','Is featured?','2023-10-30 01:30:26','2023-10-30 01:30:26'),(1446,1,'en','plugins/blog/posts','form.note','Note content','2023-10-30 01:30:26','2023-10-30 01:30:26'),(1447,1,'en','plugins/blog/posts','form.format_type','Format','2023-10-30 01:30:26','2023-10-30 01:30:26'),(1448,1,'en','plugins/blog/posts','cannot_delete','Post could not be deleted','2023-10-30 01:30:26','2023-10-30 01:30:26'),(1449,1,'en','plugins/blog/posts','post_deleted','Post deleted','2023-10-30 01:30:26','2023-10-30 01:30:26'),(1450,1,'en','plugins/blog/posts','posts','Posts','2023-10-30 01:30:26','2023-10-30 01:30:26'),(1451,1,'en','plugins/blog/posts','post','Post','2023-10-30 01:30:26','2023-10-30 01:30:26'),(1452,1,'en','plugins/blog/posts','edit_this_post','Edit this post','2023-10-30 01:30:26','2023-10-30 01:30:26'),(1453,1,'en','plugins/blog/posts','no_new_post_now','There is no new post now!','2023-10-30 01:30:26','2023-10-30 01:30:26'),(1454,1,'en','plugins/blog/posts','menu_name','Posts','2023-10-30 01:30:26','2023-10-30 01:30:26'),(1455,1,'en','plugins/blog/posts','widget_posts_recent','Recent Posts','2023-10-30 01:30:26','2023-10-30 01:30:26'),(1456,1,'en','plugins/blog/posts','categories','Categories','2023-10-30 01:30:26','2023-10-30 01:30:26'),(1457,1,'en','plugins/blog/posts','category','Category','2023-10-30 01:30:26','2023-10-30 01:30:26'),(1458,1,'en','plugins/blog/posts','author','Author','2023-10-30 01:30:26','2023-10-30 01:30:26'),(1459,1,'en','plugins/blog/tags','form.name','Name','2023-10-30 01:30:26','2023-10-30 01:30:26'),(1460,1,'en','plugins/blog/tags','form.name_placeholder','Tag\'s name (Maximum 120 characters)','2023-10-30 01:30:26','2023-10-30 01:30:26'),(1461,1,'en','plugins/blog/tags','form.description','Description','2023-10-30 01:30:26','2023-10-30 01:30:26'),(1462,1,'en','plugins/blog/tags','form.description_placeholder','Short description for tag (Maximum 400 characters)','2023-10-30 01:30:26','2023-10-30 01:30:26'),(1463,1,'en','plugins/blog/tags','form.categories','Categories','2023-10-30 01:30:26','2023-10-30 01:30:26'),(1464,1,'en','plugins/blog/tags','notices.no_select','Please select at least one tag to take this action!','2023-10-30 01:30:26','2023-10-30 01:30:26'),(1465,1,'en','plugins/blog/tags','create','Create new tag','2023-10-30 01:30:26','2023-10-30 01:30:26'),(1466,1,'en','plugins/blog/tags','cannot_delete','Tag could not be deleted','2023-10-30 01:30:26','2023-10-30 01:30:26'),(1467,1,'en','plugins/blog/tags','deleted','Tag deleted','2023-10-30 01:30:26','2023-10-30 01:30:26'),(1468,1,'en','plugins/blog/tags','menu','Tags','2023-10-30 01:30:26','2023-10-30 01:30:26'),(1469,1,'en','plugins/blog/tags','edit_this_tag','Edit this tag','2023-10-30 01:30:26','2023-10-30 01:30:26'),(1470,1,'en','plugins/blog/tags','menu_name','Tags','2023-10-30 01:30:26','2023-10-30 01:30:26'),(1471,1,'en','plugins/captcha/captcha','settings.title','Captcha','2023-10-30 01:30:26','2023-10-30 01:30:26'),(1472,1,'en','plugins/captcha/captcha','settings.description','Settings for Google Captcha','2023-10-30 01:30:26','2023-10-30 01:30:26'),(1473,1,'en','plugins/captcha/captcha','settings.captcha_site_key','Captcha Site Key','2023-10-30 01:30:26','2023-10-30 01:30:26'),(1474,1,'en','plugins/captcha/captcha','settings.captcha_secret','Captcha Secret','2023-10-30 01:30:26','2023-10-30 01:30:26'),(1475,1,'en','plugins/captcha/captcha','settings.enable_captcha','Enable Captcha?','2023-10-30 01:30:26','2023-10-30 01:30:26'),(1476,1,'en','plugins/captcha/captcha','settings.helper','Go here to get credentials https://www.google.com/recaptcha/admin#list.','2023-10-30 01:30:26','2023-10-30 01:30:26'),(1477,1,'en','plugins/captcha/captcha','settings.hide_badge','Hide recaptcha badge (for v3)','2023-10-30 01:30:26','2023-10-30 01:30:26'),(1478,1,'en','plugins/captcha/captcha','settings.type','Type','2023-10-30 01:30:26','2023-10-30 01:30:26'),(1479,1,'en','plugins/captcha/captcha','settings.v2_description','V2 (Verify requests with a challenge)','2023-10-30 01:30:26','2023-10-30 01:30:26'),(1480,1,'en','plugins/captcha/captcha','settings.v3_description','V3 (Verify requests with a score)','2023-10-30 01:30:26','2023-10-30 01:30:26'),(1481,1,'en','plugins/captcha/captcha','numbers.0','Zero','2023-10-30 01:30:26','2023-10-30 01:30:26'),(1482,1,'en','plugins/captcha/captcha','numbers.1','One','2023-10-30 01:30:26','2023-10-30 01:30:26'),(1483,1,'en','plugins/captcha/captcha','numbers.2','Two','2023-10-30 01:30:26','2023-10-30 01:30:26'),(1484,1,'en','plugins/captcha/captcha','numbers.3','Three','2023-10-30 01:30:26','2023-10-30 01:30:26'),(1485,1,'en','plugins/captcha/captcha','numbers.4','Four','2023-10-30 01:30:26','2023-10-30 01:30:26'),(1486,1,'en','plugins/captcha/captcha','numbers.5','Five','2023-10-30 01:30:26','2023-10-30 01:30:26'),(1487,1,'en','plugins/captcha/captcha','numbers.6','Six','2023-10-30 01:30:26','2023-10-30 01:30:26'),(1488,1,'en','plugins/captcha/captcha','numbers.7','Seven','2023-10-30 01:30:26','2023-10-30 01:30:26'),(1489,1,'en','plugins/captcha/captcha','numbers.8','Eight','2023-10-30 01:30:26','2023-10-30 01:30:26'),(1490,1,'en','plugins/captcha/captcha','numbers.9','Nine','2023-10-30 01:30:26','2023-10-30 01:30:26'),(1491,1,'en','plugins/captcha/captcha','numbers.10','Ten','2023-10-30 01:30:26','2023-10-30 01:30:26'),(1492,1,'en','plugins/captcha/captcha','numbers.11','Eleven','2023-10-30 01:30:26','2023-10-30 01:30:26'),(1493,1,'en','plugins/captcha/captcha','numbers.12','Twelve','2023-10-30 01:30:26','2023-10-30 01:30:26'),(1494,1,'en','plugins/captcha/captcha','operands.+','plus','2023-10-30 01:30:26','2023-10-30 01:30:26'),(1495,1,'en','plugins/captcha/captcha','operands.-','minus','2023-10-30 01:30:26','2023-10-30 01:30:26'),(1496,1,'en','plugins/captcha/captcha','operands.*','times','2023-10-30 01:30:26','2023-10-30 01:30:26'),(1497,1,'en','plugins/captcha/captcha','operands./','divided by','2023-10-30 01:30:26','2023-10-30 01:30:26'),(1498,1,'en','plugins/contact/contact','menu','Contact','2023-10-30 01:30:26','2023-10-30 01:30:26'),(1499,1,'en','plugins/contact/contact','edit','View contact','2023-10-30 01:30:26','2023-10-30 01:30:26'),(1500,1,'en','plugins/contact/contact','tables.phone','Phone','2023-10-30 01:30:26','2023-10-30 01:30:26'),(1501,1,'en','plugins/contact/contact','tables.email','Email','2023-10-30 01:30:26','2023-10-30 01:30:26'),(1502,1,'en','plugins/contact/contact','tables.full_name','Full Name','2023-10-30 01:30:26','2023-10-30 01:30:26'),(1503,1,'en','plugins/contact/contact','tables.time','Time','2023-10-30 01:30:26','2023-10-30 01:30:26'),(1504,1,'en','plugins/contact/contact','tables.address','Address','2023-10-30 01:30:26','2023-10-30 01:30:26'),(1505,1,'en','plugins/contact/contact','tables.subject','Subject','2023-10-30 01:30:26','2023-10-30 01:30:26'),(1506,1,'en','plugins/contact/contact','tables.content','Content','2023-10-30 01:30:26','2023-10-30 01:30:26'),(1507,1,'en','plugins/contact/contact','contact_information','Contact information','2023-10-30 01:30:26','2023-10-30 01:30:26'),(1508,1,'en','plugins/contact/contact','replies','Replies','2023-10-30 01:30:26','2023-10-30 01:30:26'),(1509,1,'en','plugins/contact/contact','email.header','Email','2023-10-30 01:30:26','2023-10-30 01:30:26'),(1510,1,'en','plugins/contact/contact','email.title','New contact from your site','2023-10-30 01:30:26','2023-10-30 01:30:26'),(1511,1,'en','plugins/contact/contact','form.name.required','Name is required','2023-10-30 01:30:26','2023-10-30 01:30:26'),(1512,1,'en','plugins/contact/contact','form.email.required','Email is required','2023-10-30 01:30:26','2023-10-30 01:30:26'),(1513,1,'en','plugins/contact/contact','form.email.email','The email address is not valid','2023-10-30 01:30:26','2023-10-30 01:30:26'),(1514,1,'en','plugins/contact/contact','form.content.required','Content is required','2023-10-30 01:30:26','2023-10-30 01:30:26'),(1515,1,'en','plugins/contact/contact','contact_sent_from','This contact information sent from','2023-10-30 01:30:26','2023-10-30 01:30:26'),(1516,1,'en','plugins/contact/contact','sender','Sender','2023-10-30 01:30:26','2023-10-30 01:30:26'),(1517,1,'en','plugins/contact/contact','sender_email','Email','2023-10-30 01:30:26','2023-10-30 01:30:26'),(1518,1,'en','plugins/contact/contact','sender_address','Address','2023-10-30 01:30:26','2023-10-30 01:30:26'),(1519,1,'en','plugins/contact/contact','sender_phone','Phone','2023-10-30 01:30:26','2023-10-30 01:30:26'),(1520,1,'en','plugins/contact/contact','message_content','Message content','2023-10-30 01:30:26','2023-10-30 01:30:26'),(1521,1,'en','plugins/contact/contact','sent_from','Email sent from','2023-10-30 01:30:27','2023-10-30 01:30:27'),(1522,1,'en','plugins/contact/contact','form_name','Name','2023-10-30 01:30:27','2023-10-30 01:30:27'),(1523,1,'en','plugins/contact/contact','form_email','Email','2023-10-30 01:30:27','2023-10-30 01:30:27'),(1524,1,'en','plugins/contact/contact','form_address','Address','2023-10-30 01:30:27','2023-10-30 01:30:27'),(1525,1,'en','plugins/contact/contact','form_subject','Subject','2023-10-30 01:30:27','2023-10-30 01:30:27'),(1526,1,'en','plugins/contact/contact','form_phone','Phone','2023-10-30 01:30:27','2023-10-30 01:30:27'),(1527,1,'en','plugins/contact/contact','form_message','Message','2023-10-30 01:30:27','2023-10-30 01:30:27'),(1528,1,'en','plugins/contact/contact','required_field','The field with (<span style=\"color: red\">*</span>) is required.','2023-10-30 01:30:27','2023-10-30 01:30:27'),(1529,1,'en','plugins/contact/contact','send_btn','Send message','2023-10-30 01:30:27','2023-10-30 01:30:27'),(1530,1,'en','plugins/contact/contact','new_msg_notice','You have <span class=\"bold\">:count</span> New Messages','2023-10-30 01:30:27','2023-10-30 01:30:27'),(1531,1,'en','plugins/contact/contact','view_all','View all','2023-10-30 01:30:27','2023-10-30 01:30:27'),(1532,1,'en','plugins/contact/contact','statuses.read','Read','2023-10-30 01:30:27','2023-10-30 01:30:27'),(1533,1,'en','plugins/contact/contact','statuses.unread','Unread','2023-10-30 01:30:27','2023-10-30 01:30:27'),(1534,1,'en','plugins/contact/contact','phone','Phone','2023-10-30 01:30:27','2023-10-30 01:30:27'),(1535,1,'en','plugins/contact/contact','address','Address','2023-10-30 01:30:27','2023-10-30 01:30:27'),(1536,1,'en','plugins/contact/contact','message','Message','2023-10-30 01:30:27','2023-10-30 01:30:27'),(1537,1,'en','plugins/contact/contact','settings.email.title','Contact','2023-10-30 01:30:27','2023-10-30 01:30:27'),(1538,1,'en','plugins/contact/contact','settings.email.description','Contact email configuration','2023-10-30 01:30:27','2023-10-30 01:30:27'),(1539,1,'en','plugins/contact/contact','settings.email.templates.notice_title','Send notice to administrator','2023-10-30 01:30:27','2023-10-30 01:30:27'),(1540,1,'en','plugins/contact/contact','settings.email.templates.notice_description','Email template to send notice to administrator when system get new contact','2023-10-30 01:30:27','2023-10-30 01:30:27'),(1541,1,'en','plugins/contact/contact','settings.title','Contact','2023-10-30 01:30:27','2023-10-30 01:30:27'),(1542,1,'en','plugins/contact/contact','settings.description','Settings for contact plugin','2023-10-30 01:30:27','2023-10-30 01:30:27'),(1543,1,'en','plugins/contact/contact','settings.blacklist_keywords','Blacklist keywords','2023-10-30 01:30:27','2023-10-30 01:30:27'),(1544,1,'en','plugins/contact/contact','settings.blacklist_keywords_placeholder','keywords...','2023-10-30 01:30:27','2023-10-30 01:30:27'),(1545,1,'en','plugins/contact/contact','settings.blacklist_keywords_helper','Blacklist contact requests if it includes those keywords in the content field (separate by comma).','2023-10-30 01:30:27','2023-10-30 01:30:27'),(1546,1,'en','plugins/contact/contact','settings.blacklist_email_domains','Blacklist email domains','2023-10-30 01:30:27','2023-10-30 01:30:27'),(1547,1,'en','plugins/contact/contact','settings.blacklist_email_domains_placeholder','domain...','2023-10-30 01:30:27','2023-10-30 01:30:27'),(1548,1,'en','plugins/contact/contact','settings.blacklist_email_domains_helper','Blacklist contact requests if the email domain is in blacklist domains (separate by comma).','2023-10-30 01:30:27','2023-10-30 01:30:27'),(1549,1,'en','plugins/contact/contact','settings.enable_math_captcha','Enable math captcha?','2023-10-30 01:30:27','2023-10-30 01:30:27'),(1550,1,'en','plugins/contact/contact','no_reply','No reply yet!','2023-10-30 01:30:27','2023-10-30 01:30:27'),(1551,1,'en','plugins/contact/contact','reply','Reply','2023-10-30 01:30:27','2023-10-30 01:30:27'),(1552,1,'en','plugins/contact/contact','send','Send','2023-10-30 01:30:27','2023-10-30 01:30:27'),(1553,1,'en','plugins/contact/contact','shortcode_name','Contact form','2023-10-30 01:30:27','2023-10-30 01:30:27'),(1554,1,'en','plugins/contact/contact','shortcode_description','Add a contact form','2023-10-30 01:30:27','2023-10-30 01:30:27'),(1555,1,'en','plugins/contact/contact','shortcode_content_description','Add shortcode [contact-form][/contact-form] to editor?','2023-10-30 01:30:27','2023-10-30 01:30:27'),(1556,1,'en','plugins/contact/contact','message_sent_success','Message sent successfully!','2023-10-30 01:30:27','2023-10-30 01:30:27'),(1557,1,'en','plugins/cookie-consent/cookie-consent','theme_options.name','Cookie Consent','2023-10-30 01:30:27','2023-10-30 01:30:27'),(1558,1,'en','plugins/cookie-consent/cookie-consent','theme_options.description','Cookie consent settings','2023-10-30 01:30:27','2023-10-30 01:30:27'),(1559,1,'en','plugins/cookie-consent/cookie-consent','theme_options.enable','Enable cookie consent?','2023-10-30 01:30:27','2023-10-30 01:30:27'),(1560,1,'en','plugins/cookie-consent/cookie-consent','theme_options.message','Message','2023-10-30 01:30:27','2023-10-30 01:30:27'),(1561,1,'en','plugins/cookie-consent/cookie-consent','theme_options.button_text','Button text','2023-10-30 01:30:27','2023-10-30 01:30:27'),(1562,1,'en','plugins/cookie-consent/cookie-consent','theme_options.max_width','Max width (px)','2023-10-30 01:30:27','2023-10-30 01:30:27'),(1563,1,'en','plugins/cookie-consent/cookie-consent','theme_options.background_color','Background color','2023-10-30 01:30:27','2023-10-30 01:30:27'),(1564,1,'en','plugins/cookie-consent/cookie-consent','theme_options.text_color','Text color','2023-10-30 01:30:27','2023-10-30 01:30:27'),(1565,1,'en','plugins/cookie-consent/cookie-consent','theme_options.learn_more_url','Learn more URL','2023-10-30 01:30:27','2023-10-30 01:30:27'),(1566,1,'en','plugins/cookie-consent/cookie-consent','theme_options.learn_more_text','Learn more text','2023-10-30 01:30:27','2023-10-30 01:30:27'),(1567,1,'en','plugins/cookie-consent/cookie-consent','theme_options.style','Style','2023-10-30 01:30:27','2023-10-30 01:30:27'),(1568,1,'en','plugins/cookie-consent/cookie-consent','theme_options.full_width','Full width','2023-10-30 01:30:27','2023-10-30 01:30:27'),(1569,1,'en','plugins/cookie-consent/cookie-consent','theme_options.minimal','Minimal','2023-10-30 01:30:27','2023-10-30 01:30:27'),(1570,1,'en','plugins/cookie-consent/cookie-consent','message','Your experience on this site will be improved by allowing cookies.','2023-10-30 01:30:27','2023-10-30 01:30:27'),(1571,1,'en','plugins/cookie-consent/cookie-consent','button_text','Allow cookies','2023-10-30 01:30:27','2023-10-30 01:30:27'),(1572,1,'en','plugins/ecommerce/addresses','address','Address','2023-10-30 01:30:27','2023-10-30 01:30:27'),(1573,1,'en','plugins/ecommerce/addresses','addresses','Addresses','2023-10-30 01:30:27','2023-10-30 01:30:27'),(1574,1,'en','plugins/ecommerce/addresses','address_placeholder','Enter address','2023-10-30 01:30:27','2023-10-30 01:30:27'),(1575,1,'en','plugins/ecommerce/addresses','zip','Zip code','2023-10-30 01:30:27','2023-10-30 01:30:27'),(1576,1,'en','plugins/ecommerce/addresses','zip_placeholder','Enter zip code','2023-10-30 01:30:27','2023-10-30 01:30:27'),(1577,1,'en','plugins/ecommerce/addresses','city','City','2023-10-30 01:30:27','2023-10-30 01:30:27'),(1578,1,'en','plugins/ecommerce/addresses','city_placeholder','Enter city','2023-10-30 01:30:27','2023-10-30 01:30:27'),(1579,1,'en','plugins/ecommerce/addresses','state','State','2023-10-30 01:30:27','2023-10-30 01:30:27'),(1580,1,'en','plugins/ecommerce/addresses','state_placeholder','Enter state','2023-10-30 01:30:27','2023-10-30 01:30:27'),(1581,1,'en','plugins/ecommerce/addresses','country','Country','2023-10-30 01:30:27','2023-10-30 01:30:27'),(1582,1,'en','plugins/ecommerce/addresses','use_this_address_as_default','Use this address as default','2023-10-30 01:30:27','2023-10-30 01:30:27'),(1583,1,'en','plugins/ecommerce/addresses','name','Full name','2023-10-30 01:30:27','2023-10-30 01:30:27'),(1584,1,'en','plugins/ecommerce/addresses','name_placeholder','Enter name','2023-10-30 01:30:27','2023-10-30 01:30:27'),(1585,1,'en','plugins/ecommerce/addresses','phone','Phone','2023-10-30 01:30:27','2023-10-30 01:30:27'),(1586,1,'en','plugins/ecommerce/addresses','phone_placeholder','Enter phone','2023-10-30 01:30:27','2023-10-30 01:30:27'),(1587,1,'en','plugins/ecommerce/addresses','email','Email','2023-10-30 01:30:27','2023-10-30 01:30:27'),(1588,1,'en','plugins/ecommerce/addresses','email_placeholder','Enter email','2023-10-30 01:30:27','2023-10-30 01:30:27'),(1589,1,'en','plugins/ecommerce/addresses','select_state','Select state...','2023-10-30 01:30:27','2023-10-30 01:30:27'),(1590,1,'en','plugins/ecommerce/addresses','select_city','Select city...','2023-10-30 01:30:27','2023-10-30 01:30:27'),(1591,1,'en','plugins/ecommerce/addresses','select_country','Select country...','2023-10-30 01:30:27','2023-10-30 01:30:27'),(1592,1,'en','plugins/ecommerce/addresses','add_address','Add Address','2023-10-30 01:30:27','2023-10-30 01:30:27'),(1593,1,'en','plugins/ecommerce/addresses','new_address','New address','2023-10-30 01:30:27','2023-10-30 01:30:27'),(1594,1,'en','plugins/ecommerce/addresses','edit_address','Edit address','2023-10-30 01:30:27','2023-10-30 01:30:27'),(1595,1,'en','plugins/ecommerce/addresses','action','Action','2023-10-30 01:30:27','2023-10-30 01:30:27'),(1596,1,'en','plugins/ecommerce/addresses','add','Add','2023-10-30 01:30:27','2023-10-30 01:30:27'),(1597,1,'en','plugins/ecommerce/addresses','save','Save','2023-10-30 01:30:27','2023-10-30 01:30:27'),(1598,1,'en','plugins/ecommerce/addresses','no_data','No data to display','2023-10-30 01:30:27','2023-10-30 01:30:27'),(1599,1,'en','plugins/ecommerce/addresses','no_option','No option','2023-10-30 01:30:27','2023-10-30 01:30:27'),(1600,1,'en','plugins/ecommerce/brands','name','Brands','2023-10-30 01:30:27','2023-10-30 01:30:27'),(1601,1,'en','plugins/ecommerce/brands','create','New brand','2023-10-30 01:30:27','2023-10-30 01:30:27'),(1602,1,'en','plugins/ecommerce/brands','edit','Edit brand','2023-10-30 01:30:27','2023-10-30 01:30:27'),(1603,1,'en','plugins/ecommerce/brands','form.name','Name','2023-10-30 01:30:27','2023-10-30 01:30:27'),(1604,1,'en','plugins/ecommerce/brands','form.name_placeholder','Brand\'s name (Maximum 255 characters)','2023-10-30 01:30:27','2023-10-30 01:30:27'),(1605,1,'en','plugins/ecommerce/brands','form.description','Description','2023-10-30 01:30:27','2023-10-30 01:30:27'),(1606,1,'en','plugins/ecommerce/brands','form.description_placeholder','Short description for brand (Maximum 400 characters)','2023-10-30 01:30:27','2023-10-30 01:30:27'),(1607,1,'en','plugins/ecommerce/brands','form.website','Website','2023-10-30 01:30:27','2023-10-30 01:30:27'),(1608,1,'en','plugins/ecommerce/brands','form.logo','Logo','2023-10-30 01:30:27','2023-10-30 01:30:27'),(1609,1,'en','plugins/ecommerce/brands','form.is_featured','Is featured','2023-10-30 01:30:27','2023-10-30 01:30:27'),(1610,1,'en','plugins/ecommerce/brands','logo','Logo','2023-10-30 01:30:27','2023-10-30 01:30:27'),(1611,1,'en','plugins/ecommerce/brands','website','Website','2023-10-30 01:30:27','2023-10-30 01:30:27'),(1612,1,'en','plugins/ecommerce/brands','notices.no_select','Please select at least one record to take this action!','2023-10-30 01:30:27','2023-10-30 01:30:27'),(1613,1,'en','plugins/ecommerce/brands','notices.update_success_message','Update successfully','2023-10-30 01:30:27','2023-10-30 01:30:27'),(1614,1,'en','plugins/ecommerce/brands','cannot_delete','Brand could not be deleted','2023-10-30 01:30:27','2023-10-30 01:30:27'),(1615,1,'en','plugins/ecommerce/brands','brand_deleted','Brand deleted','2023-10-30 01:30:27','2023-10-30 01:30:27'),(1616,1,'en','plugins/ecommerce/brands','menu','Brands','2023-10-30 01:30:27','2023-10-30 01:30:27'),(1617,1,'en','plugins/ecommerce/brands','no_brand','No brand','2023-10-30 01:30:27','2023-10-30 01:30:27'),(1618,1,'en','plugins/ecommerce/brands','intro.title','Manage brands','2023-10-30 01:30:27','2023-10-30 01:30:27'),(1619,1,'en','plugins/ecommerce/brands','intro.description','Manage product brands such as Nike, Adidas, Bitis ...','2023-10-30 01:30:27','2023-10-30 01:30:27'),(1620,1,'en','plugins/ecommerce/brands','intro.button_text','Create brand','2023-10-30 01:30:27','2023-10-30 01:30:27'),(1621,1,'en','plugins/ecommerce/bulk-import','name','Bulk Import','2023-10-30 01:30:27','2023-10-30 01:30:27'),(1622,1,'en','plugins/ecommerce/bulk-import','loading_text','Importing','2023-10-30 01:30:27','2023-10-30 01:30:27'),(1623,1,'en','plugins/ecommerce/bulk-import','imported_successfully','Imported successfully.','2023-10-30 01:30:27','2023-10-30 01:30:27'),(1624,1,'en','plugins/ecommerce/bulk-import','please_choose_the_file_mime','Please choose the file mime :types','2023-10-30 01:30:27','2023-10-30 01:30:27'),(1625,1,'en','plugins/ecommerce/bulk-import','please_choose_the_file','Please choose the file','2023-10-30 01:30:27','2023-10-30 01:30:27'),(1626,1,'en','plugins/ecommerce/bulk-import','start_import','Start Import','2023-10-30 01:30:27','2023-10-30 01:30:27'),(1627,1,'en','plugins/ecommerce/bulk-import','note','Note!','2023-10-30 01:30:27','2023-10-30 01:30:27'),(1628,1,'en','plugins/ecommerce/bulk-import','warning_before_importing','If this is your first time using this feature, please read the documentation or contact the Administrator for access to the correct functionality!','2023-10-30 01:30:27','2023-10-30 01:30:27'),(1629,1,'en','plugins/ecommerce/bulk-import','results','Result: :success successes, :failed failures','2023-10-30 01:30:27','2023-10-30 01:30:27'),(1630,1,'en','plugins/ecommerce/bulk-import','failures','Failures','2023-10-30 01:30:27','2023-10-30 01:30:27'),(1631,1,'en','plugins/ecommerce/bulk-import','tables.import','Import','2023-10-30 01:30:27','2023-10-30 01:30:27'),(1632,1,'en','plugins/ecommerce/bulk-import','template','Template','2023-10-30 01:30:27','2023-10-30 01:30:27'),(1633,1,'en','plugins/ecommerce/bulk-import','rules','Rules','2023-10-30 01:30:27','2023-10-30 01:30:27'),(1634,1,'en','plugins/ecommerce/bulk-import','choose_file_with_mime','Choose file with mime: (:types)','2023-10-30 01:30:27','2023-10-30 01:30:27'),(1635,1,'en','plugins/ecommerce/bulk-import','choose_file','Choose file','2023-10-30 01:30:27','2023-10-30 01:30:27'),(1636,1,'en','plugins/ecommerce/bulk-import','menu','Import products','2023-10-30 01:30:27','2023-10-30 01:30:27'),(1637,1,'en','plugins/ecommerce/bulk-import','download-csv-file','Download CSV template','2023-10-30 01:30:27','2023-10-30 01:30:27'),(1638,1,'en','plugins/ecommerce/bulk-import','download-excel-file','Download Excel template','2023-10-30 01:30:27','2023-10-30 01:30:27'),(1639,1,'en','plugins/ecommerce/bulk-import','downloading','Downloading...','2023-10-30 01:30:27','2023-10-30 01:30:27'),(1640,1,'en','plugins/ecommerce/bulk-import','export.template.input_error','Input error','2023-10-30 01:30:27','2023-10-30 01:30:27'),(1641,1,'en','plugins/ecommerce/bulk-import','export.template.number_not_allowed','Number is not allowed!','2023-10-30 01:30:27','2023-10-30 01:30:27'),(1642,1,'en','plugins/ecommerce/bulk-import','export.template.allowed_input','Allowed input','2023-10-30 01:30:27','2023-10-30 01:30:27'),(1643,1,'en','plugins/ecommerce/bulk-import','export.template.prompt_decimal','Only numbers or decimals are accepted and greater than or equal to :min.','2023-10-30 01:30:27','2023-10-30 01:30:27'),(1644,1,'en','plugins/ecommerce/bulk-import','export.template.prompt_whole_number','Only numbers are accepted and greater than or equal to :min.','2023-10-30 01:30:27','2023-10-30 01:30:27'),(1645,1,'en','plugins/ecommerce/bulk-import','export.template.prompt_list','Please pick a value from the drop-down list.','2023-10-30 01:30:28','2023-10-30 01:30:28'),(1646,1,'en','plugins/ecommerce/bulk-import','export.template.pick_from_list','Pick from list','2023-10-30 01:30:28','2023-10-30 01:30:28'),(1647,1,'en','plugins/ecommerce/bulk-import','export.template.value_not_in_list','Value is not in list.','2023-10-30 01:30:28','2023-10-30 01:30:28'),(1648,1,'en','plugins/ecommerce/bulk-import','import_failed_description','Import failed, please check the errors below!','2023-10-30 01:30:28','2023-10-30 01:30:28'),(1649,1,'en','plugins/ecommerce/bulk-import','column','Column','2023-10-30 01:30:28','2023-10-30 01:30:28'),(1650,1,'en','plugins/ecommerce/bulk-import','row','Row','2023-10-30 01:30:28','2023-10-30 01:30:28'),(1651,1,'en','plugins/ecommerce/bulk-import','attribute','Attribute','2023-10-30 01:30:28','2023-10-30 01:30:28'),(1652,1,'en','plugins/ecommerce/bulk-import','errors','Errors','2023-10-30 01:30:28','2023-10-30 01:30:28'),(1653,1,'en','plugins/ecommerce/bulk-import','import_types.name','Import type','2023-10-30 01:30:28','2023-10-30 01:30:28'),(1654,1,'en','plugins/ecommerce/bulk-import','import_types.all','All','2023-10-30 01:30:28','2023-10-30 01:30:28'),(1655,1,'en','plugins/ecommerce/bulk-import','import_types.products','Products','2023-10-30 01:30:28','2023-10-30 01:30:28'),(1656,1,'en','plugins/ecommerce/bulk-import','import_types.variations','Variations','2023-10-30 01:30:28','2023-10-30 01:30:28'),(1657,1,'en','plugins/ecommerce/bulk-import','import_products','Import products','2023-10-30 01:30:28','2023-10-30 01:30:28'),(1658,1,'en','plugins/ecommerce/currency','currencies','Currencies','2023-10-30 01:30:28','2023-10-30 01:30:28'),(1659,1,'en','plugins/ecommerce/currency','setting_description','List of currencies using on website','2023-10-30 01:30:28','2023-10-30 01:30:28'),(1660,1,'en','plugins/ecommerce/currency','name','Name','2023-10-30 01:30:28','2023-10-30 01:30:28'),(1661,1,'en','plugins/ecommerce/currency','symbol','Symbol','2023-10-30 01:30:28','2023-10-30 01:30:28'),(1662,1,'en','plugins/ecommerce/currency','number_of_decimals','Number of decimals','2023-10-30 01:30:28','2023-10-30 01:30:28'),(1663,1,'en','plugins/ecommerce/currency','exchange_rate','Exchange rate','2023-10-30 01:30:28','2023-10-30 01:30:28'),(1664,1,'en','plugins/ecommerce/currency','is_prefix_symbol','Position of symbol','2023-10-30 01:30:28','2023-10-30 01:30:28'),(1665,1,'en','plugins/ecommerce/currency','is_default','Is default?','2023-10-30 01:30:28','2023-10-30 01:30:28'),(1666,1,'en','plugins/ecommerce/currency','remove','Remove','2023-10-30 01:30:28','2023-10-30 01:30:28'),(1667,1,'en','plugins/ecommerce/currency','new_currency','Add a new currency','2023-10-30 01:30:28','2023-10-30 01:30:28'),(1668,1,'en','plugins/ecommerce/currency','save_settings','Save settings','2023-10-30 01:30:28','2023-10-30 01:30:28'),(1669,1,'en','plugins/ecommerce/currency','before_number','Before number','2023-10-30 01:30:28','2023-10-30 01:30:28'),(1670,1,'en','plugins/ecommerce/currency','after_number','After number','2023-10-30 01:30:28','2023-10-30 01:30:28'),(1671,1,'en','plugins/ecommerce/currency','require_at_least_one_currency','The system requires at least one currency!','2023-10-30 01:30:28','2023-10-30 01:30:28'),(1672,1,'en','plugins/ecommerce/currency','enable_auto_detect_visitor_currency','Enable auto-detect visitor currency?','2023-10-30 01:30:28','2023-10-30 01:30:28'),(1673,1,'en','plugins/ecommerce/currency','auto_detect_visitor_currency_description','It detects visitor currency based on browser language. It will override default currency selection.','2023-10-30 01:30:28','2023-10-30 01:30:28'),(1674,1,'en','plugins/ecommerce/currency','add_space_between_price_and_currency','Add a space between price and currency?','2023-10-30 01:30:28','2023-10-30 01:30:28'),(1675,1,'en','plugins/ecommerce/currency','invalid_currency_name','Invalid currency code, it must be in :currencies.','2023-10-30 01:30:28','2023-10-30 01:30:28'),(1676,1,'en','plugins/ecommerce/currency','instruction','Please check list currency code here: https://en.wikipedia.org/wiki/ISO_4217','2023-10-30 01:30:28','2023-10-30 01:30:28'),(1677,1,'en','plugins/ecommerce/currency','code','Code','2023-10-30 01:30:28','2023-10-30 01:30:28'),(1678,1,'en','plugins/ecommerce/currency','api_key','API exchange rates key','2023-10-30 01:30:28','2023-10-30 01:30:28'),(1679,1,'en','plugins/ecommerce/currency','update_currency_rates','Update currency rates','2023-10-30 01:30:28','2023-10-30 01:30:28'),(1680,1,'en','plugins/ecommerce/currency','clear_cache_rates','Clear cache rates','2023-10-30 01:30:28','2023-10-30 01:30:28'),(1681,1,'en','plugins/ecommerce/currency','no_api_key','No API key','2023-10-30 01:30:28','2023-10-30 01:30:28'),(1682,1,'en','plugins/ecommerce/currency','api_key_helper','Get exchange rate API key on :link','2023-10-30 01:30:28','2023-10-30 01:30:28'),(1683,1,'en','plugins/ecommerce/currency','use_exchange_rate_from_api','Use exchange rate from API?','2023-10-30 01:30:28','2023-10-30 01:30:28'),(1684,1,'en','plugins/ecommerce/currency','clear_cache_rates_successfully','Clear cache currency rates successfully.','2023-10-30 01:30:28','2023-10-30 01:30:28'),(1685,1,'en','plugins/ecommerce/customer','name','Customers','2023-10-30 01:30:28','2023-10-30 01:30:28'),(1686,1,'en','plugins/ecommerce/customer','create','Create a customer','2023-10-30 01:30:28','2023-10-30 01:30:28'),(1687,1,'en','plugins/ecommerce/customer','edit','Edit customer \":name\"','2023-10-30 01:30:28','2023-10-30 01:30:28'),(1688,1,'en','plugins/ecommerce/customer','email','Email','2023-10-30 01:30:28','2023-10-30 01:30:28'),(1689,1,'en','plugins/ecommerce/customer','email_placeholder','Ex: example@gmail.com','2023-10-30 01:30:28','2023-10-30 01:30:28'),(1690,1,'en','plugins/ecommerce/customer','password','Password','2023-10-30 01:30:28','2023-10-30 01:30:28'),(1691,1,'en','plugins/ecommerce/customer','change_password','Change password?','2023-10-30 01:30:28','2023-10-30 01:30:28'),(1692,1,'en','plugins/ecommerce/customer','password_confirmation','Password confirmation','2023-10-30 01:30:28','2023-10-30 01:30:28'),(1693,1,'en','plugins/ecommerce/customer','intro.title','Manage customers','2023-10-30 01:30:28','2023-10-30 01:30:28'),(1694,1,'en','plugins/ecommerce/customer','intro.description','When a customer buy your product(s), you will know their order histories.','2023-10-30 01:30:28','2023-10-30 01:30:28'),(1695,1,'en','plugins/ecommerce/customer','intro.button_text','Create customer','2023-10-30 01:30:28','2023-10-30 01:30:28'),(1696,1,'en','plugins/ecommerce/customer','phone','Phone','2023-10-30 01:30:28','2023-10-30 01:30:28'),(1697,1,'en','plugins/ecommerce/customer','phone_placeholder','Phone','2023-10-30 01:30:28','2023-10-30 01:30:28'),(1698,1,'en','plugins/ecommerce/customer','avatar','Avatar','2023-10-30 01:30:28','2023-10-30 01:30:28'),(1699,1,'en','plugins/ecommerce/customer','dob','Date of birth','2023-10-30 01:30:28','2023-10-30 01:30:28'),(1700,1,'en','plugins/ecommerce/customer','statuses.activated','Activated','2023-10-30 01:30:28','2023-10-30 01:30:28'),(1701,1,'en','plugins/ecommerce/customer','statuses.locked','Locked','2023-10-30 01:30:28','2023-10-30 01:30:28'),(1702,1,'en','plugins/ecommerce/customer','email_verified','Email verified?','2023-10-30 01:30:28','2023-10-30 01:30:28'),(1703,1,'en','plugins/ecommerce/customer','verify_email.confirm_heading','Verify email confirmation','2023-10-30 01:30:28','2023-10-30 01:30:28'),(1704,1,'en','plugins/ecommerce/customer','verify_email.confirm_description','Are you sure you want to verify email this customer?','2023-10-30 01:30:28','2023-10-30 01:30:28'),(1705,1,'en','plugins/ecommerce/customer','verify_email.notification','This customer is not verified email yet? :approve_link to verify email.','2023-10-30 01:30:28','2023-10-30 01:30:28'),(1706,1,'en','plugins/ecommerce/customer','verify_email.approve_here','click here','2023-10-30 01:30:28','2023-10-30 01:30:28'),(1707,1,'en','plugins/ecommerce/customer','verify_email.confirm_button','Verify','2023-10-30 01:30:28','2023-10-30 01:30:28'),(1708,1,'en','plugins/ecommerce/discount','name','Discounts','2023-10-30 01:30:28','2023-10-30 01:30:28'),(1709,1,'en','plugins/ecommerce/discount','create','Create discount','2023-10-30 01:30:28','2023-10-30 01:30:28'),(1710,1,'en','plugins/ecommerce/discount','edit','Edit discount','2023-10-30 01:30:28','2023-10-30 01:30:28'),(1711,1,'en','plugins/ecommerce/discount','invalid_coupon','This coupon is invalid or expired!','2023-10-30 01:30:28','2023-10-30 01:30:28'),(1712,1,'en','plugins/ecommerce/discount','cannot_use_same_time_with_other_discount_program','Cannot use this coupon in the same time with other discount program!','2023-10-30 01:30:28','2023-10-30 01:30:28'),(1713,1,'en','plugins/ecommerce/discount','not_used','This coupon is not used yet!','2023-10-30 01:30:28','2023-10-30 01:30:28'),(1714,1,'en','plugins/ecommerce/discount','detail','Detail','2023-10-30 01:30:28','2023-10-30 01:30:28'),(1715,1,'en','plugins/ecommerce/discount','used','Used','2023-10-30 01:30:28','2023-10-30 01:30:28'),(1716,1,'en','plugins/ecommerce/discount','intro.title','Manage discount/coupon code','2023-10-30 01:30:28','2023-10-30 01:30:28'),(1717,1,'en','plugins/ecommerce/discount','intro.description','Create coupon code or promotion for your products.','2023-10-30 01:30:28','2023-10-30 01:30:28'),(1718,1,'en','plugins/ecommerce/discount','intro.button_text','Create discount','2023-10-30 01:30:28','2023-10-30 01:30:28'),(1719,1,'en','plugins/ecommerce/discount','expired','Expired','2023-10-30 01:30:28','2023-10-30 01:30:28'),(1720,1,'en','plugins/ecommerce/discount','discount_promotion','Discount promotion','2023-10-30 01:30:28','2023-10-30 01:30:28'),(1721,1,'en','plugins/ecommerce/discount','can','can','2023-10-30 01:30:28','2023-10-30 01:30:28'),(1722,1,'en','plugins/ecommerce/discount','cannot','cannot','2023-10-30 01:30:28','2023-10-30 01:30:28'),(1723,1,'en','plugins/ecommerce/discount','use_with_promotion','be used with promotion','2023-10-30 01:30:28','2023-10-30 01:30:28'),(1724,1,'en','plugins/ecommerce/discount','create_discount_validate_title_required_if','Please enter the name of the promotion','2023-10-30 01:30:28','2023-10-30 01:30:28'),(1725,1,'en','plugins/ecommerce/discount','create_discount_validate_code_required_if','Please enter the promotion code','2023-10-30 01:30:28','2023-10-30 01:30:28'),(1726,1,'en','plugins/ecommerce/discount','create_discount_validate_value_required','Amount must be greater than 0','2023-10-30 01:30:28','2023-10-30 01:30:28'),(1727,1,'en','plugins/ecommerce/discount','create_discount_validate_target_required','No object selected for promotion','2023-10-30 01:30:28','2023-10-30 01:30:28'),(1728,1,'en','plugins/ecommerce/discount','enums.type-options.amount','Amount - Fixed','2023-10-30 01:30:28','2023-10-30 01:30:28'),(1729,1,'en','plugins/ecommerce/discount','enums.type-options.percentage','Discount %','2023-10-30 01:30:28','2023-10-30 01:30:28'),(1730,1,'en','plugins/ecommerce/discount','enums.type-options.shipping','Free shipping','2023-10-30 01:30:28','2023-10-30 01:30:28'),(1731,1,'en','plugins/ecommerce/discount','enums.type-options.same-price','Same price','2023-10-30 01:30:28','2023-10-30 01:30:28'),(1732,1,'en','plugins/ecommerce/discount','enums.types.coupon','Coupon','2023-10-30 01:30:28','2023-10-30 01:30:28'),(1733,1,'en','plugins/ecommerce/discount','enums.types.promotion','Promotion','2023-10-30 01:30:28','2023-10-30 01:30:28'),(1734,1,'en','plugins/ecommerce/discount','enums.targets.all-orders','All orders','2023-10-30 01:30:28','2023-10-30 01:30:28'),(1735,1,'en','plugins/ecommerce/discount','enums.targets.customer','Customer','2023-10-30 01:30:28','2023-10-30 01:30:28'),(1736,1,'en','plugins/ecommerce/discount','enums.targets.amount-minimum-order','Minimum order amount','2023-10-30 01:30:28','2023-10-30 01:30:28'),(1737,1,'en','plugins/ecommerce/discount','enums.targets.product-variant','Product variant','2023-10-30 01:30:28','2023-10-30 01:30:28'),(1738,1,'en','plugins/ecommerce/discount','enums.targets.group-products','Product collections','2023-10-30 01:30:28','2023-10-30 01:30:28'),(1739,1,'en','plugins/ecommerce/discount','enums.targets.specific-product','Specific product','2023-10-30 01:30:28','2023-10-30 01:30:28'),(1740,1,'en','plugins/ecommerce/discount','discount','Discount','2023-10-30 01:30:28','2023-10-30 01:30:28'),(1741,1,'en','plugins/ecommerce/discount','create_coupon_code','Create coupon code','2023-10-30 01:30:28','2023-10-30 01:30:28'),(1742,1,'en','plugins/ecommerce/discount','create_discount_promotion','Create discount promotion','2023-10-30 01:30:28','2023-10-30 01:30:28'),(1743,1,'en','plugins/ecommerce/discount','generate_coupon_code','Generate coupon code','2023-10-30 01:30:28','2023-10-30 01:30:28'),(1744,1,'en','plugins/ecommerce/discount','customers_will_enter_this_coupon_code_when_they_checkout','Customers will enter this coupon code when they checkout','2023-10-30 01:30:28','2023-10-30 01:30:28'),(1745,1,'en','plugins/ecommerce/discount','select_type_of_discount','Select type of discount','2023-10-30 01:30:28','2023-10-30 01:30:28'),(1746,1,'en','plugins/ecommerce/discount','coupon_code','Coupon code','2023-10-30 01:30:28','2023-10-30 01:30:28'),(1747,1,'en','plugins/ecommerce/discount','promotion','Promotion','2023-10-30 01:30:28','2023-10-30 01:30:28'),(1748,1,'en','plugins/ecommerce/discount','can_be_used_with_promotion','Can be used with promotion?','2023-10-30 01:30:28','2023-10-30 01:30:28'),(1749,1,'en','plugins/ecommerce/discount','unlimited_coupon','Unlimited coupon?','2023-10-30 01:30:28','2023-10-30 01:30:28'),(1750,1,'en','plugins/ecommerce/discount','enter_number','Enter number','2023-10-30 01:30:28','2023-10-30 01:30:28'),(1751,1,'en','plugins/ecommerce/discount','coupon_type','Coupon type','2023-10-30 01:30:28','2023-10-30 01:30:28'),(1752,1,'en','plugins/ecommerce/discount','percentage_discount','Percentage discount (%)','2023-10-30 01:30:28','2023-10-30 01:30:28'),(1753,1,'en','plugins/ecommerce/discount','free_shipping','Free shipping','2023-10-30 01:30:28','2023-10-30 01:30:28'),(1754,1,'en','plugins/ecommerce/discount','same_price','Same price','2023-10-30 01:30:28','2023-10-30 01:30:28'),(1755,1,'en','plugins/ecommerce/discount','apply_for','apply for','2023-10-30 01:30:28','2023-10-30 01:30:28'),(1756,1,'en','plugins/ecommerce/discount','all_orders','All orders','2023-10-30 01:30:28','2023-10-30 01:30:28'),(1757,1,'en','plugins/ecommerce/discount','order_amount_from','Order amount from','2023-10-30 01:30:28','2023-10-30 01:30:28'),(1758,1,'en','plugins/ecommerce/discount','product_collection','Product collection','2023-10-30 01:30:28','2023-10-30 01:30:28'),(1759,1,'en','plugins/ecommerce/discount','product_category','Product category','2023-10-30 01:30:28','2023-10-30 01:30:28'),(1760,1,'en','plugins/ecommerce/discount','product','Product','2023-10-30 01:30:28','2023-10-30 01:30:28'),(1761,1,'en','plugins/ecommerce/discount','customer','Customer','2023-10-30 01:30:28','2023-10-30 01:30:28'),(1762,1,'en','plugins/ecommerce/discount','variant','Variant','2023-10-30 01:30:28','2023-10-30 01:30:28'),(1763,1,'en','plugins/ecommerce/discount','search_product','Search product','2023-10-30 01:30:28','2023-10-30 01:30:28'),(1764,1,'en','plugins/ecommerce/discount','no_products_found','No products found!','2023-10-30 01:30:29','2023-10-30 01:30:29'),(1765,1,'en','plugins/ecommerce/discount','search_customer','Search customer','2023-10-30 01:30:29','2023-10-30 01:30:29'),(1766,1,'en','plugins/ecommerce/discount','no_customer_found','No customer found!','2023-10-30 01:30:29','2023-10-30 01:30:29'),(1767,1,'en','plugins/ecommerce/discount','one_time_per_order','One time per order','2023-10-30 01:30:29','2023-10-30 01:30:29'),(1768,1,'en','plugins/ecommerce/discount','one_time_per_product_in_cart','One time per product in cart','2023-10-30 01:30:29','2023-10-30 01:30:29'),(1769,1,'en','plugins/ecommerce/discount','number_of_products','Number of products required to apply','2023-10-30 01:30:29','2023-10-30 01:30:29'),(1770,1,'en','plugins/ecommerce/discount','selected_products','Selected products','2023-10-30 01:30:29','2023-10-30 01:30:29'),(1771,1,'en','plugins/ecommerce/discount','selected_customers','Selected customers','2023-10-30 01:30:29','2023-10-30 01:30:29'),(1772,1,'en','plugins/ecommerce/discount','time','Time','2023-10-30 01:30:29','2023-10-30 01:30:29'),(1773,1,'en','plugins/ecommerce/discount','start_date','Start date','2023-10-30 01:30:29','2023-10-30 01:30:29'),(1774,1,'en','plugins/ecommerce/discount','end_date','End date','2023-10-30 01:30:29','2023-10-30 01:30:29'),(1775,1,'en','plugins/ecommerce/discount','never_expired','Never expired?','2023-10-30 01:30:29','2023-10-30 01:30:29'),(1776,1,'en','plugins/ecommerce/discount','save','Save','2023-10-30 01:30:29','2023-10-30 01:30:29'),(1777,1,'en','plugins/ecommerce/discount','enter_promotion_name','Enter promotion name','2023-10-30 01:30:29','2023-10-30 01:30:29'),(1778,1,'en','plugins/ecommerce/discount','enter_coupon_name','Enter coupon name','2023-10-30 01:30:29','2023-10-30 01:30:29'),(1779,1,'en','plugins/ecommerce/discount','cancel','Cancel','2023-10-30 01:30:29','2023-10-30 01:30:29'),(1780,1,'en','plugins/ecommerce/discount','is','Is','2023-10-30 01:30:29','2023-10-30 01:30:29'),(1781,1,'en','plugins/ecommerce/discount','when_shipping_fee_less_than','when shipping fee less than','2023-10-30 01:30:29','2023-10-30 01:30:29'),(1782,1,'en','plugins/ecommerce/discount','minimum_order_amount_error','You are under :minimum_amount to apply the coupon, you must add :add_more more items to your cart','2023-10-30 01:30:29','2023-10-30 01:30:29'),(1783,1,'en','plugins/ecommerce/discount','once_per_customer','Once per customer','2023-10-30 01:30:29','2023-10-30 01:30:29'),(1784,1,'en','plugins/ecommerce/discount','you_need_login_to_use_coupon_code','You need to login to use this coupon code','2023-10-30 01:30:29','2023-10-30 01:30:29'),(1785,1,'en','plugins/ecommerce/discount','you_used_coupon_code','You have already used this coupon code','2023-10-30 01:30:29','2023-10-30 01:30:29'),(1786,1,'en','plugins/ecommerce/discount','customer_used_coupon_code','Customers who have used this discount code','2023-10-30 01:30:29','2023-10-30 01:30:29'),(1787,1,'en','plugins/ecommerce/discount','apply_via_url','Apply via URL?','2023-10-30 01:30:29','2023-10-30 01:30:29'),(1788,1,'en','plugins/ecommerce/discount','apply_via_url_description','This setting will apply coupon code when customers access the URL with the parameter \"?coupon=code\".','2023-10-30 01:30:29','2023-10-30 01:30:29'),(1789,1,'en','plugins/ecommerce/ecommerce','settings','Settings','2023-10-30 01:30:29','2023-10-30 01:30:29'),(1790,1,'en','plugins/ecommerce/ecommerce','name','Ecommerce','2023-10-30 01:30:29','2023-10-30 01:30:29'),(1791,1,'en','plugins/ecommerce/ecommerce','setting.email.title','E-commerce','2023-10-30 01:30:29','2023-10-30 01:30:29'),(1792,1,'en','plugins/ecommerce/ecommerce','setting.email.description','Ecommerce email config','2023-10-30 01:30:29','2023-10-30 01:30:29'),(1793,1,'en','plugins/ecommerce/ecommerce','setting.email.order_confirm_subject','Subject of order confirmation email','2023-10-30 01:30:29','2023-10-30 01:30:29'),(1794,1,'en','plugins/ecommerce/ecommerce','setting.email.order_confirm_subject_placeholder','The subject of email confirmation send to the customer','2023-10-30 01:30:29','2023-10-30 01:30:29'),(1795,1,'en','plugins/ecommerce/ecommerce','setting.email.order_confirm_content','Content of order confirmation email','2023-10-30 01:30:29','2023-10-30 01:30:29'),(1796,1,'en','plugins/ecommerce/ecommerce','setting.email.order_status_change_subject','Subject of email when changing order\'s status','2023-10-30 01:30:29','2023-10-30 01:30:29'),(1797,1,'en','plugins/ecommerce/ecommerce','setting.email.order_status_change_subject_placeholder','Subject of email when changing order\'s status send to customer','2023-10-30 01:30:29','2023-10-30 01:30:29'),(1798,1,'en','plugins/ecommerce/ecommerce','setting.email.order_status_change_content','Content of email when changing order\'s status','2023-10-30 01:30:29','2023-10-30 01:30:29'),(1799,1,'en','plugins/ecommerce/ecommerce','setting.email.from_email','Email from','2023-10-30 01:30:29','2023-10-30 01:30:29'),(1800,1,'en','plugins/ecommerce/ecommerce','setting.email.from_email_placeholder','Email from address to display in mail. Ex: example@gmail.com','2023-10-30 01:30:29','2023-10-30 01:30:29'),(1801,1,'en','plugins/ecommerce/ecommerce','setting.title','Basic information','2023-10-30 01:30:29','2023-10-30 01:30:29'),(1802,1,'en','plugins/ecommerce/ecommerce','setting.state','State','2023-10-30 01:30:29','2023-10-30 01:30:29'),(1803,1,'en','plugins/ecommerce/ecommerce','setting.city','City','2023-10-30 01:30:29','2023-10-30 01:30:29'),(1804,1,'en','plugins/ecommerce/ecommerce','setting.country','Country','2023-10-30 01:30:29','2023-10-30 01:30:29'),(1805,1,'en','plugins/ecommerce/ecommerce','setting.weight_unit_gram','Gram (g)','2023-10-30 01:30:29','2023-10-30 01:30:29'),(1806,1,'en','plugins/ecommerce/ecommerce','setting.weight_unit_kilogram','Kilogram (kg)','2023-10-30 01:30:29','2023-10-30 01:30:29'),(1807,1,'en','plugins/ecommerce/ecommerce','setting.weight_unit_lb','Pound (lb)','2023-10-30 01:30:29','2023-10-30 01:30:29'),(1808,1,'en','plugins/ecommerce/ecommerce','setting.weight_unit_oz','Ounce (oz)','2023-10-30 01:30:29','2023-10-30 01:30:29'),(1809,1,'en','plugins/ecommerce/ecommerce','setting.height_unit_cm','Centimeter (cm)','2023-10-30 01:30:29','2023-10-30 01:30:29'),(1810,1,'en','plugins/ecommerce/ecommerce','setting.height_unit_m','Meter (m)','2023-10-30 01:30:29','2023-10-30 01:30:29'),(1811,1,'en','plugins/ecommerce/ecommerce','setting.height_unit_inch','Inch','2023-10-30 01:30:29','2023-10-30 01:30:29'),(1812,1,'en','plugins/ecommerce/ecommerce','setting.store_locator_title','Store locators','2023-10-30 01:30:29','2023-10-30 01:30:29'),(1813,1,'en','plugins/ecommerce/ecommerce','setting.store_locator_description','All the lists of your chains, main stores, branches, etc. The locations can be used to track sales and to help us configure tax rates to charge when selling products.','2023-10-30 01:30:29','2023-10-30 01:30:29'),(1814,1,'en','plugins/ecommerce/ecommerce','setting.phone','Phone','2023-10-30 01:30:29','2023-10-30 01:30:29'),(1815,1,'en','plugins/ecommerce/ecommerce','setting.email_address','Email','2023-10-30 01:30:29','2023-10-30 01:30:29'),(1816,1,'en','plugins/ecommerce/ecommerce','setting.address','Address','2023-10-30 01:30:29','2023-10-30 01:30:29'),(1817,1,'en','plugins/ecommerce/ecommerce','setting.is_primary','Primary?','2023-10-30 01:30:29','2023-10-30 01:30:29'),(1818,1,'en','plugins/ecommerce/ecommerce','setting.add_new','Add new','2023-10-30 01:30:29','2023-10-30 01:30:29'),(1819,1,'en','plugins/ecommerce/ecommerce','setting.or','Or','2023-10-30 01:30:29','2023-10-30 01:30:29'),(1820,1,'en','plugins/ecommerce/ecommerce','setting.change_primary_store','change default store locator','2023-10-30 01:30:29','2023-10-30 01:30:29'),(1821,1,'en','plugins/ecommerce/ecommerce','setting.other_settings','Other settings','2023-10-30 01:30:29','2023-10-30 01:30:29'),(1822,1,'en','plugins/ecommerce/ecommerce','setting.other_settings_description','Settings for cart, review...','2023-10-30 01:30:29','2023-10-30 01:30:29'),(1823,1,'en','plugins/ecommerce/ecommerce','setting.enable_cart','Enable shopping cart?','2023-10-30 01:30:29','2023-10-30 01:30:29'),(1824,1,'en','plugins/ecommerce/ecommerce','setting.enable_tax','Enable tax?','2023-10-30 01:30:29','2023-10-30 01:30:29'),(1825,1,'en','plugins/ecommerce/ecommerce','setting.display_product_price_including_taxes','Display product price including taxes?','2023-10-30 01:30:29','2023-10-30 01:30:29'),(1826,1,'en','plugins/ecommerce/ecommerce','setting.enable_review','Enable review?','2023-10-30 01:30:29','2023-10-30 01:30:29'),(1827,1,'en','plugins/ecommerce/ecommerce','setting.enable_quick_buy_button','Enable quick buy button?','2023-10-30 01:30:29','2023-10-30 01:30:29'),(1828,1,'en','plugins/ecommerce/ecommerce','setting.quick_buy_target','Quick buy target page?','2023-10-30 01:30:29','2023-10-30 01:30:29'),(1829,1,'en','plugins/ecommerce/ecommerce','setting.checkout_page','Checkout page','2023-10-30 01:30:29','2023-10-30 01:30:29'),(1830,1,'en','plugins/ecommerce/ecommerce','setting.cart_page','Cart page','2023-10-30 01:30:29','2023-10-30 01:30:29'),(1831,1,'en','plugins/ecommerce/ecommerce','setting.add_location','Add location','2023-10-30 01:30:29','2023-10-30 01:30:29'),(1832,1,'en','plugins/ecommerce/ecommerce','setting.edit_location','Edit location','2023-10-30 01:30:29','2023-10-30 01:30:29'),(1833,1,'en','plugins/ecommerce/ecommerce','setting.delete_location','Delete location','2023-10-30 01:30:29','2023-10-30 01:30:29'),(1834,1,'en','plugins/ecommerce/ecommerce','setting.change_primary_location','Change primary location','2023-10-30 01:30:29','2023-10-30 01:30:29'),(1835,1,'en','plugins/ecommerce/ecommerce','setting.delete_location_confirmation','Are you sure you want to delete this location? This action cannot be undo.','2023-10-30 01:30:29','2023-10-30 01:30:29'),(1836,1,'en','plugins/ecommerce/ecommerce','setting.save_location','Save location','2023-10-30 01:30:29','2023-10-30 01:30:29'),(1837,1,'en','plugins/ecommerce/ecommerce','setting.accept','Accept','2023-10-30 01:30:29','2023-10-30 01:30:29'),(1838,1,'en','plugins/ecommerce/ecommerce','setting.select_country','Select country...','2023-10-30 01:30:29','2023-10-30 01:30:29'),(1839,1,'en','plugins/ecommerce/ecommerce','setting.zip_code_enabled','Enable Zip Code?','2023-10-30 01:30:29','2023-10-30 01:30:29'),(1840,1,'en','plugins/ecommerce/ecommerce','setting.thousands_separator','Thousands separator','2023-10-30 01:30:29','2023-10-30 01:30:29'),(1841,1,'en','plugins/ecommerce/ecommerce','setting.decimal_separator','Decimal separator','2023-10-30 01:30:29','2023-10-30 01:30:29'),(1842,1,'en','plugins/ecommerce/ecommerce','setting.separator_period','Period (.)','2023-10-30 01:30:29','2023-10-30 01:30:29'),(1843,1,'en','plugins/ecommerce/ecommerce','setting.separator_comma','Comma (,)','2023-10-30 01:30:29','2023-10-30 01:30:29'),(1844,1,'en','plugins/ecommerce/ecommerce','setting.separator_space','Space ( )','2023-10-30 01:30:29','2023-10-30 01:30:29'),(1845,1,'en','plugins/ecommerce/ecommerce','setting.available_countries','Available countries','2023-10-30 01:30:29','2023-10-30 01:30:29'),(1846,1,'en','plugins/ecommerce/ecommerce','setting.all','All','2023-10-30 01:30:29','2023-10-30 01:30:29'),(1847,1,'en','plugins/ecommerce/ecommerce','setting.verify_customer_email','Verify customer\'s email?','2023-10-30 01:30:29','2023-10-30 01:30:29'),(1848,1,'en','plugins/ecommerce/ecommerce','setting.minimum_order_amount','Minimum order amount to place an order (:currency).','2023-10-30 01:30:29','2023-10-30 01:30:29'),(1849,1,'en','plugins/ecommerce/ecommerce','setting.enable_guest_checkout','Enable guest checkout?','2023-10-30 01:30:29','2023-10-30 01:30:29'),(1850,1,'en','plugins/ecommerce/ecommerce','setting.show_number_of_products','Show number of products in the product single','2023-10-30 01:30:29','2023-10-30 01:30:29'),(1851,1,'en','plugins/ecommerce/ecommerce','setting.payment_method_cod_minimum_amount','Minimum order amount - :currency (Optional)','2023-10-30 01:30:29','2023-10-30 01:30:29'),(1852,1,'en','plugins/ecommerce/ecommerce','setting.review.max_file_size','Review max file size (MB)','2023-10-30 01:30:29','2023-10-30 01:30:29'),(1853,1,'en','plugins/ecommerce/ecommerce','setting.review.max_file_number','Review max file number','2023-10-30 01:30:29','2023-10-30 01:30:29'),(1854,1,'en','plugins/ecommerce/ecommerce','setting.using_custom_font_for_invoice','Using custom font for invoice?','2023-10-30 01:30:29','2023-10-30 01:30:29'),(1855,1,'en','plugins/ecommerce/ecommerce','setting.invoice_font_family','Invoice font family (Only work for Latin language)','2023-10-30 01:30:29','2023-10-30 01:30:29'),(1856,1,'en','plugins/ecommerce/ecommerce','setting.enable_invoice_stamp','Enable invoice stamp?','2023-10-30 01:30:29','2023-10-30 01:30:29'),(1857,1,'en','plugins/ecommerce/ecommerce','setting.invoice_support_arabic_language','Support Arabic language in invoice?','2023-10-30 01:30:29','2023-10-30 01:30:29'),(1858,1,'en','plugins/ecommerce/ecommerce','setting.disable_order_invoice_until_order_confirmed','Disable order invoice until order confirmed?','2023-10-30 01:30:29','2023-10-30 01:30:29'),(1859,1,'en','plugins/ecommerce/ecommerce','setting.vat_number','VAT number','2023-10-30 01:30:29','2023-10-30 01:30:29'),(1860,1,'en','plugins/ecommerce/ecommerce','setting.tax_id','Tax ID','2023-10-30 01:30:29','2023-10-30 01:30:29'),(1861,1,'en','plugins/ecommerce/ecommerce','setting.enable_recaptcha_in_register_page','Enable Recaptcha in the registration page?','2023-10-30 01:30:29','2023-10-30 01:30:29'),(1862,1,'en','plugins/ecommerce/ecommerce','setting.enable_math_captcha_in_register_page','Enable Math captcha in the registration page?','2023-10-30 01:30:29','2023-10-30 01:30:29'),(1863,1,'en','plugins/ecommerce/ecommerce','setting.enable_recaptcha_in_register_page_description','Need to setup Captcha in Admin -> Settings -> General first.','2023-10-30 01:30:29','2023-10-30 01:30:29'),(1864,1,'en','plugins/ecommerce/ecommerce','setting.show_out_of_stock_products','Show out of stock products?','2023-10-30 01:30:29','2023-10-30 01:30:29'),(1865,1,'en','plugins/ecommerce/ecommerce','setting.default_tax_rate','Default tax rate','2023-10-30 01:30:29','2023-10-30 01:30:29'),(1866,1,'en','plugins/ecommerce/ecommerce','setting.default_tax_rate_description','Important: it will be applied if no tax selected in product.','2023-10-30 01:30:29','2023-10-30 01:30:29'),(1867,1,'en','plugins/ecommerce/ecommerce','setting.how_to_display_product_variation_images','How to display product variation images?','2023-10-30 01:30:29','2023-10-30 01:30:29'),(1868,1,'en','plugins/ecommerce/ecommerce','setting.only_variation_images','Only variation images','2023-10-30 01:30:29','2023-10-30 01:30:29'),(1869,1,'en','plugins/ecommerce/ecommerce','setting.variation_images_and_main_product_images','Variation images + main product images','2023-10-30 01:30:29','2023-10-30 01:30:29'),(1870,1,'en','plugins/ecommerce/ecommerce','setting.load_countries_states_cities_from_location_plugin','Load countries, states, cities from plugin location?','2023-10-30 01:30:29','2023-10-30 01:30:29'),(1871,1,'en','plugins/ecommerce/ecommerce','setting.load_countries_states_cities_from_location_plugin_placeholder','After changing this option, you need to update all addresses again. You should set it once.','2023-10-30 01:30:29','2023-10-30 01:30:29'),(1872,1,'en','plugins/ecommerce/ecommerce','setting.enable_wishlist','Enable wishlist?','2023-10-30 01:30:29','2023-10-30 01:30:29'),(1873,1,'en','plugins/ecommerce/ecommerce','setting.enable_compare','Enable compare?','2023-10-30 01:30:29','2023-10-30 01:30:29'),(1874,1,'en','plugins/ecommerce/ecommerce','setting.enable_order_tracking','Enable order tracking?','2023-10-30 01:30:29','2023-10-30 01:30:29'),(1875,1,'en','plugins/ecommerce/ecommerce','setting.recently_viewed.enable','Enable customer recently viewed products?','2023-10-30 01:30:29','2023-10-30 01:30:29'),(1876,1,'en','plugins/ecommerce/ecommerce','setting.recently_viewed.max','Maximum number of customer recently viewed products','2023-10-30 01:30:29','2023-10-30 01:30:29'),(1877,1,'en','plugins/ecommerce/ecommerce','setting.recently_viewed.max_helper','If you set 0, it will save all products.','2023-10-30 01:30:29','2023-10-30 01:30:29'),(1878,1,'en','plugins/ecommerce/ecommerce','setting.search_products','Search products','2023-10-30 01:30:29','2023-10-30 01:30:29'),(1879,1,'en','plugins/ecommerce/ecommerce','setting.search_products_description','Config rules to search products','2023-10-30 01:30:29','2023-10-30 01:30:29'),(1880,1,'en','plugins/ecommerce/ecommerce','setting.search_for_an_exact_phrase','Search for an exact phrase?','2023-10-30 01:30:29','2023-10-30 01:30:29'),(1881,1,'en','plugins/ecommerce/ecommerce','setting.search_products_by','Search products by:','2023-10-30 01:30:29','2023-10-30 01:30:29'),(1882,1,'en','plugins/ecommerce/ecommerce','setting.tracking_settings','Tracking settings','2023-10-30 01:30:29','2023-10-30 01:30:29'),(1883,1,'en','plugins/ecommerce/ecommerce','setting.tracking_settings_description','Manage tracking: UTM, Facebook, Google Tag Manager...','2023-10-30 01:30:29','2023-10-30 01:30:29'),(1884,1,'en','plugins/ecommerce/ecommerce','setting.enable_facebook_pixel','Enable Facebook Pixel (Meta Pixel)?','2023-10-30 01:30:29','2023-10-30 01:30:29'),(1885,1,'en','plugins/ecommerce/ecommerce','setting.facebook_pixel_id','Facebook Pixel ID','2023-10-30 01:30:29','2023-10-30 01:30:29'),(1886,1,'en','plugins/ecommerce/ecommerce','setting.facebook_pixel_helper','Go to https://developers.facebook.com/docs/meta-pixel to create Facebook Pixel.','2023-10-30 01:30:29','2023-10-30 01:30:29'),(1887,1,'en','plugins/ecommerce/ecommerce','setting.enable_google_tag_manager','Enable Google Tag Manager?','2023-10-30 01:30:29','2023-10-30 01:30:29'),(1888,1,'en','plugins/ecommerce/ecommerce','setting.google_tag_manager_code','Google Tag Manager code','2023-10-30 01:30:30','2023-10-30 01:30:30'),(1889,1,'en','plugins/ecommerce/ecommerce','setting.google_tag_manager_helper','Go to https://ads.google.com/aw/conversions to create Google Ads Conversions.','2023-10-30 01:30:30','2023-10-30 01:30:30'),(1890,1,'en','plugins/ecommerce/ecommerce','setting.webhook','Webhook','2023-10-30 01:30:30','2023-10-30 01:30:30'),(1891,1,'en','plugins/ecommerce/ecommerce','setting.webhook_description','Send webhook when order placed.','2023-10-30 01:30:30','2023-10-30 01:30:30'),(1892,1,'en','plugins/ecommerce/ecommerce','setting.shipping','Shipping','2023-10-30 01:30:30','2023-10-30 01:30:30'),(1893,1,'en','plugins/ecommerce/ecommerce','setting.shipping_description','Settings for shipping','2023-10-30 01:30:30','2023-10-30 01:30:30'),(1894,1,'en','plugins/ecommerce/ecommerce','setting.hide_other_shipping_options_if_it_has_free_shipping','Hide other shipping options if it has free shipping in the list?','2023-10-30 01:30:30','2023-10-30 01:30:30'),(1895,1,'en','plugins/ecommerce/ecommerce','setting.order_placed_webhook_url','Order placed webhook URL (method: POST)','2023-10-30 01:30:30','2023-10-30 01:30:30'),(1896,1,'en','plugins/ecommerce/ecommerce','setting.return_request','Return Request','2023-10-30 01:30:30','2023-10-30 01:30:30'),(1897,1,'en','plugins/ecommerce/ecommerce','setting.return_request_description','Number of days a customer can request a return after the order is completed.','2023-10-30 01:30:30','2023-10-30 01:30:30'),(1898,1,'en','plugins/ecommerce/ecommerce','setting.returnable_days','Refundable days','2023-10-30 01:30:30','2023-10-30 01:30:30'),(1899,1,'en','plugins/ecommerce/ecommerce','setting.billing_address_enabled','Enable billing address?','2023-10-30 01:30:30','2023-10-30 01:30:30'),(1900,1,'en','plugins/ecommerce/ecommerce','setting.activate_custom_return_product_quantity','Activate custom return product quantity?','2023-10-30 01:30:30','2023-10-30 01:30:30'),(1901,1,'en','plugins/ecommerce/ecommerce','setting.allow_partial_return','Allow partial return?','2023-10-30 01:30:30','2023-10-30 01:30:30'),(1902,1,'en','plugins/ecommerce/ecommerce','setting.allow_partial_return_description','Customer can return a few products, do not need to return all products in an order.','2023-10-30 01:30:30','2023-10-30 01:30:30'),(1903,1,'en','plugins/ecommerce/ecommerce','setting.activate_custom_return_product_quantity_description','Allow customer to change the quantity of the product they want to return.','2023-10-30 01:30:30','2023-10-30 01:30:30'),(1904,1,'en','plugins/ecommerce/ecommerce','setting.digital_product','Digital product','2023-10-30 01:30:30','2023-10-30 01:30:30'),(1905,1,'en','plugins/ecommerce/ecommerce','setting.digital_product_title','Is enabled to support the digital products?','2023-10-30 01:30:30','2023-10-30 01:30:30'),(1906,1,'en','plugins/ecommerce/ecommerce','setting.allow_guest_checkout_for_digital_products','Allow guest checkout for digital products?','2023-10-30 01:30:30','2023-10-30 01:30:30'),(1907,1,'en','plugins/ecommerce/ecommerce','setting.company_settings','Company settings','2023-10-30 01:30:30','2023-10-30 01:30:30'),(1908,1,'en','plugins/ecommerce/ecommerce','setting.company_settings_description','Settings Company information for invoicing','2023-10-30 01:30:30','2023-10-30 01:30:30'),(1909,1,'en','plugins/ecommerce/ecommerce','setting.company_name','Company name','2023-10-30 01:30:30','2023-10-30 01:30:30'),(1910,1,'en','plugins/ecommerce/ecommerce','setting.company_address','Company address','2023-10-30 01:30:30','2023-10-30 01:30:30'),(1911,1,'en','plugins/ecommerce/ecommerce','setting.company_zipcode','Company zipcode','2023-10-30 01:30:30','2023-10-30 01:30:30'),(1912,1,'en','plugins/ecommerce/ecommerce','setting.company_email','Company email','2023-10-30 01:30:30','2023-10-30 01:30:30'),(1913,1,'en','plugins/ecommerce/ecommerce','setting.company_phone','Company phone','2023-10-30 01:30:30','2023-10-30 01:30:30'),(1914,1,'en','plugins/ecommerce/ecommerce','setting.company_logo','Company logo','2023-10-30 01:30:30','2023-10-30 01:30:30'),(1915,1,'en','plugins/ecommerce/ecommerce','setting.company_tax_id','Company tax ID','2023-10-30 01:30:30','2023-10-30 01:30:30'),(1916,1,'en','plugins/ecommerce/ecommerce','setting.invoice_code_prefix','Invoice code prefix','2023-10-30 01:30:30','2023-10-30 01:30:30'),(1917,1,'en','plugins/ecommerce/ecommerce','setting.only_allow_customers_purchased_to_review','Only customers who have purchased the product can review the product?','2023-10-30 01:30:30','2023-10-30 01:30:30'),(1918,1,'en','plugins/ecommerce/ecommerce','setting.enable_order_auto_confirmed','Auto confirm order?','2023-10-30 01:30:30','2023-10-30 01:30:30'),(1919,1,'en','plugins/ecommerce/ecommerce','setting.is_enabled_order_return','Is enabled order return?','2023-10-30 01:30:30','2023-10-30 01:30:30'),(1920,1,'en','plugins/ecommerce/ecommerce','setting.is_enabled_product_options','Is enabled product options?','2023-10-30 01:30:30','2023-10-30 01:30:30'),(1921,1,'en','plugins/ecommerce/ecommerce','setting.exchange_rate.choose_api_provider','Choose API provider','2023-10-30 01:30:30','2023-10-30 01:30:30'),(1922,1,'en','plugins/ecommerce/ecommerce','setting.exchange_rate.select','-- Select --','2023-10-30 01:30:30','2023-10-30 01:30:30'),(1923,1,'en','plugins/ecommerce/ecommerce','setting.exchange_rate.provider.api_layer','API Layer','2023-10-30 01:30:30','2023-10-30 01:30:30'),(1924,1,'en','plugins/ecommerce/ecommerce','setting.exchange_rate.provider.open_exchange_rate','Open Exchange Rates','2023-10-30 01:30:30','2023-10-30 01:30:30'),(1925,1,'en','plugins/ecommerce/ecommerce','setting.exchange_rate.open_exchange_app_id','Open Exchange Rates App ID','2023-10-30 01:30:30','2023-10-30 01:30:30'),(1926,1,'en','plugins/ecommerce/ecommerce','setting.display_bank_info_at_the_checkout_success_page','Display bank info at the checkout success page?','2023-10-30 01:30:30','2023-10-30 01:30:30'),(1927,1,'en','plugins/ecommerce/ecommerce','setting.mandatory_form_fields_at_checkout','Mandatory fields at the checkout page:','2023-10-30 01:30:30','2023-10-30 01:30:30'),(1928,1,'en','plugins/ecommerce/ecommerce','setting.hide_form_fields_at_checkout','Hide customer fields at checkout page:','2023-10-30 01:30:30','2023-10-30 01:30:30'),(1929,1,'en','plugins/ecommerce/ecommerce','setting.display_tax_fields_at_checkout_page','Display tax information fields at the checkout page?','2023-10-30 01:30:30','2023-10-30 01:30:30'),(1930,1,'en','plugins/ecommerce/ecommerce','setting.enable_filter_products_by_brands','Enable filter products by brands?','2023-10-30 01:30:30','2023-10-30 01:30:30'),(1931,1,'en','plugins/ecommerce/ecommerce','setting.enable_filter_products_by_tags','Enable filter products by tags?','2023-10-30 01:30:30','2023-10-30 01:30:30'),(1932,1,'en','plugins/ecommerce/ecommerce','setting.enable_filter_products_by_attributes','Enable filter products by attributes?','2023-10-30 01:30:30','2023-10-30 01:30:30'),(1933,1,'en','plugins/ecommerce/ecommerce','setting.use_city_field_as_field_text','Use city field as a free text field?','2023-10-30 01:30:30','2023-10-30 01:30:30'),(1934,1,'en','plugins/ecommerce/ecommerce','setting.auto_generate_product_sku','Auto generate SKU when creating product?','2023-10-30 01:30:30','2023-10-30 01:30:30'),(1935,1,'en','plugins/ecommerce/ecommerce','setting.product_sku_format','SKU format','2023-10-30 01:30:30','2023-10-30 01:30:30'),(1936,1,'en','plugins/ecommerce/ecommerce','setting.product_sku_format_helper','You can use %s (1 string character) or %d (1 digit) in the format to generate random string. Ex: SKU-%s%s%s-HN-%d%d%d','2023-10-30 01:30:30','2023-10-30 01:30:30'),(1937,1,'en','plugins/ecommerce/ecommerce','store_address','Store address','2023-10-30 01:30:30','2023-10-30 01:30:30'),(1938,1,'en','plugins/ecommerce/ecommerce','store_phone','Store phone','2023-10-30 01:30:30','2023-10-30 01:30:30'),(1939,1,'en','plugins/ecommerce/ecommerce','order_id','Order ID','2023-10-30 01:30:30','2023-10-30 01:30:30'),(1940,1,'en','plugins/ecommerce/ecommerce','order_token','Order token','2023-10-30 01:30:30','2023-10-30 01:30:30'),(1941,1,'en','plugins/ecommerce/ecommerce','customer_name','Customer name','2023-10-30 01:30:30','2023-10-30 01:30:30'),(1942,1,'en','plugins/ecommerce/ecommerce','customer_email','Customer email','2023-10-30 01:30:30','2023-10-30 01:30:30'),(1943,1,'en','plugins/ecommerce/ecommerce','customer_phone','Customer phone','2023-10-30 01:30:30','2023-10-30 01:30:30'),(1944,1,'en','plugins/ecommerce/ecommerce','customer_address','Customer address','2023-10-30 01:30:30','2023-10-30 01:30:30'),(1945,1,'en','plugins/ecommerce/ecommerce','product_list','List products in order','2023-10-30 01:30:30','2023-10-30 01:30:30'),(1946,1,'en','plugins/ecommerce/ecommerce','order_note','Order note','2023-10-30 01:30:30','2023-10-30 01:30:30'),(1947,1,'en','plugins/ecommerce/ecommerce','payment_detail','Payment detail','2023-10-30 01:30:30','2023-10-30 01:30:30'),(1948,1,'en','plugins/ecommerce/ecommerce','shipping_method','Shipping method','2023-10-30 01:30:30','2023-10-30 01:30:30'),(1949,1,'en','plugins/ecommerce/ecommerce','payment_method','Payment method','2023-10-30 01:30:30','2023-10-30 01:30:30'),(1950,1,'en','plugins/ecommerce/ecommerce','standard_and_format','Standard & Format','2023-10-30 01:30:30','2023-10-30 01:30:30'),(1951,1,'en','plugins/ecommerce/ecommerce','standard_and_format_description','Standards and formats are used to calculate things like product prices, shipping weights, and order times.','2023-10-30 01:30:30','2023-10-30 01:30:30'),(1952,1,'en','plugins/ecommerce/ecommerce','change_order_format','Edit order code format (optional)','2023-10-30 01:30:30','2023-10-30 01:30:30'),(1953,1,'en','plugins/ecommerce/ecommerce','change_order_format_description','The default order code starts at: number. You can change the start or end string to create the order code you want, for example \"DH-: number\" or \": number-A\"','2023-10-30 01:30:30','2023-10-30 01:30:30'),(1954,1,'en','plugins/ecommerce/ecommerce','start_with','Start with','2023-10-30 01:30:30','2023-10-30 01:30:30'),(1955,1,'en','plugins/ecommerce/ecommerce','end_with','End with','2023-10-30 01:30:30','2023-10-30 01:30:30'),(1956,1,'en','plugins/ecommerce/ecommerce','order_will_be_shown','Your order code will be shown','2023-10-30 01:30:30','2023-10-30 01:30:30'),(1957,1,'en','plugins/ecommerce/ecommerce','weight_unit','Unit of weight','2023-10-30 01:30:30','2023-10-30 01:30:30'),(1958,1,'en','plugins/ecommerce/ecommerce','height_unit','Unit length / height','2023-10-30 01:30:30','2023-10-30 01:30:30'),(1959,1,'en','plugins/ecommerce/ecommerce','theme_options.name','Ecommerce','2023-10-30 01:30:30','2023-10-30 01:30:30'),(1960,1,'en','plugins/ecommerce/ecommerce','theme_options.description','Theme options for Ecommerce','2023-10-30 01:30:30','2023-10-30 01:30:30'),(1961,1,'en','plugins/ecommerce/ecommerce','theme_options.number_products_per_page','Number of products per page','2023-10-30 01:30:30','2023-10-30 01:30:30'),(1962,1,'en','plugins/ecommerce/ecommerce','theme_options.number_of_cross_sale_product','Number of cross sale products in product detail page','2023-10-30 01:30:30','2023-10-30 01:30:30'),(1963,1,'en','plugins/ecommerce/ecommerce','theme_options.max_price_filter','Maximum price to filter','2023-10-30 01:30:30','2023-10-30 01:30:30'),(1964,1,'en','plugins/ecommerce/ecommerce','theme_options.logo_in_the_checkout_page','Logo in the checkout page (Default is the main logo)','2023-10-30 01:30:30','2023-10-30 01:30:30'),(1965,1,'en','plugins/ecommerce/ecommerce','basic_settings','Basic settings','2023-10-30 01:30:30','2023-10-30 01:30:30'),(1966,1,'en','plugins/ecommerce/ecommerce','advanced_settings','Advanced settings','2023-10-30 01:30:30','2023-10-30 01:30:30'),(1967,1,'en','plugins/ecommerce/ecommerce','product_review_list','Product review list','2023-10-30 01:30:30','2023-10-30 01:30:30'),(1968,1,'en','plugins/ecommerce/ecommerce','forms.duplicate','Duplicate','2023-10-30 01:30:30','2023-10-30 01:30:30'),(1969,1,'en','plugins/ecommerce/ecommerce','forms.duplicate_success_message','Duplicate product successfully!','2023-10-30 01:30:30','2023-10-30 01:30:30'),(1970,1,'en','plugins/ecommerce/ecommerce','duplicate_modal','Duplicate product','2023-10-30 01:30:30','2023-10-30 01:30:30'),(1971,1,'en','plugins/ecommerce/ecommerce','duplicate_modal_description','Are you sure you want to duplicate this product?','2023-10-30 01:30:30','2023-10-30 01:30:30'),(1972,1,'en','plugins/ecommerce/email','customer_new_order_title','Order confirmation','2023-10-30 01:30:30','2023-10-30 01:30:30'),(1973,1,'en','plugins/ecommerce/email','customer_new_order_description','Send email confirmation to customer when an order placed','2023-10-30 01:30:30','2023-10-30 01:30:30'),(1974,1,'en','plugins/ecommerce/email','order_cancellation_title','Order cancellation','2023-10-30 01:30:30','2023-10-30 01:30:30'),(1975,1,'en','plugins/ecommerce/email','order_cancellation_description','Send to custom when they cancelled order','2023-10-30 01:30:30','2023-10-30 01:30:30'),(1976,1,'en','plugins/ecommerce/email','delivery_confirmation_title','Delivering confirmation','2023-10-30 01:30:30','2023-10-30 01:30:30'),(1977,1,'en','plugins/ecommerce/email','delivery_confirmation_description','Send to customer when order is delivering','2023-10-30 01:30:30','2023-10-30 01:30:30'),(1978,1,'en','plugins/ecommerce/email','order_delivered_title','Order delivered','2023-10-30 01:30:30','2023-10-30 01:30:30'),(1979,1,'en','plugins/ecommerce/email','order_delivered_description','Send to customer when order is delivered','2023-10-30 01:30:30','2023-10-30 01:30:30'),(1980,1,'en','plugins/ecommerce/email','admin_new_order_title','Notice about new order','2023-10-30 01:30:30','2023-10-30 01:30:30'),(1981,1,'en','plugins/ecommerce/email','admin_new_order_description','Send to administrators when an order placed','2023-10-30 01:30:30','2023-10-30 01:30:30'),(1982,1,'en','plugins/ecommerce/email','order_confirmation_title','Order confirmation','2023-10-30 01:30:30','2023-10-30 01:30:30'),(1983,1,'en','plugins/ecommerce/email','order_confirmation_description','Send to customer when they order was confirmed by admins','2023-10-30 01:30:30','2023-10-30 01:30:30'),(1984,1,'en','plugins/ecommerce/email','payment_confirmation_title','Payment confirmation','2023-10-30 01:30:30','2023-10-30 01:30:30'),(1985,1,'en','plugins/ecommerce/email','payment_confirmation_description','Send to customer when their payment was confirmed','2023-10-30 01:30:30','2023-10-30 01:30:30'),(1986,1,'en','plugins/ecommerce/email','order_recover_title','Incomplete order','2023-10-30 01:30:30','2023-10-30 01:30:30'),(1987,1,'en','plugins/ecommerce/email','order_recover_description','Send to custom to remind them about incomplete orders','2023-10-30 01:30:30','2023-10-30 01:30:30'),(1988,1,'en','plugins/ecommerce/email','view_order','View order','2023-10-30 01:30:30','2023-10-30 01:30:30'),(1989,1,'en','plugins/ecommerce/email','link_go_to_our_shop','or <a href=\":link\">Go to our shop</a>','2023-10-30 01:30:30','2023-10-30 01:30:30'),(1990,1,'en','plugins/ecommerce/email','order_number','Order number: <strong>:order_id</strong>','2023-10-30 01:30:30','2023-10-30 01:30:30'),(1991,1,'en','plugins/ecommerce/email','order_information','Order information:','2023-10-30 01:30:30','2023-10-30 01:30:30'),(1992,1,'en','plugins/ecommerce/email','order_return_request_title','Order return request','2023-10-30 01:30:30','2023-10-30 01:30:30'),(1993,1,'en','plugins/ecommerce/email','order_return_request_description','Send to customer when they return order','2023-10-30 01:30:30','2023-10-30 01:30:30'),(1994,1,'en','plugins/ecommerce/export','products.name','Export products','2023-10-30 01:30:30','2023-10-30 01:30:30'),(1995,1,'en','plugins/ecommerce/export','products.title','Export Products (CSV)','2023-10-30 01:30:30','2023-10-30 01:30:30'),(1996,1,'en','plugins/ecommerce/export','products.total_products','Total products','2023-10-30 01:30:30','2023-10-30 01:30:30'),(1997,1,'en','plugins/ecommerce/export','products.total_variations','Total variations','2023-10-30 01:30:30','2023-10-30 01:30:30'),(1998,1,'en','plugins/ecommerce/export','start_export','Start export','2023-10-30 01:30:30','2023-10-30 01:30:30'),(1999,1,'en','plugins/ecommerce/export','exporting','Exporting...','2023-10-30 01:30:30','2023-10-30 01:30:30'),(2000,1,'en','plugins/ecommerce/export','export','Export','2023-10-30 01:30:31','2023-10-30 01:30:31'),(2001,1,'en','plugins/ecommerce/flash-sale','name','Flash sales','2023-10-30 01:30:31','2023-10-30 01:30:31'),(2002,1,'en','plugins/ecommerce/flash-sale','create','New flash sale','2023-10-30 01:30:31','2023-10-30 01:30:31'),(2003,1,'en','plugins/ecommerce/flash-sale','edit','Edit flash sale','2023-10-30 01:30:31','2023-10-30 01:30:31'),(2004,1,'en','plugins/ecommerce/flash-sale','products','Products','2023-10-30 01:30:31','2023-10-30 01:30:31'),(2005,1,'en','plugins/ecommerce/invoice-template','name','Invoice template','2023-10-30 01:30:31','2023-10-30 01:30:31'),(2006,1,'en','plugins/ecommerce/invoice-template','setting','Invoice Settings','2023-10-30 01:30:31','2023-10-30 01:30:31'),(2007,1,'en','plugins/ecommerce/invoice-template','setting_description','Settings for Invoice template','2023-10-30 01:30:31','2023-10-30 01:30:31'),(2008,1,'en','plugins/ecommerce/invoice-template','setting_content','Content','2023-10-30 01:30:31','2023-10-30 01:30:31'),(2009,1,'en','plugins/ecommerce/invoice-template','preview','Preview','2023-10-30 01:30:31','2023-10-30 01:30:31'),(2010,1,'en','plugins/ecommerce/invoice-template','preview_heading','Preview Invoice template','2023-10-30 01:30:31','2023-10-30 01:30:31'),(2011,1,'en','plugins/ecommerce/invoice','name','Invoices','2023-10-30 01:30:31','2023-10-30 01:30:31'),(2012,1,'en','plugins/ecommerce/invoice','create','New invoice','2023-10-30 01:30:31','2023-10-30 01:30:31'),(2013,1,'en','plugins/ecommerce/invoice','edit','Edit invoice','2023-10-30 01:30:31','2023-10-30 01:30:31'),(2014,1,'en','plugins/ecommerce/invoice','print','Print Invoice','2023-10-30 01:30:31','2023-10-30 01:30:31'),(2015,1,'en','plugins/ecommerce/invoice','download','Download Invoice','2023-10-30 01:30:31','2023-10-30 01:30:31'),(2016,1,'en','plugins/ecommerce/invoice','heading','Invoice','2023-10-30 01:30:31','2023-10-30 01:30:31'),(2017,1,'en','plugins/ecommerce/invoice','invoice_for_job','','2023-10-30 01:30:31','2023-10-30 01:30:31'),(2018,1,'en','plugins/ecommerce/invoice','table.code','Code','2023-10-30 01:30:31','2023-10-30 01:30:31'),(2019,1,'en','plugins/ecommerce/invoice','table.amount','Amount','2023-10-30 01:30:31','2023-10-30 01:30:31'),(2020,1,'en','plugins/ecommerce/invoice','detail.invoice_for','Invoice For','2023-10-30 01:30:31','2023-10-30 01:30:31'),(2021,1,'en','plugins/ecommerce/invoice','detail.invoice_to','Invoice To','2023-10-30 01:30:31','2023-10-30 01:30:31'),(2022,1,'en','plugins/ecommerce/invoice','detail.tax_id','Tax ID','2023-10-30 01:30:31','2023-10-30 01:30:31'),(2023,1,'en','plugins/ecommerce/invoice','detail.code','Invoice Code','2023-10-30 01:30:31','2023-10-30 01:30:31'),(2024,1,'en','plugins/ecommerce/invoice','detail.issue_at','Issue At','2023-10-30 01:30:31','2023-10-30 01:30:31'),(2025,1,'en','plugins/ecommerce/invoice','detail.description','Description','2023-10-30 01:30:31','2023-10-30 01:30:31'),(2026,1,'en','plugins/ecommerce/invoice','detail.qty','Qty','2023-10-30 01:30:31','2023-10-30 01:30:31'),(2027,1,'en','plugins/ecommerce/invoice','detail.quantity','Quantity','2023-10-30 01:30:31','2023-10-30 01:30:31'),(2028,1,'en','plugins/ecommerce/invoice','detail.amount','Amount','2023-10-30 01:30:31','2023-10-30 01:30:31'),(2029,1,'en','plugins/ecommerce/invoice','detail.discount','Discount','2023-10-30 01:30:31','2023-10-30 01:30:31'),(2030,1,'en','plugins/ecommerce/invoice','detail.grand_total','Grand Total','2023-10-30 01:30:31','2023-10-30 01:30:31'),(2031,1,'en','plugins/ecommerce/invoice','detail.shipping_fee','Shipping Fee','2023-10-30 01:30:31','2023-10-30 01:30:31'),(2032,1,'en','plugins/ecommerce/invoice','detail.sub_total','Sub Total','2023-10-30 01:30:31','2023-10-30 01:30:31'),(2033,1,'en','plugins/ecommerce/invoice','detail.tax','Tax','2023-10-30 01:30:31','2023-10-30 01:30:31'),(2034,1,'en','plugins/ecommerce/invoice','detail.total','Total','2023-10-30 01:30:31','2023-10-30 01:30:31'),(2035,1,'en','plugins/ecommerce/invoice','detail.attributes','Attributes','2023-10-30 01:30:31','2023-10-30 01:30:31'),(2036,1,'en','plugins/ecommerce/invoice','detail.product_options','Product options','2023-10-30 01:30:31','2023-10-30 01:30:31'),(2037,1,'en','plugins/ecommerce/invoice','detail.license_code','License code','2023-10-30 01:30:31','2023-10-30 01:30:31'),(2038,1,'en','plugins/ecommerce/invoice','total_amount','Total Amount','2023-10-30 01:30:31','2023-10-30 01:30:31'),(2039,1,'en','plugins/ecommerce/invoice','payment_info','Payment Info','2023-10-30 01:30:31','2023-10-30 01:30:31'),(2040,1,'en','plugins/ecommerce/invoice','payment_method','Payment Method','2023-10-30 01:30:31','2023-10-30 01:30:31'),(2041,1,'en','plugins/ecommerce/invoice','payment_status','Payment Status','2023-10-30 01:30:31','2023-10-30 01:30:31'),(2042,1,'en','plugins/ecommerce/invoice','generate_invoices','Generate Invoices','2023-10-30 01:30:31','2023-10-30 01:30:31'),(2043,1,'en','plugins/ecommerce/invoice','generate_success_message','Generated :count invoices successfully','2023-10-30 01:30:31','2023-10-30 01:30:31'),(2044,1,'en','plugins/ecommerce/invoice','generate_invoice','Generate invoice','2023-10-30 01:30:31','2023-10-30 01:30:31'),(2045,1,'en','plugins/ecommerce/invoice','order','Order','2023-10-30 01:30:31','2023-10-30 01:30:31'),(2046,1,'en','plugins/ecommerce/order','statuses.pending','Pending','2023-10-30 01:30:31','2023-10-30 01:30:31'),(2047,1,'en','plugins/ecommerce/order','statuses.processing','Processing','2023-10-30 01:30:31','2023-10-30 01:30:31'),(2048,1,'en','plugins/ecommerce/order','statuses.completed','Completed','2023-10-30 01:30:31','2023-10-30 01:30:31'),(2049,1,'en','plugins/ecommerce/order','statuses.canceled','Canceled','2023-10-30 01:30:31','2023-10-30 01:30:31'),(2050,1,'en','plugins/ecommerce/order','statuses.partial_returned','Partial returned','2023-10-30 01:30:31','2023-10-30 01:30:31'),(2051,1,'en','plugins/ecommerce/order','statuses.returned','Returned','2023-10-30 01:30:31','2023-10-30 01:30:31'),(2052,1,'en','plugins/ecommerce/order','return_statuses.pending','Pending','2023-10-30 01:30:31','2023-10-30 01:30:31'),(2053,1,'en','plugins/ecommerce/order','return_statuses.processing','Processing','2023-10-30 01:30:31','2023-10-30 01:30:31'),(2054,1,'en','plugins/ecommerce/order','return_statuses.completed','Completed','2023-10-30 01:30:31','2023-10-30 01:30:31'),(2055,1,'en','plugins/ecommerce/order','return_statuses.canceled','Canceled','2023-10-30 01:30:31','2023-10-30 01:30:31'),(2056,1,'en','plugins/ecommerce/order','menu','Orders','2023-10-30 01:30:31','2023-10-30 01:30:31'),(2057,1,'en','plugins/ecommerce/order','create','Create an order','2023-10-30 01:30:31','2023-10-30 01:30:31'),(2058,1,'en','plugins/ecommerce/order','cancel_error','The order is delivering or not completed','2023-10-30 01:30:31','2023-10-30 01:30:31'),(2059,1,'en','plugins/ecommerce/order','cancel_success','You do cancel the order successful','2023-10-30 01:30:31','2023-10-30 01:30:31'),(2060,1,'en','plugins/ecommerce/order','return_error','The order is delivering or not completed','2023-10-30 01:30:31','2023-10-30 01:30:31'),(2061,1,'en','plugins/ecommerce/order','return_success','Requested product(s) return successfully!','2023-10-30 01:30:31','2023-10-30 01:30:31'),(2062,1,'en','plugins/ecommerce/order','incomplete_order','Incomplete orders','2023-10-30 01:30:31','2023-10-30 01:30:31'),(2063,1,'en','plugins/ecommerce/order','order_id','Order ID','2023-10-30 01:30:31','2023-10-30 01:30:31'),(2064,1,'en','plugins/ecommerce/order','product_id','Product ID','2023-10-30 01:30:31','2023-10-30 01:30:31'),(2065,1,'en','plugins/ecommerce/order','customer_label','Customer','2023-10-30 01:30:31','2023-10-30 01:30:31'),(2066,1,'en','plugins/ecommerce/order','tax_amount','Tax Amount','2023-10-30 01:30:31','2023-10-30 01:30:31'),(2067,1,'en','plugins/ecommerce/order','shipping_amount','Shipping amount','2023-10-30 01:30:31','2023-10-30 01:30:31'),(2068,1,'en','plugins/ecommerce/order','payment_method','Payment method','2023-10-30 01:30:31','2023-10-30 01:30:31'),(2069,1,'en','plugins/ecommerce/order','payment_status_label','Payment status','2023-10-30 01:30:31','2023-10-30 01:30:31'),(2070,1,'en','plugins/ecommerce/order','manage_orders','Manage orders','2023-10-30 01:30:31','2023-10-30 01:30:31'),(2071,1,'en','plugins/ecommerce/order','order_intro_description','Once your store has orders, this is where you will process and track those orders.','2023-10-30 01:30:31','2023-10-30 01:30:31'),(2072,1,'en','plugins/ecommerce/order','create_new_order','Create a new order','2023-10-30 01:30:31','2023-10-30 01:30:31'),(2073,1,'en','plugins/ecommerce/order','manage_incomplete_orders','Manage incomplete orders','2023-10-30 01:30:31','2023-10-30 01:30:31'),(2074,1,'en','plugins/ecommerce/order','incomplete_orders_intro_description','Incomplete order is an order created when a customer adds a product to the cart, proceeds to fill out the purchase information but does not complete the checkout process.','2023-10-30 01:30:31','2023-10-30 01:30:31'),(2075,1,'en','plugins/ecommerce/order','invoice_for_order','Invoice for order','2023-10-30 01:30:31','2023-10-30 01:30:31'),(2076,1,'en','plugins/ecommerce/order','created','Created','2023-10-30 01:30:31','2023-10-30 01:30:31'),(2077,1,'en','plugins/ecommerce/order','invoice','Invoice','2023-10-30 01:30:31','2023-10-30 01:30:31'),(2078,1,'en','plugins/ecommerce/order','return','Order Return Request','2023-10-30 01:30:31','2023-10-30 01:30:31'),(2079,1,'en','plugins/ecommerce/order','is_return','Return checkbox','2023-10-30 01:30:31','2023-10-30 01:30:31'),(2080,1,'en','plugins/ecommerce/order','total_refund_amount','Total refund amount','2023-10-30 01:30:31','2023-10-30 01:30:31'),(2081,1,'en','plugins/ecommerce/order','total_amount_can_be_refunded','Total amount can be refunded','2023-10-30 01:30:31','2023-10-30 01:30:31'),(2082,1,'en','plugins/ecommerce/order','refund_reason','Refund reason','2023-10-30 01:30:31','2023-10-30 01:30:31'),(2083,1,'en','plugins/ecommerce/order','products','product(s)','2023-10-30 01:30:31','2023-10-30 01:30:31'),(2084,1,'en','plugins/ecommerce/order','default','Default','2023-10-30 01:30:31','2023-10-30 01:30:31'),(2085,1,'en','plugins/ecommerce/order','system','System','2023-10-30 01:30:31','2023-10-30 01:30:31'),(2086,1,'en','plugins/ecommerce/order','new_order_from','New order :order_id from :customer','2023-10-30 01:30:31','2023-10-30 01:30:31'),(2087,1,'en','plugins/ecommerce/order','confirmation_email_was_sent_to_customer','The email confirmation was sent to customer','2023-10-30 01:30:31','2023-10-30 01:30:31'),(2088,1,'en','plugins/ecommerce/order','create_order_from_payment_page','Order was created from checkout page','2023-10-30 01:30:31','2023-10-30 01:30:31'),(2089,1,'en','plugins/ecommerce/order','create_order_from_admin_page','Order was created from admin page','2023-10-30 01:30:31','2023-10-30 01:30:31'),(2090,1,'en','plugins/ecommerce/order','order_was_verified_by','Order was verified by %user_name%','2023-10-30 01:30:31','2023-10-30 01:30:31'),(2091,1,'en','plugins/ecommerce/order','new_order','New order :order_id','2023-10-30 01:30:31','2023-10-30 01:30:31'),(2092,1,'en','plugins/ecommerce/order','payment_was_confirmed_by','Payment was confirmed (amount :money) by %user_name%','2023-10-30 01:30:31','2023-10-30 01:30:31'),(2093,1,'en','plugins/ecommerce/order','edit_order','Edit order :code','2023-10-30 01:30:31','2023-10-30 01:30:31'),(2094,1,'en','plugins/ecommerce/order','confirm_order_success','Confirm order successfully!','2023-10-30 01:30:31','2023-10-30 01:30:31'),(2095,1,'en','plugins/ecommerce/order','error_when_sending_email','There is an error when sending email','2023-10-30 01:30:31','2023-10-30 01:30:31'),(2096,1,'en','plugins/ecommerce/order','sent_confirmation_email_success','Sent confirmation email successfully!','2023-10-30 01:30:31','2023-10-30 01:30:31'),(2097,1,'en','plugins/ecommerce/order','order_was_sent_to_shipping_team','Order was sent to shipping team','2023-10-30 01:30:31','2023-10-30 01:30:31'),(2098,1,'en','plugins/ecommerce/order','by_username','by %user_name%','2023-10-30 01:30:31','2023-10-30 01:30:31'),(2099,1,'en','plugins/ecommerce/order','shipping_was_created_from','Shipping was created from order %order_id%','2023-10-30 01:30:31','2023-10-30 01:30:31'),(2100,1,'en','plugins/ecommerce/order','shipping_was_canceled_success','Shipping was cancelled successfully!','2023-10-30 01:30:31','2023-10-30 01:30:31'),(2101,1,'en','plugins/ecommerce/order','shipping_was_canceled_by','Shipping was cancelled by %user_name%','2023-10-30 01:30:31','2023-10-30 01:30:31'),(2102,1,'en','plugins/ecommerce/order','update_shipping_address_success','Update shipping address successfully!','2023-10-30 01:30:31','2023-10-30 01:30:31'),(2103,1,'en','plugins/ecommerce/order','order_was_canceled_by','Order was cancelled by %user_name%','2023-10-30 01:30:31','2023-10-30 01:30:31'),(2104,1,'en','plugins/ecommerce/order','order_was_returned_by','Order was returned by %user_name%','2023-10-30 01:30:31','2023-10-30 01:30:31'),(2105,1,'en','plugins/ecommerce/order','confirm_payment_success','Confirm payment successfully!','2023-10-30 01:30:31','2023-10-30 01:30:31'),(2106,1,'en','plugins/ecommerce/order','refund_amount_invalid','Refund amount must be lower or equal :price','2023-10-30 01:30:31','2023-10-30 01:30:31'),(2107,1,'en','plugins/ecommerce/order','number_of_products_invalid','Number of products refund is not valid!','2023-10-30 01:30:31','2023-10-30 01:30:31'),(2108,1,'en','plugins/ecommerce/order','cannot_found_payment_for_this_order','Cannot found payment for this order!','2023-10-30 01:30:31','2023-10-30 01:30:31'),(2109,1,'en','plugins/ecommerce/order','refund_success_with_price','Refund success :price','2023-10-30 01:30:31','2023-10-30 01:30:31'),(2110,1,'en','plugins/ecommerce/order','refund_success','Refund successfully!','2023-10-30 01:30:31','2023-10-30 01:30:31'),(2111,1,'en','plugins/ecommerce/order','order_is_not_existed','Order is not existed!','2023-10-30 01:30:32','2023-10-30 01:30:32'),(2112,1,'en','plugins/ecommerce/order','reorder','Reorder','2023-10-30 01:30:32','2023-10-30 01:30:32'),(2113,1,'en','plugins/ecommerce/order','sent_email_incomplete_order_success','Sent email to remind about incomplete order successfully!','2023-10-30 01:30:32','2023-10-30 01:30:32'),(2114,1,'en','plugins/ecommerce/order','applied_coupon_success','Applied coupon \":code\" successfully!','2023-10-30 01:30:32','2023-10-30 01:30:32'),(2115,1,'en','plugins/ecommerce/order','new_order_notice','You have <span class=\"bold\">:count</span> New Order(s)','2023-10-30 01:30:32','2023-10-30 01:30:32'),(2116,1,'en','plugins/ecommerce/order','view_all','View all','2023-10-30 01:30:32','2023-10-30 01:30:32'),(2117,1,'en','plugins/ecommerce/order','cancel_order','Cancel order','2023-10-30 01:30:32','2023-10-30 01:30:32'),(2118,1,'en','plugins/ecommerce/order','order_canceled','Order canceled','2023-10-30 01:30:32','2023-10-30 01:30:32'),(2119,1,'en','plugins/ecommerce/order','order_was_canceled_at','Order was canceled at','2023-10-30 01:30:32','2023-10-30 01:30:32'),(2120,1,'en','plugins/ecommerce/order','return_order','Return order','2023-10-30 01:30:32','2023-10-30 01:30:32'),(2121,1,'en','plugins/ecommerce/order','order_returned','Order returned','2023-10-30 01:30:32','2023-10-30 01:30:32'),(2122,1,'en','plugins/ecommerce/order','order_was_returned_at','Order was returned at','2023-10-30 01:30:32','2023-10-30 01:30:32'),(2123,1,'en','plugins/ecommerce/order','completed','Completed','2023-10-30 01:30:32','2023-10-30 01:30:32'),(2124,1,'en','plugins/ecommerce/order','uncompleted','Uncompleted','2023-10-30 01:30:32','2023-10-30 01:30:32'),(2125,1,'en','plugins/ecommerce/order','sku','SKU','2023-10-30 01:30:32','2023-10-30 01:30:32'),(2126,1,'en','plugins/ecommerce/order','warehouse','Warehouse','2023-10-30 01:30:32','2023-10-30 01:30:32'),(2127,1,'en','plugins/ecommerce/order','sub_amount','Sub amount','2023-10-30 01:30:32','2023-10-30 01:30:32'),(2128,1,'en','plugins/ecommerce/order','coupon_code','Coupon code: \":code\"','2023-10-30 01:30:32','2023-10-30 01:30:32'),(2129,1,'en','plugins/ecommerce/order','shipping_fee','Shipping fee','2023-10-30 01:30:32','2023-10-30 01:30:32'),(2130,1,'en','plugins/ecommerce/order','tax','Tax','2023-10-30 01:30:32','2023-10-30 01:30:32'),(2131,1,'en','plugins/ecommerce/order','refunded_amount','Refunded amount','2023-10-30 01:30:32','2023-10-30 01:30:32'),(2132,1,'en','plugins/ecommerce/order','amount_received','The amount actually received','2023-10-30 01:30:32','2023-10-30 01:30:32'),(2133,1,'en','plugins/ecommerce/order','download_invoice','Download invoice','2023-10-30 01:30:32','2023-10-30 01:30:32'),(2134,1,'en','plugins/ecommerce/order','print_invoice','Print invoice','2023-10-30 01:30:32','2023-10-30 01:30:32'),(2135,1,'en','plugins/ecommerce/order','add_note','Add note...','2023-10-30 01:30:32','2023-10-30 01:30:32'),(2136,1,'en','plugins/ecommerce/order','order_was_confirmed','Order was confirmed','2023-10-30 01:30:32','2023-10-30 01:30:32'),(2137,1,'en','plugins/ecommerce/order','confirm_order','Confirm order','2023-10-30 01:30:32','2023-10-30 01:30:32'),(2138,1,'en','plugins/ecommerce/order','confirm','Confirm','2023-10-30 01:30:32','2023-10-30 01:30:32'),(2139,1,'en','plugins/ecommerce/order','order_was_canceled','Order was canceled','2023-10-30 01:30:32','2023-10-30 01:30:32'),(2140,1,'en','plugins/ecommerce/order','order_was_returned','Order was returned','2023-10-30 01:30:32','2023-10-30 01:30:32'),(2141,1,'en','plugins/ecommerce/order','pending_payment','Pending payment','2023-10-30 01:30:32','2023-10-30 01:30:32'),(2142,1,'en','plugins/ecommerce/order','payment_was_accepted','Payment :money was accepted','2023-10-30 01:30:32','2023-10-30 01:30:32'),(2143,1,'en','plugins/ecommerce/order','payment_was_refunded','Payment was refunded','2023-10-30 01:30:32','2023-10-30 01:30:32'),(2144,1,'en','plugins/ecommerce/order','confirm_payment','Confirm payment','2023-10-30 01:30:32','2023-10-30 01:30:32'),(2145,1,'en','plugins/ecommerce/order','refund','Refund','2023-10-30 01:30:32','2023-10-30 01:30:32'),(2146,1,'en','plugins/ecommerce/order','all_products_are_not_delivered','All products are not delivered','2023-10-30 01:30:32','2023-10-30 01:30:32'),(2147,1,'en','plugins/ecommerce/order','delivery','Delivery','2023-10-30 01:30:32','2023-10-30 01:30:32'),(2148,1,'en','plugins/ecommerce/order','history','History','2023-10-30 01:30:32','2023-10-30 01:30:32'),(2149,1,'en','plugins/ecommerce/order','order_number','Order number','2023-10-30 01:30:32','2023-10-30 01:30:32'),(2150,1,'en','plugins/ecommerce/order','from','from','2023-10-30 01:30:32','2023-10-30 01:30:32'),(2151,1,'en','plugins/ecommerce/order','status','Status','2023-10-30 01:30:32','2023-10-30 01:30:32'),(2152,1,'en','plugins/ecommerce/order','successfully','Successfully','2023-10-30 01:30:32','2023-10-30 01:30:32'),(2153,1,'en','plugins/ecommerce/order','transaction_type','Transaction\'s type','2023-10-30 01:30:32','2023-10-30 01:30:32'),(2154,1,'en','plugins/ecommerce/order','staff','Staff','2023-10-30 01:30:32','2023-10-30 01:30:32'),(2155,1,'en','plugins/ecommerce/order','refund_date','Refund date','2023-10-30 01:30:32','2023-10-30 01:30:32'),(2156,1,'en','plugins/ecommerce/order','n_a','N\\A','2023-10-30 01:30:32','2023-10-30 01:30:32'),(2157,1,'en','plugins/ecommerce/order','payment_date','Payment date','2023-10-30 01:30:32','2023-10-30 01:30:32'),(2158,1,'en','plugins/ecommerce/order','payment_gateway','Payment gateway','2023-10-30 01:30:32','2023-10-30 01:30:32'),(2159,1,'en','plugins/ecommerce/order','transaction_amount','Transaction amount','2023-10-30 01:30:32','2023-10-30 01:30:32'),(2160,1,'en','plugins/ecommerce/order','resend','Resend','2023-10-30 01:30:32','2023-10-30 01:30:32'),(2161,1,'en','plugins/ecommerce/order','default_store','Default store','2023-10-30 01:30:32','2023-10-30 01:30:32'),(2162,1,'en','plugins/ecommerce/order','update_address','Update address','2023-10-30 01:30:32','2023-10-30 01:30:32'),(2163,1,'en','plugins/ecommerce/order','have_an_account_already','Have an account already','2023-10-30 01:30:32','2023-10-30 01:30:32'),(2164,1,'en','plugins/ecommerce/order','dont_have_an_account_yet','Don\'t have an account yet','2023-10-30 01:30:32','2023-10-30 01:30:32'),(2165,1,'en','plugins/ecommerce/order','mark_payment_as_confirmed','Mark <span>:method</span> as confirmed','2023-10-30 01:30:32','2023-10-30 01:30:32'),(2166,1,'en','plugins/ecommerce/order','resend_order_confirmation','Resend order confirmation','2023-10-30 01:30:32','2023-10-30 01:30:32'),(2167,1,'en','plugins/ecommerce/order','resend_order_confirmation_description','Confirmation email will be sent to <strong>:email</strong>?','2023-10-30 01:30:32','2023-10-30 01:30:32'),(2168,1,'en','plugins/ecommerce/order','send','Send','2023-10-30 01:30:32','2023-10-30 01:30:32'),(2169,1,'en','plugins/ecommerce/order','update','Update','2023-10-30 01:30:32','2023-10-30 01:30:32'),(2170,1,'en','plugins/ecommerce/order','cancel_shipping_confirmation','Cancel shipping confirmation?','2023-10-30 01:30:32','2023-10-30 01:30:32'),(2171,1,'en','plugins/ecommerce/order','cancel_shipping_confirmation_description','Cancel shipping confirmation?','2023-10-30 01:30:32','2023-10-30 01:30:32'),(2172,1,'en','plugins/ecommerce/order','cancel_order_confirmation','Cancel order confirmation?','2023-10-30 01:30:32','2023-10-30 01:30:32'),(2173,1,'en','plugins/ecommerce/order','cancel_order_confirmation_description','Are you sure you want to cancel this order? This action cannot rollback','2023-10-30 01:30:32','2023-10-30 01:30:32'),(2174,1,'en','plugins/ecommerce/order','return_order_confirmation','Return order confirmation?','2023-10-30 01:30:32','2023-10-30 01:30:32'),(2175,1,'en','plugins/ecommerce/order','return_order_confirmation_description','Are you sure you want to return this order? This action cannot rollback','2023-10-30 01:30:32','2023-10-30 01:30:32'),(2176,1,'en','plugins/ecommerce/order','confirm_payment_confirmation_description','Processed by <strong>:method</strong>. Did you receive payment outside the system? This payment won\'t be saved into system and cannot be refunded','2023-10-30 01:30:32','2023-10-30 01:30:32'),(2177,1,'en','plugins/ecommerce/order','save_note','Save note','2023-10-30 01:30:32','2023-10-30 01:30:32'),(2178,1,'en','plugins/ecommerce/order','order_note','Order note','2023-10-30 01:30:32','2023-10-30 01:30:32'),(2179,1,'en','plugins/ecommerce/order','order_note_placeholder','Note about order, ex: time or shipping instruction.','2023-10-30 01:30:32','2023-10-30 01:30:32'),(2180,1,'en','plugins/ecommerce/order','order_amount','Order amount','2023-10-30 01:30:32','2023-10-30 01:30:32'),(2181,1,'en','plugins/ecommerce/order','additional_information','Additional information','2023-10-30 01:30:32','2023-10-30 01:30:32'),(2182,1,'en','plugins/ecommerce/order','notice_about_incomplete_order','Notice about incomplete order','2023-10-30 01:30:32','2023-10-30 01:30:32'),(2183,1,'en','plugins/ecommerce/order','notice_about_incomplete_order_description','Remind email about uncompleted order will be send to <strong>:email</strong>?','2023-10-30 01:30:32','2023-10-30 01:30:32'),(2184,1,'en','plugins/ecommerce/order','incomplete_order_description_1','An incomplete order is when a potential customer places items in their shopping cart, and goes all the way through to the payment page, but then doesn\'t complete the transaction.','2023-10-30 01:30:32','2023-10-30 01:30:32'),(2185,1,'en','plugins/ecommerce/order','incomplete_order_description_2','If you have contacted customers and they want to continue buying, you can help them complete their order by following the link:','2023-10-30 01:30:32','2023-10-30 01:30:32'),(2186,1,'en','plugins/ecommerce/order','send_an_email_to_recover_this_order','Send an email to customer to recover this order','2023-10-30 01:30:32','2023-10-30 01:30:32'),(2187,1,'en','plugins/ecommerce/order','see_maps','See maps','2023-10-30 01:30:32','2023-10-30 01:30:32'),(2188,1,'en','plugins/ecommerce/order','one_or_more_products_dont_have_enough_quantity','One or more products don\'t have enough quantity!','2023-10-30 01:30:32','2023-10-30 01:30:32'),(2189,1,'en','plugins/ecommerce/order','cannot_send_order_recover_to_mail','The email could not be found so it can\'t send a recovery email to the customer.','2023-10-30 01:30:32','2023-10-30 01:30:32'),(2190,1,'en','plugins/ecommerce/order','payment_info','Payment Info','2023-10-30 01:30:32','2023-10-30 01:30:32'),(2191,1,'en','plugins/ecommerce/order','payment_method_refund_automatic','Your customer will be refunded using :method automatically.','2023-10-30 01:30:32','2023-10-30 01:30:32'),(2192,1,'en','plugins/ecommerce/order','order','Order','2023-10-30 01:30:32','2023-10-30 01:30:32'),(2193,1,'en','plugins/ecommerce/order','order_information','Order information','2023-10-30 01:30:32','2023-10-30 01:30:32'),(2194,1,'en','plugins/ecommerce/order','create_a_new_product','Create a new product','2023-10-30 01:30:32','2023-10-30 01:30:32'),(2195,1,'en','plugins/ecommerce/order','out_of_stock','Out of stock','2023-10-30 01:30:32','2023-10-30 01:30:32'),(2196,1,'en','plugins/ecommerce/order','products_available','product(s) available','2023-10-30 01:30:32','2023-10-30 01:30:32'),(2197,1,'en','plugins/ecommerce/order','no_products_found','No products found!','2023-10-30 01:30:32','2023-10-30 01:30:32'),(2198,1,'en','plugins/ecommerce/order','note','Note','2023-10-30 01:30:32','2023-10-30 01:30:32'),(2199,1,'en','plugins/ecommerce/order','note_for_order','Note for order...','2023-10-30 01:30:32','2023-10-30 01:30:32'),(2200,1,'en','plugins/ecommerce/order','amount','Amount','2023-10-30 01:30:32','2023-10-30 01:30:32'),(2201,1,'en','plugins/ecommerce/order','add_discount','Add discount','2023-10-30 01:30:32','2023-10-30 01:30:32'),(2202,1,'en','plugins/ecommerce/order','discount','Discount','2023-10-30 01:30:32','2023-10-30 01:30:32'),(2203,1,'en','plugins/ecommerce/order','add_shipping_fee','Add shipping fee','2023-10-30 01:30:32','2023-10-30 01:30:32'),(2204,1,'en','plugins/ecommerce/order','shipping','Shipping','2023-10-30 01:30:32','2023-10-30 01:30:32'),(2205,1,'en','plugins/ecommerce/order','total_amount','Total amount','2023-10-30 01:30:32','2023-10-30 01:30:32'),(2206,1,'en','plugins/ecommerce/order','confirm_payment_and_create_order','Confirm payment and create order','2023-10-30 01:30:32','2023-10-30 01:30:32'),(2207,1,'en','plugins/ecommerce/order','paid','Paid','2023-10-30 01:30:32','2023-10-30 01:30:32'),(2208,1,'en','plugins/ecommerce/order','pay_later','Pay later','2023-10-30 01:30:32','2023-10-30 01:30:32'),(2209,1,'en','plugins/ecommerce/order','customer_information','Customer information','2023-10-30 01:30:32','2023-10-30 01:30:32'),(2210,1,'en','plugins/ecommerce/order','create_new_customer','Create new customer','2023-10-30 01:30:32','2023-10-30 01:30:32'),(2211,1,'en','plugins/ecommerce/order','no_customer_found','No customer found!','2023-10-30 01:30:32','2023-10-30 01:30:32'),(2212,1,'en','plugins/ecommerce/order','customer','Customer','2023-10-30 01:30:32','2023-10-30 01:30:32'),(2213,1,'en','plugins/ecommerce/order','orders','order(s)','2023-10-30 01:30:32','2023-10-30 01:30:32'),(2214,1,'en','plugins/ecommerce/order','shipping_address','Shipping Address','2023-10-30 01:30:32','2023-10-30 01:30:32'),(2215,1,'en','plugins/ecommerce/order','shipping_info','Shipping information','2023-10-30 01:30:32','2023-10-30 01:30:32'),(2216,1,'en','plugins/ecommerce/order','billing_address','Billing Address','2023-10-30 01:30:32','2023-10-30 01:30:32'),(2217,1,'en','plugins/ecommerce/order','see_on_maps','See on maps','2023-10-30 01:30:32','2023-10-30 01:30:32'),(2218,1,'en','plugins/ecommerce/order','name','Name','2023-10-30 01:30:32','2023-10-30 01:30:32'),(2219,1,'en','plugins/ecommerce/order','price','Price','2023-10-30 01:30:32','2023-10-30 01:30:32'),(2220,1,'en','plugins/ecommerce/order','product_name','Product name','2023-10-30 01:30:32','2023-10-30 01:30:32'),(2221,1,'en','plugins/ecommerce/order','total','Total','2023-10-30 01:30:32','2023-10-30 01:30:32'),(2222,1,'en','plugins/ecommerce/order','action','Action','2023-10-30 01:30:33','2023-10-30 01:30:33'),(2223,1,'en','plugins/ecommerce/order','add_product','Add product','2023-10-30 01:30:33','2023-10-30 01:30:33'),(2224,1,'en','plugins/ecommerce/order','enter_free_text','Enter free text','2023-10-30 01:30:33','2023-10-30 01:30:33'),(2225,1,'en','plugins/ecommerce/order','promotion_discount_amount','Promotion amount','2023-10-30 01:30:33','2023-10-30 01:30:33'),(2226,1,'en','plugins/ecommerce/order','add','Add','2023-10-30 01:30:33','2023-10-30 01:30:33'),(2227,1,'en','plugins/ecommerce/order','store','Store','2023-10-30 01:30:33','2023-10-30 01:30:33'),(2228,1,'en','plugins/ecommerce/order','please_choose_product_option','Please choose product option','2023-10-30 01:30:33','2023-10-30 01:30:33'),(2229,1,'en','plugins/ecommerce/order','sku_optional','SKU (optional)','2023-10-30 01:30:33','2023-10-30 01:30:33'),(2230,1,'en','plugins/ecommerce/order','with_storehouse_management','With storehouse management?','2023-10-30 01:30:33','2023-10-30 01:30:33'),(2231,1,'en','plugins/ecommerce/order','quantity','Quantity','2023-10-30 01:30:33','2023-10-30 01:30:33'),(2232,1,'en','plugins/ecommerce/order','allow_customer_checkout_when_this_product_out_of_stock','Allow customer checkout when this product out of stock?','2023-10-30 01:30:33','2023-10-30 01:30:33'),(2233,1,'en','plugins/ecommerce/order','address','Address','2023-10-30 01:30:33','2023-10-30 01:30:33'),(2234,1,'en','plugins/ecommerce/order','phone','Phone','2023-10-30 01:30:33','2023-10-30 01:30:33'),(2235,1,'en','plugins/ecommerce/order','country','Country','2023-10-30 01:30:33','2023-10-30 01:30:33'),(2236,1,'en','plugins/ecommerce/order','state','State','2023-10-30 01:30:33','2023-10-30 01:30:33'),(2237,1,'en','plugins/ecommerce/order','city','City','2023-10-30 01:30:33','2023-10-30 01:30:33'),(2238,1,'en','plugins/ecommerce/order','zip_code','Zip code','2023-10-30 01:30:33','2023-10-30 01:30:33'),(2239,1,'en','plugins/ecommerce/order','discount_based_on','Discount based on','2023-10-30 01:30:33','2023-10-30 01:30:33'),(2240,1,'en','plugins/ecommerce/order','or_coupon_code','Or coupon code','2023-10-30 01:30:33','2023-10-30 01:30:33'),(2241,1,'en','plugins/ecommerce/order','description','Description','2023-10-30 01:30:33','2023-10-30 01:30:33'),(2242,1,'en','plugins/ecommerce/order','how_to_select_configured_shipping','How to select configured shipping?','2023-10-30 01:30:33','2023-10-30 01:30:33'),(2243,1,'en','plugins/ecommerce/order','please_add_customer_information_with_the_complete_shipping_address_to_see_the_configured_shipping_rates','Please add customer information with the complete shipping address to see the configured shipping rates','2023-10-30 01:30:33','2023-10-30 01:30:33'),(2244,1,'en','plugins/ecommerce/order','please_products_and_customer_address_to_see_the_shipping_rates','Please add products and customer information with the complete shipping address to see the configured shipping rates','2023-10-30 01:30:33','2023-10-30 01:30:33'),(2245,1,'en','plugins/ecommerce/order','shipping_method_not_found','Shipping method not found','2023-10-30 01:30:33','2023-10-30 01:30:33'),(2246,1,'en','plugins/ecommerce/order','free_shipping','Free shipping','2023-10-30 01:30:33','2023-10-30 01:30:33'),(2247,1,'en','plugins/ecommerce/order','custom','Custom','2023-10-30 01:30:33','2023-10-30 01:30:33'),(2248,1,'en','plugins/ecommerce/order','email','Email','2023-10-30 01:30:33','2023-10-30 01:30:33'),(2249,1,'en','plugins/ecommerce/order','create_order','Create order','2023-10-30 01:30:33','2023-10-30 01:30:33'),(2250,1,'en','plugins/ecommerce/order','close','Close','2023-10-30 01:30:33','2023-10-30 01:30:33'),(2251,1,'en','plugins/ecommerce/order','confirm_payment_is_paid_for_this_order','Confirm payment is paid for this order','2023-10-30 01:30:33','2023-10-30 01:30:33'),(2252,1,'en','plugins/ecommerce/order','payment_status_of_the_order_is_paid_once_the_order_has_been_created_you_cannot_change_the_payment_method_or_status','Payment status of the order is Paid. Once the order has been created, you cannot change the payment method or status','2023-10-30 01:30:33','2023-10-30 01:30:33'),(2253,1,'en','plugins/ecommerce/order','select_payment_method','Select payment method','2023-10-30 01:30:33','2023-10-30 01:30:33'),(2254,1,'en','plugins/ecommerce/order','cash_on_delivery_cod','Cash on delivery (COD)','2023-10-30 01:30:33','2023-10-30 01:30:33'),(2255,1,'en','plugins/ecommerce/order','bank_transfer','Bank transfer','2023-10-30 01:30:33','2023-10-30 01:30:33'),(2256,1,'en','plugins/ecommerce/order','paid_amount','Paid amount','2023-10-30 01:30:33','2023-10-30 01:30:33'),(2257,1,'en','plugins/ecommerce/order','confirm_that_payment_for_this_order_will_be_paid_later','Confirm that payment for this order will be paid later','2023-10-30 01:30:33','2023-10-30 01:30:33'),(2258,1,'en','plugins/ecommerce/order','payment_status_of_the_order_is_pending_once_the_order_has_been_created_you_cannot_change_the_payment_method_or_status','Payment status of the order is Pending. Once the order has been created, you cannot change the payment method or status','2023-10-30 01:30:33','2023-10-30 01:30:33'),(2259,1,'en','plugins/ecommerce/order','pending_amount','Pending amount','2023-10-30 01:30:33','2023-10-30 01:30:33'),(2260,1,'en','plugins/ecommerce/order','update_email','Update email','2023-10-30 01:30:33','2023-10-30 01:30:33'),(2261,1,'en','plugins/ecommerce/order','save','Save','2023-10-30 01:30:33','2023-10-30 01:30:33'),(2262,1,'en','plugins/ecommerce/order','cancel','Cancel','2023-10-30 01:30:33','2023-10-30 01:30:33'),(2263,1,'en','plugins/ecommerce/order','create_a_new_order','Create a new order','2023-10-30 01:30:33','2023-10-30 01:30:33'),(2264,1,'en','plugins/ecommerce/order','search_or_create_new_product','Search or create a new product','2023-10-30 01:30:33','2023-10-30 01:30:33'),(2265,1,'en','plugins/ecommerce/order','search_or_create_new_customer','Search or create a new customer','2023-10-30 01:30:33','2023-10-30 01:30:33'),(2266,1,'en','plugins/ecommerce/order','discount_description','Discount description','2023-10-30 01:30:33','2023-10-30 01:30:33'),(2267,1,'en','plugins/ecommerce/order','cant_select_out_of_stock_product','Cannot select out of stock product!','2023-10-30 01:30:33','2023-10-30 01:30:33'),(2268,1,'en','plugins/ecommerce/order','referral','Referral','2023-10-30 01:30:33','2023-10-30 01:30:33'),(2269,1,'en','plugins/ecommerce/order','return_order_unique','Same :attribute already exists in a previous return request.','2023-10-30 01:30:33','2023-10-30 01:30:33'),(2270,1,'en','plugins/ecommerce/order','total_return_amount','Total return amount','2023-10-30 01:30:33','2023-10-30 01:30:33'),(2271,1,'en','plugins/ecommerce/order','change_return_order_status','Change return order status','2023-10-30 01:30:33','2023-10-30 01:30:33'),(2272,1,'en','plugins/ecommerce/order','return_reason','Return reason','2023-10-30 01:30:33','2023-10-30 01:30:33'),(2273,1,'en','plugins/ecommerce/order','referral_data.ip','IP','2023-10-30 01:30:33','2023-10-30 01:30:33'),(2274,1,'en','plugins/ecommerce/order','referral_data.landing_domain','Landing domain','2023-10-30 01:30:33','2023-10-30 01:30:33'),(2275,1,'en','plugins/ecommerce/order','referral_data.landing_page','Landing page','2023-10-30 01:30:33','2023-10-30 01:30:33'),(2276,1,'en','plugins/ecommerce/order','referral_data.landing_params','Landing params','2023-10-30 01:30:33','2023-10-30 01:30:33'),(2277,1,'en','plugins/ecommerce/order','referral_data.gclid','Gclid','2023-10-30 01:30:33','2023-10-30 01:30:33'),(2278,1,'en','plugins/ecommerce/order','referral_data.fclid','Fclid','2023-10-30 01:30:33','2023-10-30 01:30:33'),(2279,1,'en','plugins/ecommerce/order','referral_data.utm_source','UTM source','2023-10-30 01:30:33','2023-10-30 01:30:33'),(2280,1,'en','plugins/ecommerce/order','referral_data.utm_campaign','UTM campaign','2023-10-30 01:30:33','2023-10-30 01:30:33'),(2281,1,'en','plugins/ecommerce/order','referral_data.utm_medium','UTM medium','2023-10-30 01:30:33','2023-10-30 01:30:33'),(2282,1,'en','plugins/ecommerce/order','referral_data.utm_term','UTM term','2023-10-30 01:30:33','2023-10-30 01:30:33'),(2283,1,'en','plugins/ecommerce/order','referral_data.utm_content','UTM content','2023-10-30 01:30:33','2023-10-30 01:30:33'),(2284,1,'en','plugins/ecommerce/order','referral_data.referral','Referral','2023-10-30 01:30:33','2023-10-30 01:30:33'),(2285,1,'en','plugins/ecommerce/order','referral_data.referrer_url','Referral URL','2023-10-30 01:30:33','2023-10-30 01:30:33'),(2286,1,'en','plugins/ecommerce/order','referral_data.referrer_domain','Referral domain','2023-10-30 01:30:33','2023-10-30 01:30:33'),(2287,1,'en','plugins/ecommerce/order','order_address_types.shipping_address','Shipping address','2023-10-30 01:30:33','2023-10-30 01:30:33'),(2288,1,'en','plugins/ecommerce/order','order_address_types.billing_address','Billing address','2023-10-30 01:30:33','2023-10-30 01:30:33'),(2289,1,'en','plugins/ecommerce/order','order_return_reasons.damaged','Damaged product','2023-10-30 01:30:33','2023-10-30 01:30:33'),(2290,1,'en','plugins/ecommerce/order','order_return_reasons.defective','Defective','2023-10-30 01:30:33','2023-10-30 01:30:33'),(2291,1,'en','plugins/ecommerce/order','order_return_reasons.incorrect_item','Incorrect item','2023-10-30 01:30:33','2023-10-30 01:30:33'),(2292,1,'en','plugins/ecommerce/order','order_return_reasons.arrived_late','Arrived late','2023-10-30 01:30:33','2023-10-30 01:30:33'),(2293,1,'en','plugins/ecommerce/order','order_return_reasons.not_as_described','Not as described','2023-10-30 01:30:33','2023-10-30 01:30:33'),(2294,1,'en','plugins/ecommerce/order','order_return_reasons.no_longer_want','No longer want','2023-10-30 01:30:33','2023-10-30 01:30:33'),(2295,1,'en','plugins/ecommerce/order','order_return_reasons.other','Other','2023-10-30 01:30:33','2023-10-30 01:30:33'),(2296,1,'en','plugins/ecommerce/order','order_return_reason','Return reason','2023-10-30 01:30:33','2023-10-30 01:30:33'),(2297,1,'en','plugins/ecommerce/order','notices.update_return_order_status_error','Cannot update return order status! Maybe the return order status is not valid.','2023-10-30 01:30:33','2023-10-30 01:30:33'),(2298,1,'en','plugins/ecommerce/order','notices.update_return_order_status_success','Update return order status successfully!','2023-10-30 01:30:33','2023-10-30 01:30:33'),(2299,1,'en','plugins/ecommerce/order','order_return','Order returns','2023-10-30 01:30:33','2023-10-30 01:30:33'),(2300,1,'en','plugins/ecommerce/order','edit_order_return','Edit order return :code','2023-10-30 01:30:33','2023-10-30 01:30:33'),(2301,1,'en','plugins/ecommerce/order','order_return_items_count','Product item(s)','2023-10-30 01:30:33','2023-10-30 01:30:33'),(2302,1,'en','plugins/ecommerce/order','new_order_notifications.new_order','New order','2023-10-30 01:30:33','2023-10-30 01:30:33'),(2303,1,'en','plugins/ecommerce/order','new_order_notifications.view','View','2023-10-30 01:30:33','2023-10-30 01:30:33'),(2304,1,'en','plugins/ecommerce/order','new_order_notifications.description',':customer ordered :quantity :product','2023-10-30 01:30:33','2023-10-30 01:30:33'),(2305,1,'en','plugins/ecommerce/order','confirm_payment_notifications.confirm_payment','Confirm payment','2023-10-30 01:30:33','2023-10-30 01:30:33'),(2306,1,'en','plugins/ecommerce/order','confirm_payment_notifications.description','Order :order Payment was confirmed (amount :amount) by :by','2023-10-30 01:30:33','2023-10-30 01:30:33'),(2307,1,'en','plugins/ecommerce/order','update_shipping_status_notifications.update_shipping_status','Update shipping status','2023-10-30 01:30:33','2023-10-30 01:30:33'),(2308,1,'en','plugins/ecommerce/order','update_shipping_status_notifications.description','Order :order had changed shipping status :description','2023-10-30 01:30:33','2023-10-30 01:30:33'),(2309,1,'en','plugins/ecommerce/order','cancel_order_notifications.cancel_order','Cancel order','2023-10-30 01:30:33','2023-10-30 01:30:33'),(2310,1,'en','plugins/ecommerce/order','cancel_order_notifications.description','Order :order was cancelled by custom :customer','2023-10-30 01:30:33','2023-10-30 01:30:33'),(2311,1,'en','plugins/ecommerce/order','return_order_notifications.return_order','Return order','2023-10-30 01:30:33','2023-10-30 01:30:33'),(2312,1,'en','plugins/ecommerce/order','return_order_notifications.description',':customer has requested return product(s)','2023-10-30 01:30:33','2023-10-30 01:30:33'),(2313,1,'en','plugins/ecommerce/order','order_completed_notifications.order_completed','Order Completed','2023-10-30 01:30:33','2023-10-30 01:30:33'),(2314,1,'en','plugins/ecommerce/order','order_completed_notifications.description','Order :order has been completed','2023-10-30 01:30:33','2023-10-30 01:30:33'),(2315,1,'en','plugins/ecommerce/order','tax_info.name','Tax Information','2023-10-30 01:30:33','2023-10-30 01:30:33'),(2316,1,'en','plugins/ecommerce/order','tax_info.update','Update tax information','2023-10-30 01:30:33','2023-10-30 01:30:33'),(2317,1,'en','plugins/ecommerce/order','tax_info.update_success','Update tax information successfully!','2023-10-30 01:30:33','2023-10-30 01:30:33'),(2318,1,'en','plugins/ecommerce/order','tax_info.company_name','Company name','2023-10-30 01:30:33','2023-10-30 01:30:33'),(2319,1,'en','plugins/ecommerce/order','tax_info.company_address','Company address','2023-10-30 01:30:33','2023-10-30 01:30:33'),(2320,1,'en','plugins/ecommerce/order','tax_info.company_tax_code','Company tax code','2023-10-30 01:30:33','2023-10-30 01:30:33'),(2321,1,'en','plugins/ecommerce/order','tax_info.company_email','Company email','2023-10-30 01:30:33','2023-10-30 01:30:33'),(2322,1,'en','plugins/ecommerce/order','mark_as_completed.name','Mark as completed','2023-10-30 01:30:33','2023-10-30 01:30:33'),(2323,1,'en','plugins/ecommerce/order','mark_as_completed.modal_title','Mark order as completed','2023-10-30 01:30:33','2023-10-30 01:30:33'),(2324,1,'en','plugins/ecommerce/order','mark_as_completed.modal_description','Are you sure you want to mark this order as completed? This will change the order status to completed and cannot be undone.','2023-10-30 01:30:33','2023-10-30 01:30:33'),(2325,1,'en','plugins/ecommerce/order','mark_as_completed.success','Mark order as completed successfully!','2023-10-30 01:30:33','2023-10-30 01:30:33'),(2326,1,'en','plugins/ecommerce/order','mark_as_completed.history','Order is marked as completed by :admin at :time','2023-10-30 01:30:33','2023-10-30 01:30:33'),(2327,1,'en','plugins/ecommerce/order','generate_invoice','Generate invoice','2023-10-30 01:30:33','2023-10-30 01:30:33'),(2328,1,'en','plugins/ecommerce/order','generated_invoice_successfully','Generated invoice successfully!','2023-10-30 01:30:33','2023-10-30 01:30:33'),(2329,1,'en','plugins/ecommerce/payment','name','Payments','2023-10-30 01:30:33','2023-10-30 01:30:33'),(2330,1,'en','plugins/ecommerce/payment','payment_method','Payment methods','2023-10-30 01:30:33','2023-10-30 01:30:33'),(2331,1,'en','plugins/ecommerce/payment','view_payment','View payment #','2023-10-30 01:30:34','2023-10-30 01:30:34'),(2332,1,'en','plugins/ecommerce/payment','charge_id','Charge ID','2023-10-30 01:30:34','2023-10-30 01:30:34'),(2333,1,'en','plugins/ecommerce/payment','amount','Amount','2023-10-30 01:30:34','2023-10-30 01:30:34'),(2334,1,'en','plugins/ecommerce/payment','currency','Currency','2023-10-30 01:30:34','2023-10-30 01:30:34'),(2335,1,'en','plugins/ecommerce/payment','user','User','2023-10-30 01:30:34','2023-10-30 01:30:34'),(2336,1,'en','plugins/ecommerce/payment','paypal_name_required','PayPal\'s name is required!','2023-10-30 01:30:34','2023-10-30 01:30:34'),(2337,1,'en','plugins/ecommerce/payment','paypal_name_max','PayPal\'s name is too long!','2023-10-30 01:30:34','2023-10-30 01:30:34'),(2338,1,'en','plugins/ecommerce/payment','status','Status','2023-10-30 01:30:34','2023-10-30 01:30:34'),(2339,1,'en','plugins/ecommerce/payment','enabled','Enabled','2023-10-30 01:30:34','2023-10-30 01:30:34'),(2340,1,'en','plugins/ecommerce/payment','disabled','Disabled','2023-10-30 01:30:34','2023-10-30 01:30:34'),(2341,1,'en','plugins/ecommerce/payment','client_id','Client ID','2023-10-30 01:30:34','2023-10-30 01:30:34'),(2342,1,'en','plugins/ecommerce/payment','client_secret','Client Secret','2023-10-30 01:30:34','2023-10-30 01:30:34'),(2343,1,'en','plugins/ecommerce/payment','mode','Mode','2023-10-30 01:30:34','2023-10-30 01:30:34'),(2344,1,'en','plugins/ecommerce/payment','sandbox','Sandbox','2023-10-30 01:30:34','2023-10-30 01:30:34'),(2345,1,'en','plugins/ecommerce/payment','live','Live','2023-10-30 01:30:34','2023-10-30 01:30:34'),(2346,1,'en','plugins/ecommerce/payment','enable_payment_log','Enable Payment Log','2023-10-30 01:30:34','2023-10-30 01:30:34'),(2347,1,'en','plugins/ecommerce/payment','yes','Yes','2023-10-30 01:30:34','2023-10-30 01:30:34'),(2348,1,'en','plugins/ecommerce/payment','no','No','2023-10-30 01:30:34','2023-10-30 01:30:34'),(2349,1,'en','plugins/ecommerce/payment','client_key','Client Key','2023-10-30 01:30:34','2023-10-30 01:30:34'),(2350,1,'en','plugins/ecommerce/payment','paypal','PayPal','2023-10-30 01:30:34','2023-10-30 01:30:34'),(2351,1,'en','plugins/ecommerce/payment','action','Action','2023-10-30 01:30:34','2023-10-30 01:30:34'),(2352,1,'en','plugins/ecommerce/payment','go_back','Go back','2023-10-30 01:30:34','2023-10-30 01:30:34'),(2353,1,'en','plugins/ecommerce/payment','view','View','2023-10-30 01:30:34','2023-10-30 01:30:34'),(2354,1,'en','plugins/ecommerce/payment','cash_on_delivery','Cash on delivery (COD)','2023-10-30 01:30:34','2023-10-30 01:30:34'),(2355,1,'en','plugins/ecommerce/payment','via_bank_transfer','Via bank transfer','2023-10-30 01:30:34','2023-10-30 01:30:34'),(2356,1,'en','plugins/ecommerce/payment','payment_via_cart','Payment via card','2023-10-30 01:30:34','2023-10-30 01:30:34'),(2357,1,'en','plugins/ecommerce/payment','card_number','Card number','2023-10-30 01:30:34','2023-10-30 01:30:34'),(2358,1,'en','plugins/ecommerce/payment','full_name','Full name','2023-10-30 01:30:34','2023-10-30 01:30:34'),(2359,1,'en','plugins/ecommerce/payment','payment_via_paypal','Payment via PayPal','2023-10-30 01:30:34','2023-10-30 01:30:34'),(2360,1,'en','plugins/ecommerce/payment','mm_yy','MM/YY','2023-10-30 01:30:34','2023-10-30 01:30:34'),(2361,1,'en','plugins/ecommerce/payment','cvc','CVC','2023-10-30 01:30:34','2023-10-30 01:30:34'),(2362,1,'en','plugins/ecommerce/payment','details','Details','2023-10-30 01:30:34','2023-10-30 01:30:34'),(2363,1,'en','plugins/ecommerce/payment','payer_name','Payer Name','2023-10-30 01:30:34','2023-10-30 01:30:34'),(2364,1,'en','plugins/ecommerce/payment','email','Email','2023-10-30 01:30:34','2023-10-30 01:30:34'),(2365,1,'en','plugins/ecommerce/payment','phone','Phone','2023-10-30 01:30:34','2023-10-30 01:30:34'),(2366,1,'en','plugins/ecommerce/payment','country','Country','2023-10-30 01:30:34','2023-10-30 01:30:34'),(2367,1,'en','plugins/ecommerce/payment','shipping_address','Shipping Address','2023-10-30 01:30:34','2023-10-30 01:30:34'),(2368,1,'en','plugins/ecommerce/payment','payment_details','Payment Details','2023-10-30 01:30:34','2023-10-30 01:30:34'),(2369,1,'en','plugins/ecommerce/payment','card','Card','2023-10-30 01:30:34','2023-10-30 01:30:34'),(2370,1,'en','plugins/ecommerce/payment','address','Address','2023-10-30 01:30:34','2023-10-30 01:30:34'),(2371,1,'en','plugins/ecommerce/payment','new_payment','Payment for order :id','2023-10-30 01:30:34','2023-10-30 01:30:34'),(2372,1,'en','plugins/ecommerce/payment','payment_id','Payment ID','2023-10-30 01:30:34','2023-10-30 01:30:34'),(2373,1,'en','plugins/ecommerce/payment','order','Order','2023-10-30 01:30:34','2023-10-30 01:30:34'),(2374,1,'en','plugins/ecommerce/payment','add_payment','Add payment','2023-10-30 01:30:34','2023-10-30 01:30:34'),(2375,1,'en','plugins/ecommerce/payment','add_new_payment','New payment','2023-10-30 01:30:34','2023-10-30 01:30:34'),(2376,1,'en','plugins/ecommerce/payment','add','Add','2023-10-30 01:30:34','2023-10-30 01:30:34'),(2377,1,'en','plugins/ecommerce/payment','no_data','No data to display','2023-10-30 01:30:34','2023-10-30 01:30:34'),(2378,1,'en','plugins/ecommerce/payment','no_option','No option','2023-10-30 01:30:34','2023-10-30 01:30:34'),(2379,1,'en','plugins/ecommerce/payment','edit_payment','Edit payment','2023-10-30 01:30:34','2023-10-30 01:30:34'),(2380,1,'en','plugins/ecommerce/payment','save','Save','2023-10-30 01:30:34','2023-10-30 01:30:34'),(2381,1,'en','plugins/ecommerce/prices','name','Price','2023-10-30 01:30:34','2023-10-30 01:30:34'),(2382,1,'en','plugins/ecommerce/prices','create','New price','2023-10-30 01:30:34','2023-10-30 01:30:34'),(2383,1,'en','plugins/ecommerce/prices','edit','Edit price','2023-10-30 01:30:34','2023-10-30 01:30:34'),(2384,1,'en','plugins/ecommerce/prices','list','List price','2023-10-30 01:30:34','2023-10-30 01:30:34'),(2385,1,'en','plugins/ecommerce/product-attribute-sets','name','Product attribute sets','2023-10-30 01:30:34','2023-10-30 01:30:34'),(2386,1,'en','plugins/ecommerce/product-attribute-sets','create','New product attribute set','2023-10-30 01:30:34','2023-10-30 01:30:34'),(2387,1,'en','plugins/ecommerce/product-attribute-sets','edit','Edit product attribute set','2023-10-30 01:30:34','2023-10-30 01:30:34'),(2388,1,'en','plugins/ecommerce/product-attribute-sets','visible_in_categories','Visible in categories','2023-10-30 01:30:34','2023-10-30 01:30:34'),(2389,1,'en','plugins/ecommerce/product-attribute-sets','product_with_more_version','Product with more version','2023-10-30 01:30:34','2023-10-30 01:30:34'),(2390,1,'en','plugins/ecommerce/product-attribute-sets','create_a_version','Create a version','2023-10-30 01:30:34','2023-10-30 01:30:34'),(2391,1,'en','plugins/ecommerce/product-attribute-sets','enabled','Enabled','2023-10-30 01:30:34','2023-10-30 01:30:34'),(2392,1,'en','plugins/ecommerce/product-attribute-sets','attributes','Attributes','2023-10-30 01:30:34','2023-10-30 01:30:34'),(2393,1,'en','plugins/ecommerce/product-attribute-sets','price','Price','2023-10-30 01:30:34','2023-10-30 01:30:34'),(2394,1,'en','plugins/ecommerce/product-attribute-sets','edit_btn','Edit','2023-10-30 01:30:34','2023-10-30 01:30:34'),(2395,1,'en','plugins/ecommerce/product-attribute-sets','remove_btn','Remove','2023-10-30 01:30:34','2023-10-30 01:30:34'),(2396,1,'en','plugins/ecommerce/product-attribute-sets','product','Product','2023-10-30 01:30:34','2023-10-30 01:30:34'),(2397,1,'en','plugins/ecommerce/product-attribute-sets','back_to_product','Back to product','2023-10-30 01:30:34','2023-10-30 01:30:34'),(2398,1,'en','plugins/ecommerce/product-attribute-sets','save','Save','2023-10-30 01:30:34','2023-10-30 01:30:34'),(2399,1,'en','plugins/ecommerce/product-attribute-sets','other_existing_versions','Other existing versions','2023-10-30 01:30:34','2023-10-30 01:30:34'),(2400,1,'en','plugins/ecommerce/product-attribute-sets','version_information','Version information','2023-10-30 01:30:34','2023-10-30 01:30:34'),(2401,1,'en','plugins/ecommerce/product-attribute-sets','add_rule','Add rule','2023-10-30 01:30:34','2023-10-30 01:30:34'),(2402,1,'en','plugins/ecommerce/product-attribute-sets','rules','Rules','2023-10-30 01:30:34','2023-10-30 01:30:34'),(2403,1,'en','plugins/ecommerce/product-attribute-sets','pricing','Pricing','2023-10-30 01:30:34','2023-10-30 01:30:34'),(2404,1,'en','plugins/ecommerce/product-attribute-sets','sale_price','Sale price','2023-10-30 01:30:34','2023-10-30 01:30:34'),(2405,1,'en','plugins/ecommerce/product-attribute-sets','sale_type','Sale type','2023-10-30 01:30:34','2023-10-30 01:30:34'),(2406,1,'en','plugins/ecommerce/product-attribute-sets','no_sale_price','No sale price','2023-10-30 01:30:34','2023-10-30 01:30:34'),(2407,1,'en','plugins/ecommerce/product-attribute-sets','always_on_sale','Always on sale','2023-10-30 01:30:34','2023-10-30 01:30:34'),(2408,1,'en','plugins/ecommerce/product-attribute-sets','limited_time','Limited time','2023-10-30 01:30:34','2023-10-30 01:30:34'),(2409,1,'en','plugins/ecommerce/product-attribute-sets','from','From','2023-10-30 01:30:34','2023-10-30 01:30:34'),(2410,1,'en','plugins/ecommerce/product-attribute-sets','to','To','2023-10-30 01:30:34','2023-10-30 01:30:34'),(2411,1,'en','plugins/ecommerce/product-attribute-sets','storehouse','Storehouse','2023-10-30 01:30:34','2023-10-30 01:30:34'),(2412,1,'en','plugins/ecommerce/product-attribute-sets','no_storehouse_management','No storehouse management','2023-10-30 01:30:34','2023-10-30 01:30:34'),(2413,1,'en','plugins/ecommerce/product-attribute-sets','with_storehouse_management','With storehouse management','2023-10-30 01:30:34','2023-10-30 01:30:34'),(2414,1,'en','plugins/ecommerce/product-attribute-sets','quantity','Quantity','2023-10-30 01:30:34','2023-10-30 01:30:34'),(2415,1,'en','plugins/ecommerce/product-attribute-sets','allow_customer_checkout_out_of_stock','Allow customer checkout when this product out of stock','2023-10-30 01:30:34','2023-10-30 01:30:34'),(2416,1,'en','plugins/ecommerce/product-attribute-sets','shipping','Shipping','2023-10-30 01:30:34','2023-10-30 01:30:34'),(2417,1,'en','plugins/ecommerce/product-attribute-sets','length','Length','2023-10-30 01:30:34','2023-10-30 01:30:34'),(2418,1,'en','plugins/ecommerce/product-attribute-sets','wide','Wide','2023-10-30 01:30:34','2023-10-30 01:30:34'),(2419,1,'en','plugins/ecommerce/product-attribute-sets','height','Height','2023-10-30 01:30:34','2023-10-30 01:30:34'),(2420,1,'en','plugins/ecommerce/product-attribute-sets','weight','Weight','2023-10-30 01:30:34','2023-10-30 01:30:34'),(2421,1,'en','plugins/ecommerce/product-attribute-sets','version_images','Version images','2023-10-30 01:30:34','2023-10-30 01:30:34'),(2422,1,'en','plugins/ecommerce/product-attribute-sets','add_new_image','Add new image','2023-10-30 01:30:34','2023-10-30 01:30:34'),(2423,1,'en','plugins/ecommerce/product-attribute-sets','attribute_set','Attribute set','2023-10-30 01:30:34','2023-10-30 01:30:34'),(2424,1,'en','plugins/ecommerce/product-attribute-sets','value','Value','2023-10-30 01:30:34','2023-10-30 01:30:34'),(2425,1,'en','plugins/ecommerce/product-attribute-sets','dropdown_swatch','Dropdown Swatch','2023-10-30 01:30:34','2023-10-30 01:30:34'),(2426,1,'en','plugins/ecommerce/product-attribute-sets','visual_swatch','Visual Swatch','2023-10-30 01:30:34','2023-10-30 01:30:34'),(2427,1,'en','plugins/ecommerce/product-attribute-sets','text_swatch','Text Swatch','2023-10-30 01:30:34','2023-10-30 01:30:34'),(2428,1,'en','plugins/ecommerce/product-attribute-sets','display_layout','Display Layout','2023-10-30 01:30:34','2023-10-30 01:30:34'),(2429,1,'en','plugins/ecommerce/product-attribute-sets','searchable','Searchable','2023-10-30 01:30:34','2023-10-30 01:30:34'),(2430,1,'en','plugins/ecommerce/product-attribute-sets','comparable','Comparable','2023-10-30 01:30:34','2023-10-30 01:30:34'),(2431,1,'en','plugins/ecommerce/product-attribute-sets','use_in_product_listing','Used in product listing','2023-10-30 01:30:34','2023-10-30 01:30:34'),(2432,1,'en','plugins/ecommerce/product-attribute-sets','attributes_list','Attributes list','2023-10-30 01:30:34','2023-10-30 01:30:34'),(2433,1,'en','plugins/ecommerce/product-attribute-sets','is_default','Is default?','2023-10-30 01:30:34','2023-10-30 01:30:34'),(2434,1,'en','plugins/ecommerce/product-attribute-sets','title','Title','2023-10-30 01:30:34','2023-10-30 01:30:34'),(2435,1,'en','plugins/ecommerce/product-attribute-sets','slug','Slug','2023-10-30 01:30:34','2023-10-30 01:30:34'),(2436,1,'en','plugins/ecommerce/product-attribute-sets','color','Color','2023-10-30 01:30:35','2023-10-30 01:30:35'),(2437,1,'en','plugins/ecommerce/product-attribute-sets','image','Image','2023-10-30 01:30:35','2023-10-30 01:30:35'),(2438,1,'en','plugins/ecommerce/product-attribute-sets','remove','Remove','2023-10-30 01:30:35','2023-10-30 01:30:35'),(2439,1,'en','plugins/ecommerce/product-attribute-sets','add_new_attribute','Add new attribute','2023-10-30 01:30:35','2023-10-30 01:30:35'),(2440,1,'en','plugins/ecommerce/product-attribute-sets','use_image_from_product_variation','Use image from product variation (for Visual Swatch only)','2023-10-30 01:30:35','2023-10-30 01:30:35'),(2441,1,'en','plugins/ecommerce/product-attributes','name','Product attributes','2023-10-30 01:30:35','2023-10-30 01:30:35'),(2442,1,'en','plugins/ecommerce/product-attributes','create','New product attribute','2023-10-30 01:30:35','2023-10-30 01:30:35'),(2443,1,'en','plugins/ecommerce/product-attributes','edit','Edit product attribute','2023-10-30 01:30:35','2023-10-30 01:30:35'),(2444,1,'en','plugins/ecommerce/product-attributes','intro.title','Manage product attributes','2023-10-30 01:30:35','2023-10-30 01:30:35'),(2445,1,'en','plugins/ecommerce/product-attributes','intro.description','Product attribute such as color, width, height ...','2023-10-30 01:30:35','2023-10-30 01:30:35'),(2446,1,'en','plugins/ecommerce/product-attributes','intro.button_text','Create product attribute','2023-10-30 01:30:35','2023-10-30 01:30:35'),(2447,1,'en','plugins/ecommerce/product-categories','name','Product categories','2023-10-30 01:30:35','2023-10-30 01:30:35'),(2448,1,'en','plugins/ecommerce/product-categories','create','Create new product category','2023-10-30 01:30:35','2023-10-30 01:30:35'),(2449,1,'en','plugins/ecommerce/product-categories','edit','Edit product category','2023-10-30 01:30:35','2023-10-30 01:30:35'),(2450,1,'en','plugins/ecommerce/product-categories','list','List product categories','2023-10-30 01:30:35','2023-10-30 01:30:35'),(2451,1,'en','plugins/ecommerce/product-categories','none','None','2023-10-30 01:30:35','2023-10-30 01:30:35'),(2452,1,'en','plugins/ecommerce/product-categories','menu','Product categories','2023-10-30 01:30:35','2023-10-30 01:30:35'),(2453,1,'en','plugins/ecommerce/product-categories','intro.title','Manage product categories','2023-10-30 01:30:35','2023-10-30 01:30:35'),(2454,1,'en','plugins/ecommerce/product-categories','intro.description','Such as clothes, shoes, bags, jewelry ...','2023-10-30 01:30:35','2023-10-30 01:30:35'),(2455,1,'en','plugins/ecommerce/product-categories','intro.button_text','Create product category','2023-10-30 01:30:35','2023-10-30 01:30:35'),(2456,1,'en','plugins/ecommerce/product-categories','total_products','Total products: :total','2023-10-30 01:30:35','2023-10-30 01:30:35'),(2457,1,'en','plugins/ecommerce/product-collections','name','Product collections','2023-10-30 01:30:35','2023-10-30 01:30:35'),(2458,1,'en','plugins/ecommerce/product-collections','create','New product collection','2023-10-30 01:30:35','2023-10-30 01:30:35'),(2459,1,'en','plugins/ecommerce/product-collections','edit','Edit product collection','2023-10-30 01:30:35','2023-10-30 01:30:35'),(2460,1,'en','plugins/ecommerce/product-collections','slug_help_block','Label key: <code>:slug</code>. We will use this key for filter.','2023-10-30 01:30:35','2023-10-30 01:30:35'),(2461,1,'en','plugins/ecommerce/product-collections','intro.title','Manage product collections','2023-10-30 01:30:35','2023-10-30 01:30:35'),(2462,1,'en','plugins/ecommerce/product-collections','intro.description','Group your products into collections to make it easier for customers to find them by category.','2023-10-30 01:30:35','2023-10-30 01:30:35'),(2463,1,'en','plugins/ecommerce/product-collections','intro.button_text','Create product collection','2023-10-30 01:30:35','2023-10-30 01:30:35'),(2464,1,'en','plugins/ecommerce/product-label','name','Product labels','2023-10-30 01:30:35','2023-10-30 01:30:35'),(2465,1,'en','plugins/ecommerce/product-label','create','New product label','2023-10-30 01:30:35','2023-10-30 01:30:35'),(2466,1,'en','plugins/ecommerce/product-label','edit','Edit product label','2023-10-30 01:30:35','2023-10-30 01:30:35'),(2467,1,'en','plugins/ecommerce/product-label','color','Color','2023-10-30 01:30:35','2023-10-30 01:30:35'),(2468,1,'en','plugins/ecommerce/product-label','color_placeholder','Example: #f0f0f0','2023-10-30 01:30:35','2023-10-30 01:30:35'),(2469,1,'en','plugins/ecommerce/product-option','name','Product options','2023-10-30 01:30:35','2023-10-30 01:30:35'),(2470,1,'en','plugins/ecommerce/product-option','options','Options','2023-10-30 01:30:35','2023-10-30 01:30:35'),(2471,1,'en','plugins/ecommerce/product-option','create','New option','2023-10-30 01:30:35','2023-10-30 01:30:35'),(2472,1,'en','plugins/ecommerce/product-option','edit','Edit option :name','2023-10-30 01:30:35','2023-10-30 01:30:35'),(2473,1,'en','plugins/ecommerce/product-option','required','Is required?','2023-10-30 01:30:35','2023-10-30 01:30:35'),(2474,1,'en','plugins/ecommerce/product-option','option_value','Option value','2023-10-30 01:30:35','2023-10-30 01:30:35'),(2475,1,'en','plugins/ecommerce/product-option','option_type','Type','2023-10-30 01:30:35','2023-10-30 01:30:35'),(2476,1,'en','plugins/ecommerce/product-option','label','Label','2023-10-30 01:30:35','2023-10-30 01:30:35'),(2477,1,'en','plugins/ecommerce/product-option','price','Price','2023-10-30 01:30:35','2023-10-30 01:30:35'),(2478,1,'en','plugins/ecommerce/product-option','price_type','Price Type','2023-10-30 01:30:35','2023-10-30 01:30:35'),(2479,1,'en','plugins/ecommerce/product-option','percent','Percent','2023-10-30 01:30:35','2023-10-30 01:30:35'),(2480,1,'en','plugins/ecommerce/product-option','fixed','Fixed','2023-10-30 01:30:35','2023-10-30 01:30:35'),(2481,1,'en','plugins/ecommerce/product-option','label_placeholder','Please fill label','2023-10-30 01:30:35','2023-10-30 01:30:35'),(2482,1,'en','plugins/ecommerce/product-option','affect_price_label','Please fill affect price','2023-10-30 01:30:35','2023-10-30 01:30:35'),(2483,1,'en','plugins/ecommerce/product-option','add_new_row','Add new row','2023-10-30 01:30:35','2023-10-30 01:30:35'),(2484,1,'en','plugins/ecommerce/product-option','add_new_option','Add new option','2023-10-30 01:30:35','2023-10-30 01:30:35'),(2485,1,'en','plugins/ecommerce/product-option','select_global_option','Select Global Option','2023-10-30 01:30:35','2023-10-30 01:30:35'),(2486,1,'en','plugins/ecommerce/product-option','add_global_option','Add Global Option','2023-10-30 01:30:35','2023-10-30 01:30:35'),(2487,1,'en','plugins/ecommerce/product-option','please_select_option','Please select option','2023-10-30 01:30:35','2023-10-30 01:30:35'),(2488,1,'en','plugins/ecommerce/product-option','add_to_cart_value_required','Option :value is required','2023-10-30 01:30:35','2023-10-30 01:30:35'),(2489,1,'en','plugins/ecommerce/product-option','option_value_attribute','value :item of :value_key on option #:option_key','2023-10-30 01:30:35','2023-10-30 01:30:35'),(2490,1,'en','plugins/ecommerce/product-option','option_name_attribute','Option :key','2023-10-30 01:30:35','2023-10-30 01:30:35'),(2491,1,'en','plugins/ecommerce/product-option','option_type_attribute','Type of option :key','2023-10-30 01:30:35','2023-10-30 01:30:35'),(2492,1,'en','plugins/ecommerce/product-option','option_value_name_attribute','Values of option :key','2023-10-30 01:30:35','2023-10-30 01:30:35'),(2493,1,'en','plugins/ecommerce/product-option','please_choose_option_type','Please choose option type!','2023-10-30 01:30:35','2023-10-30 01:30:35'),(2494,1,'en','plugins/ecommerce/product-tag','name','Product tags','2023-10-30 01:30:35','2023-10-30 01:30:35'),(2495,1,'en','plugins/ecommerce/product-tag','create','New product tag','2023-10-30 01:30:35','2023-10-30 01:30:35'),(2496,1,'en','plugins/ecommerce/product-tag','edit','Edit product tag','2023-10-30 01:30:35','2023-10-30 01:30:35'),(2497,1,'en','plugins/ecommerce/products','name','Products','2023-10-30 01:30:35','2023-10-30 01:30:35'),(2498,1,'en','plugins/ecommerce/products','create','New product','2023-10-30 01:30:35','2023-10-30 01:30:35'),(2499,1,'en','plugins/ecommerce/products','create_product_type.physical','New physical product','2023-10-30 01:30:35','2023-10-30 01:30:35'),(2500,1,'en','plugins/ecommerce/products','create_product_type.digital','New digital product','2023-10-30 01:30:35','2023-10-30 01:30:35'),(2501,1,'en','plugins/ecommerce/products','edit','Edit product - :name','2023-10-30 01:30:35','2023-10-30 01:30:35'),(2502,1,'en','plugins/ecommerce/products','form.name','Name','2023-10-30 01:30:35','2023-10-30 01:30:35'),(2503,1,'en','plugins/ecommerce/products','form.name_placeholder','Product\'s name (Maximum 120 characters)','2023-10-30 01:30:35','2023-10-30 01:30:35'),(2504,1,'en','plugins/ecommerce/products','form.description','Description','2023-10-30 01:30:35','2023-10-30 01:30:35'),(2505,1,'en','plugins/ecommerce/products','form.description_placeholder','Short description for product (Maximum 400 characters)','2023-10-30 01:30:35','2023-10-30 01:30:35'),(2506,1,'en','plugins/ecommerce/products','form.categories','Categories','2023-10-30 01:30:35','2023-10-30 01:30:35'),(2507,1,'en','plugins/ecommerce/products','form.content','Content','2023-10-30 01:30:35','2023-10-30 01:30:35'),(2508,1,'en','plugins/ecommerce/products','form.price','Price','2023-10-30 01:30:35','2023-10-30 01:30:35'),(2509,1,'en','plugins/ecommerce/products','form.quantity','Quantity','2023-10-30 01:30:35','2023-10-30 01:30:35'),(2510,1,'en','plugins/ecommerce/products','form.brand','Brand','2023-10-30 01:30:35','2023-10-30 01:30:35'),(2511,1,'en','plugins/ecommerce/products','form.width','Width','2023-10-30 01:30:35','2023-10-30 01:30:35'),(2512,1,'en','plugins/ecommerce/products','form.height','Height','2023-10-30 01:30:35','2023-10-30 01:30:35'),(2513,1,'en','plugins/ecommerce/products','form.weight','Weight','2023-10-30 01:30:35','2023-10-30 01:30:35'),(2514,1,'en','plugins/ecommerce/products','form.date.start','From date','2023-10-30 01:30:35','2023-10-30 01:30:35'),(2515,1,'en','plugins/ecommerce/products','form.date.end','To date','2023-10-30 01:30:35','2023-10-30 01:30:35'),(2516,1,'en','plugins/ecommerce/products','form.image','Images','2023-10-30 01:30:35','2023-10-30 01:30:35'),(2517,1,'en','plugins/ecommerce/products','form.collections','Product collections','2023-10-30 01:30:35','2023-10-30 01:30:35'),(2518,1,'en','plugins/ecommerce/products','form.labels','Labels','2023-10-30 01:30:35','2023-10-30 01:30:35'),(2519,1,'en','plugins/ecommerce/products','form.price_sale','Price sale','2023-10-30 01:30:35','2023-10-30 01:30:35'),(2520,1,'en','plugins/ecommerce/products','form.product_type.title','Product type','2023-10-30 01:30:35','2023-10-30 01:30:35'),(2521,1,'en','plugins/ecommerce/products','form.product','Product','2023-10-30 01:30:35','2023-10-30 01:30:35'),(2522,1,'en','plugins/ecommerce/products','form.total','Total','2023-10-30 01:30:35','2023-10-30 01:30:35'),(2523,1,'en','plugins/ecommerce/products','form.sub_total','Subtotal','2023-10-30 01:30:35','2023-10-30 01:30:35'),(2524,1,'en','plugins/ecommerce/products','form.shipping_fee','Shipping fee','2023-10-30 01:30:35','2023-10-30 01:30:35'),(2525,1,'en','plugins/ecommerce/products','form.discount','Discount','2023-10-30 01:30:35','2023-10-30 01:30:35'),(2526,1,'en','plugins/ecommerce/products','form.options','Options','2023-10-30 01:30:35','2023-10-30 01:30:35'),(2527,1,'en','plugins/ecommerce/products','form.shipping.height','Height','2023-10-30 01:30:35','2023-10-30 01:30:35'),(2528,1,'en','plugins/ecommerce/products','form.shipping.length','Length','2023-10-30 01:30:35','2023-10-30 01:30:35'),(2529,1,'en','plugins/ecommerce/products','form.shipping.title','Shipping','2023-10-30 01:30:35','2023-10-30 01:30:35'),(2530,1,'en','plugins/ecommerce/products','form.shipping.weight','Weight','2023-10-30 01:30:35','2023-10-30 01:30:35'),(2531,1,'en','plugins/ecommerce/products','form.shipping.wide','Wide','2023-10-30 01:30:35','2023-10-30 01:30:35'),(2532,1,'en','plugins/ecommerce/products','form.barcode','Barcode (ISBN, UPC, GTIN, etc.) ','2023-10-30 01:30:35','2023-10-30 01:30:35'),(2533,1,'en','plugins/ecommerce/products','form.barcode_placeholder','Enter barcode','2023-10-30 01:30:35','2023-10-30 01:30:35'),(2534,1,'en','plugins/ecommerce/products','form.cost_per_item','Cost per item','2023-10-30 01:30:35','2023-10-30 01:30:35'),(2535,1,'en','plugins/ecommerce/products','form.cost_per_item_placeholder','Enter cost per item','2023-10-30 01:30:35','2023-10-30 01:30:35'),(2536,1,'en','plugins/ecommerce/products','form.cost_per_item_helper','Customers won\'t see this price.','2023-10-30 01:30:35','2023-10-30 01:30:35'),(2537,1,'en','plugins/ecommerce/products','form.stock.allow_order_when_out','Allow customer checkout when this product out of stock','2023-10-30 01:30:35','2023-10-30 01:30:35'),(2538,1,'en','plugins/ecommerce/products','form.stock.in_stock','In stock','2023-10-30 01:30:35','2023-10-30 01:30:35'),(2539,1,'en','plugins/ecommerce/products','form.stock.out_stock','Out stock','2023-10-30 01:30:35','2023-10-30 01:30:35'),(2540,1,'en','plugins/ecommerce/products','form.stock.title','Stock status','2023-10-30 01:30:35','2023-10-30 01:30:35'),(2541,1,'en','plugins/ecommerce/products','form.storehouse.no_storehouse','No storehouse management','2023-10-30 01:30:35','2023-10-30 01:30:35'),(2542,1,'en','plugins/ecommerce/products','form.storehouse.storehouse','With storehouse management','2023-10-30 01:30:35','2023-10-30 01:30:35'),(2543,1,'en','plugins/ecommerce/products','form.storehouse.title','Storehouse','2023-10-30 01:30:35','2023-10-30 01:30:35'),(2544,1,'en','plugins/ecommerce/products','form.storehouse.quantity','Quantity','2023-10-30 01:30:35','2023-10-30 01:30:35'),(2545,1,'en','plugins/ecommerce/products','form.tax','Tax','2023-10-30 01:30:35','2023-10-30 01:30:35'),(2546,1,'en','plugins/ecommerce/products','form.taxes','Taxes','2023-10-30 01:30:35','2023-10-30 01:30:35'),(2547,1,'en','plugins/ecommerce/products','form.is_default','Is default','2023-10-30 01:30:35','2023-10-30 01:30:35'),(2548,1,'en','plugins/ecommerce/products','form.action','Action','2023-10-30 01:30:35','2023-10-30 01:30:35'),(2549,1,'en','plugins/ecommerce/products','form.restock_quantity','Restock quantity','2023-10-30 01:30:35','2023-10-30 01:30:35'),(2550,1,'en','plugins/ecommerce/products','form.remain','Remain','2023-10-30 01:30:35','2023-10-30 01:30:35'),(2551,1,'en','plugins/ecommerce/products','form.choose_discount_period','Choose Discount Period','2023-10-30 01:30:35','2023-10-30 01:30:35'),(2552,1,'en','plugins/ecommerce/products','form.cancel','Cancel','2023-10-30 01:30:35','2023-10-30 01:30:35'),(2553,1,'en','plugins/ecommerce/products','form.no_results','No results!','2023-10-30 01:30:35','2023-10-30 01:30:35'),(2554,1,'en','plugins/ecommerce/products','form.value','Value','2023-10-30 01:30:35','2023-10-30 01:30:35'),(2555,1,'en','plugins/ecommerce/products','form.attribute_name','Attribute name','2023-10-30 01:30:35','2023-10-30 01:30:35'),(2556,1,'en','plugins/ecommerce/products','form.add_more_attribute','Add more attribute','2023-10-30 01:30:36','2023-10-30 01:30:36'),(2557,1,'en','plugins/ecommerce/products','form.continue','Continue','2023-10-30 01:30:36','2023-10-30 01:30:36'),(2558,1,'en','plugins/ecommerce/products','form.add_new_attributes','Add new attributes','2023-10-30 01:30:36','2023-10-30 01:30:36'),(2559,1,'en','plugins/ecommerce/products','form.add_new_attributes_description','Adding new attributes helps the product to have many options, such as size or color.','2023-10-30 01:30:36','2023-10-30 01:30:36'),(2560,1,'en','plugins/ecommerce/products','form.create_product_variations',':link to create product variations!','2023-10-30 01:30:36','2023-10-30 01:30:36'),(2561,1,'en','plugins/ecommerce/products','form.tags','Tags','2023-10-30 01:30:36','2023-10-30 01:30:36'),(2562,1,'en','plugins/ecommerce/products','form.write_some_tags','Write some tags','2023-10-30 01:30:36','2023-10-30 01:30:36'),(2563,1,'en','plugins/ecommerce/products','form.variation_existed','This variation is existed.','2023-10-30 01:30:36','2023-10-30 01:30:36'),(2564,1,'en','plugins/ecommerce/products','form.no_attributes_selected','No attributes selected!','2023-10-30 01:30:36','2023-10-30 01:30:36'),(2565,1,'en','plugins/ecommerce/products','form.added_variation_success','Added variation successfully!','2023-10-30 01:30:36','2023-10-30 01:30:36'),(2566,1,'en','plugins/ecommerce/products','form.updated_variation_success','Updated variation successfully!','2023-10-30 01:30:36','2023-10-30 01:30:36'),(2567,1,'en','plugins/ecommerce/products','form.created_all_variation_success','Created all variations successfully!','2023-10-30 01:30:36','2023-10-30 01:30:36'),(2568,1,'en','plugins/ecommerce/products','form.updated_product_attributes_success','Updated product attributes successfully!','2023-10-30 01:30:36','2023-10-30 01:30:36'),(2569,1,'en','plugins/ecommerce/products','form.stock_status','Stock status','2023-10-30 01:30:36','2023-10-30 01:30:36'),(2570,1,'en','plugins/ecommerce/products','form.auto_generate_sku','Auto generate SKU?','2023-10-30 01:30:36','2023-10-30 01:30:36'),(2571,1,'en','plugins/ecommerce/products','form.featured_image','Featured image (optional)','2023-10-30 01:30:36','2023-10-30 01:30:36'),(2572,1,'en','plugins/ecommerce/products','form.product_id','Product ID','2023-10-30 01:30:36','2023-10-30 01:30:36'),(2573,1,'en','plugins/ecommerce/products','price','Price','2023-10-30 01:30:36','2023-10-30 01:30:36'),(2574,1,'en','plugins/ecommerce/products','quantity','Quantity','2023-10-30 01:30:36','2023-10-30 01:30:36'),(2575,1,'en','plugins/ecommerce/products','type','Type','2023-10-30 01:30:36','2023-10-30 01:30:36'),(2576,1,'en','plugins/ecommerce/products','image','Thumbnail','2023-10-30 01:30:36','2023-10-30 01:30:36'),(2577,1,'en','plugins/ecommerce/products','sku','SKU','2023-10-30 01:30:36','2023-10-30 01:30:36'),(2578,1,'en','plugins/ecommerce/products','variation_sku','Variation SKU','2023-10-30 01:30:36','2023-10-30 01:30:36'),(2579,1,'en','plugins/ecommerce/products','brand','Brand','2023-10-30 01:30:36','2023-10-30 01:30:36'),(2580,1,'en','plugins/ecommerce/products','cannot_delete','Product could not be deleted','2023-10-30 01:30:36','2023-10-30 01:30:36'),(2581,1,'en','plugins/ecommerce/products','product_deleted','Product deleted','2023-10-30 01:30:36','2023-10-30 01:30:36'),(2582,1,'en','plugins/ecommerce/products','product_collections','Product collections','2023-10-30 01:30:36','2023-10-30 01:30:36'),(2583,1,'en','plugins/ecommerce/products','products','Products','2023-10-30 01:30:36','2023-10-30 01:30:36'),(2584,1,'en','plugins/ecommerce/products','menu','Products','2023-10-30 01:30:36','2023-10-30 01:30:36'),(2585,1,'en','plugins/ecommerce/products','control.button_add_image','Add image','2023-10-30 01:30:36','2023-10-30 01:30:36'),(2586,1,'en','plugins/ecommerce/products','price_sale','Sale price','2023-10-30 01:30:36','2023-10-30 01:30:36'),(2587,1,'en','plugins/ecommerce/products','price_group_title','Manager product price','2023-10-30 01:30:36','2023-10-30 01:30:36'),(2588,1,'en','plugins/ecommerce/products','store_house_group_title','Manager store house','2023-10-30 01:30:36','2023-10-30 01:30:36'),(2589,1,'en','plugins/ecommerce/products','shipping_group_title','Manager shipping','2023-10-30 01:30:36','2023-10-30 01:30:36'),(2590,1,'en','plugins/ecommerce/products','overview','Overview','2023-10-30 01:30:36','2023-10-30 01:30:36'),(2591,1,'en','plugins/ecommerce/products','attributes','Attributes','2023-10-30 01:30:36','2023-10-30 01:30:36'),(2592,1,'en','plugins/ecommerce/products','product_has_variations','Product has variations','2023-10-30 01:30:36','2023-10-30 01:30:36'),(2593,1,'en','plugins/ecommerce/products','manage_products','Manage products','2023-10-30 01:30:36','2023-10-30 01:30:36'),(2594,1,'en','plugins/ecommerce/products','add_new_product','Add a new product','2023-10-30 01:30:36','2023-10-30 01:30:36'),(2595,1,'en','plugins/ecommerce/products','start_by_adding_new_product','Start by adding new products.','2023-10-30 01:30:36','2023-10-30 01:30:36'),(2596,1,'en','plugins/ecommerce/products','edit_this_product','Edit this product','2023-10-30 01:30:36','2023-10-30 01:30:36'),(2597,1,'en','plugins/ecommerce/products','delete','Delete','2023-10-30 01:30:36','2023-10-30 01:30:36'),(2598,1,'en','plugins/ecommerce/products','related_products','Related products','2023-10-30 01:30:36','2023-10-30 01:30:36'),(2599,1,'en','plugins/ecommerce/products','cross_selling_products','Cross-selling products','2023-10-30 01:30:36','2023-10-30 01:30:36'),(2600,1,'en','plugins/ecommerce/products','up_selling_products','Up-selling products','2023-10-30 01:30:36','2023-10-30 01:30:36'),(2601,1,'en','plugins/ecommerce/products','grouped_products','Grouped products','2023-10-30 01:30:36','2023-10-30 01:30:36'),(2602,1,'en','plugins/ecommerce/products','search_products','Search products','2023-10-30 01:30:36','2023-10-30 01:30:36'),(2603,1,'en','plugins/ecommerce/products','selected_products','Selected products','2023-10-30 01:30:36','2023-10-30 01:30:36'),(2604,1,'en','plugins/ecommerce/products','edit_variation_item','Edit','2023-10-30 01:30:36','2023-10-30 01:30:36'),(2605,1,'en','plugins/ecommerce/products','variations_box_description','Click on \"Edit attribute\" to add/remove attributes of variation or click on \"Add new variation\" to add variation.','2023-10-30 01:30:36','2023-10-30 01:30:36'),(2606,1,'en','plugins/ecommerce/products','save_changes','Save changes','2023-10-30 01:30:36','2023-10-30 01:30:36'),(2607,1,'en','plugins/ecommerce/products','continue','Continue','2023-10-30 01:30:36','2023-10-30 01:30:36'),(2608,1,'en','plugins/ecommerce/products','edit_attribute','Edit attribute','2023-10-30 01:30:36','2023-10-30 01:30:36'),(2609,1,'en','plugins/ecommerce/products','select_attribute','Select attribute','2023-10-30 01:30:36','2023-10-30 01:30:36'),(2610,1,'en','plugins/ecommerce/products','add_new_variation','Add new variation','2023-10-30 01:30:36','2023-10-30 01:30:36'),(2611,1,'en','plugins/ecommerce/products','edit_variation','Edit variation','2023-10-30 01:30:36','2023-10-30 01:30:36'),(2612,1,'en','plugins/ecommerce/products','generate_all_variations','Generate all variations','2023-10-30 01:30:36','2023-10-30 01:30:36'),(2613,1,'en','plugins/ecommerce/products','generate_all_variations_confirmation','Are you sure you want to generate all variations for this product?','2023-10-30 01:30:36','2023-10-30 01:30:36'),(2614,1,'en','plugins/ecommerce/products','delete_variation','Delete variation?','2023-10-30 01:30:36','2023-10-30 01:30:36'),(2615,1,'en','plugins/ecommerce/products','delete_variation_confirmation','Are you sure you want to delete this variation? This action cannot be undo.','2023-10-30 01:30:36','2023-10-30 01:30:36'),(2616,1,'en','plugins/ecommerce/products','delete_variations_confirmation','Are you sure you want to delete those variations? This action cannot be undo.','2023-10-30 01:30:36','2023-10-30 01:30:36'),(2617,1,'en','plugins/ecommerce/products','product_create_validate_name_required','Please enter product\'s name','2023-10-30 01:30:36','2023-10-30 01:30:36'),(2618,1,'en','plugins/ecommerce/products','product_create_validate_sale_price_max','The discount must be less than the original price','2023-10-30 01:30:36','2023-10-30 01:30:36'),(2619,1,'en','plugins/ecommerce/products','product_create_validate_cost_per_item_max','The cost per item must be less than the original price','2023-10-30 01:30:36','2023-10-30 01:30:36'),(2620,1,'en','plugins/ecommerce/products','product_create_validate_sale_price_required_if','Must enter a discount when you want to schedule a promotion','2023-10-30 01:30:36','2023-10-30 01:30:36'),(2621,1,'en','plugins/ecommerce/products','product_create_validate_end_date_after','End date must be after start date','2023-10-30 01:30:36','2023-10-30 01:30:36'),(2622,1,'en','plugins/ecommerce/products','product_create_validate_start_date_required_if','Discount start date cannot be left blank when scheduling is selected','2023-10-30 01:30:36','2023-10-30 01:30:36'),(2623,1,'en','plugins/ecommerce/products','product_create_validate_sale_price','Discounts cannot be left blank when scheduling is selected','2023-10-30 01:30:36','2023-10-30 01:30:36'),(2624,1,'en','plugins/ecommerce/products','stock_statuses.in_stock','In stock','2023-10-30 01:30:36','2023-10-30 01:30:36'),(2625,1,'en','plugins/ecommerce/products','stock_statuses.out_of_stock','Out of stock','2023-10-30 01:30:36','2023-10-30 01:30:36'),(2626,1,'en','plugins/ecommerce/products','stock_statuses.on_backorder','On backorder','2023-10-30 01:30:36','2023-10-30 01:30:36'),(2627,1,'en','plugins/ecommerce/products','stock_status','Stock status','2023-10-30 01:30:36','2023-10-30 01:30:36'),(2628,1,'en','plugins/ecommerce/products','processing','Processing...','2023-10-30 01:30:36','2023-10-30 01:30:36'),(2629,1,'en','plugins/ecommerce/products','delete_selected_variations','Delete selected variations','2023-10-30 01:30:36','2023-10-30 01:30:36'),(2630,1,'en','plugins/ecommerce/products','delete_variations','Delete variations','2023-10-30 01:30:36','2023-10-30 01:30:36'),(2631,1,'en','plugins/ecommerce/products','category','Category','2023-10-30 01:30:36','2023-10-30 01:30:36'),(2632,1,'en','plugins/ecommerce/products','product_price_flash_sale_warning','This product is in flash sale <strong>:name</strong> so its price is <strong>:price</strong>.','2023-10-30 01:30:36','2023-10-30 01:30:36'),(2633,1,'en','plugins/ecommerce/products','product_price_discount_warning','This product is in discount <strong>:name</strong> so its price is <strong>:price</strong>.','2023-10-30 01:30:36','2023-10-30 01:30:36'),(2634,1,'en','plugins/ecommerce/products','product_image','Product image','2023-10-30 01:30:36','2023-10-30 01:30:36'),(2635,1,'en','plugins/ecommerce/products','product_name','Product name','2023-10-30 01:30:36','2023-10-30 01:30:36'),(2636,1,'en','plugins/ecommerce/products','types.physical','Physical','2023-10-30 01:30:36','2023-10-30 01:30:36'),(2637,1,'en','plugins/ecommerce/products','types.digital','Digital','2023-10-30 01:30:36','2023-10-30 01:30:36'),(2638,1,'en','plugins/ecommerce/products','digital_attachments.title','Digital attachments','2023-10-30 01:30:36','2023-10-30 01:30:36'),(2639,1,'en','plugins/ecommerce/products','digital_attachments.add','Add Attachment','2023-10-30 01:30:36','2023-10-30 01:30:36'),(2640,1,'en','plugins/ecommerce/products','digital_attachments.file_name','File name','2023-10-30 01:30:36','2023-10-30 01:30:36'),(2641,1,'en','plugins/ecommerce/products','digital_attachments.file_size','File size','2023-10-30 01:30:36','2023-10-30 01:30:36'),(2642,1,'en','plugins/ecommerce/products','digital_attachments.unsaved','Unsaved','2023-10-30 01:30:36','2023-10-30 01:30:36'),(2643,1,'en','plugins/ecommerce/products','digital_attachments.add_external_link','Add external link','2023-10-30 01:30:36','2023-10-30 01:30:36'),(2644,1,'en','plugins/ecommerce/products','digital_attachments.enter_file_name','Enter file name','2023-10-30 01:30:36','2023-10-30 01:30:36'),(2645,1,'en','plugins/ecommerce/products','digital_attachments.enter_external_link_download','Enter external link download','2023-10-30 01:30:36','2023-10-30 01:30:36'),(2646,1,'en','plugins/ecommerce/products','digital_attachments.enter_file_size','Enter file size','2023-10-30 01:30:36','2023-10-30 01:30:36'),(2647,1,'en','plugins/ecommerce/products','digital_attachments.external_link_download','External link download','2023-10-30 01:30:36','2023-10-30 01:30:36'),(2648,1,'en','plugins/ecommerce/products','digital_attachments.generate_license_code_after_purchasing_product','Generate license code after purchasing this product?','2023-10-30 01:30:36','2023-10-30 01:30:36'),(2649,1,'en','plugins/ecommerce/products','this_action_will_reload_page','This action will reload the page to update the data!','2023-10-30 01:30:36','2023-10-30 01:30:36'),(2650,1,'en','plugins/ecommerce/products','select','Select','2023-10-30 01:30:36','2023-10-30 01:30:36'),(2651,1,'en','plugins/ecommerce/products','set_this_variant_as_default','Set this variant as default','2023-10-30 01:30:36','2023-10-30 01:30:36'),(2652,1,'en','plugins/ecommerce/products','download','Download','2023-10-30 01:30:36','2023-10-30 01:30:36'),(2653,1,'en','plugins/ecommerce/reports','name','Report','2023-10-30 01:30:36','2023-10-30 01:30:36'),(2654,1,'en','plugins/ecommerce/reports','widget.order.title','Orders','2023-10-30 01:30:36','2023-10-30 01:30:36'),(2655,1,'en','plugins/ecommerce/reports','count.revenue','Today revenue','2023-10-30 01:30:36','2023-10-30 01:30:36'),(2656,1,'en','plugins/ecommerce/reports','count.orders','Today orders','2023-10-30 01:30:36','2023-10-30 01:30:36'),(2657,1,'en','plugins/ecommerce/reports','count.products','Total products','2023-10-30 01:30:36','2023-10-30 01:30:36'),(2658,1,'en','plugins/ecommerce/reports','count.customers','Total customers','2023-10-30 01:30:36','2023-10-30 01:30:36'),(2659,1,'en','plugins/ecommerce/reports','product_name','Product name','2023-10-30 01:30:36','2023-10-30 01:30:36'),(2660,1,'en','plugins/ecommerce/reports','quantity','Quantity','2023-10-30 01:30:36','2023-10-30 01:30:36'),(2661,1,'en','plugins/ecommerce/reports','revenue_statistics','Revenue statistics','2023-10-30 01:30:36','2023-10-30 01:30:36'),(2662,1,'en','plugins/ecommerce/reports','top_selling_products','Top Selling Products','2023-10-30 01:30:36','2023-10-30 01:30:36'),(2663,1,'en','plugins/ecommerce/reports','ranges.today','Today','2023-10-30 01:30:36','2023-10-30 01:30:36'),(2664,1,'en','plugins/ecommerce/reports','ranges.this_week','This week','2023-10-30 01:30:36','2023-10-30 01:30:36'),(2665,1,'en','plugins/ecommerce/reports','ranges.last_7_days','Last 7 days','2023-10-30 01:30:36','2023-10-30 01:30:36'),(2666,1,'en','plugins/ecommerce/reports','ranges.last_30_days','Last 30 days','2023-10-30 01:30:36','2023-10-30 01:30:36'),(2667,1,'en','plugins/ecommerce/reports','ranges.this_month','This month','2023-10-30 01:30:36','2023-10-30 01:30:36'),(2668,1,'en','plugins/ecommerce/reports','ranges.this_year','This year','2023-10-30 01:30:36','2023-10-30 01:30:36'),(2669,1,'en','plugins/ecommerce/reports','revenue_this_month','Revenue this month','2023-10-30 01:30:36','2023-10-30 01:30:36'),(2670,1,'en','plugins/ecommerce/reports','order_processing_this_month','order(s) processing in this month','2023-10-30 01:30:37','2023-10-30 01:30:37'),(2671,1,'en','plugins/ecommerce/reports','order_completed_this_month','order(s) completed in this month','2023-10-30 01:30:37','2023-10-30 01:30:37'),(2672,1,'en','plugins/ecommerce/reports','product_will_be_out_of_stock','product(s) will be out of stock soon','2023-10-30 01:30:37','2023-10-30 01:30:37'),(2673,1,'en','plugins/ecommerce/reports','product_out_of_stock','product(s) out of stock','2023-10-30 01:30:37','2023-10-30 01:30:37'),(2674,1,'en','plugins/ecommerce/reports','sales_reports','Sales Reports','2023-10-30 01:30:37','2023-10-30 01:30:37'),(2675,1,'en','plugins/ecommerce/reports','total_earnings','Total Earnings','2023-10-30 01:30:37','2023-10-30 01:30:37'),(2676,1,'en','plugins/ecommerce/reports','recent_orders','Recent Orders','2023-10-30 01:30:37','2023-10-30 01:30:37'),(2677,1,'en','plugins/ecommerce/reports','trending_products','Trending Products','2023-10-30 01:30:37','2023-10-30 01:30:37'),(2678,1,'en','plugins/ecommerce/reports','statistics','Statistics','2023-10-30 01:30:37','2023-10-30 01:30:37'),(2679,1,'en','plugins/ecommerce/reports','items_earning_sales','Items Earning Sales: :value','2023-10-30 01:30:37','2023-10-30 01:30:37'),(2680,1,'en','plugins/ecommerce/reports','revenue','Revenue','2023-10-30 01:30:37','2023-10-30 01:30:37'),(2681,1,'en','plugins/ecommerce/reports','orders','Orders','2023-10-30 01:30:37','2023-10-30 01:30:37'),(2682,1,'en','plugins/ecommerce/reports','products','Products','2023-10-30 01:30:37','2023-10-30 01:30:37'),(2683,1,'en','plugins/ecommerce/reports','customers','Customers','2023-10-30 01:30:37','2023-10-30 01:30:37'),(2684,1,'en','plugins/ecommerce/reports','earnings','Earnings','2023-10-30 01:30:37','2023-10-30 01:30:37'),(2685,1,'en','plugins/ecommerce/reports','views','Views','2023-10-30 01:30:37','2023-10-30 01:30:37'),(2686,1,'en','plugins/ecommerce/reports','date_range_format_value','From :from to :to','2023-10-30 01:30:37','2023-10-30 01:30:37'),(2687,1,'en','plugins/ecommerce/reports','select_range','Select Range','2023-10-30 01:30:37','2023-10-30 01:30:37'),(2688,1,'en','plugins/ecommerce/reports','customers_chart','Customers','2023-10-30 01:30:37','2023-10-30 01:30:37'),(2689,1,'en','plugins/ecommerce/reports','orders_chart','Orders','2023-10-30 01:30:37','2023-10-30 01:30:37'),(2690,1,'en','plugins/ecommerce/reports','number_of_orders','Number of orders','2023-10-30 01:30:37','2023-10-30 01:30:37'),(2691,1,'en','plugins/ecommerce/reports','number_of_customers','Number of customers','2023-10-30 01:30:37','2023-10-30 01:30:37'),(2692,1,'en','plugins/ecommerce/review','name','Reviews','2023-10-30 01:30:37','2023-10-30 01:30:37'),(2693,1,'en','plugins/ecommerce/review','add_review','Add review','2023-10-30 01:30:37','2023-10-30 01:30:37'),(2694,1,'en','plugins/ecommerce/review','delete_review','Delete review','2023-10-30 01:30:37','2023-10-30 01:30:37'),(2695,1,'en','plugins/ecommerce/review','create_review','Create Review','2023-10-30 01:30:37','2023-10-30 01:30:37'),(2696,1,'en','plugins/ecommerce/review','please_select_rating','Please select rating','2023-10-30 01:30:37','2023-10-30 01:30:37'),(2697,1,'en','plugins/ecommerce/review','comment','Comment','2023-10-30 01:30:37','2023-10-30 01:30:37'),(2698,1,'en','plugins/ecommerce/review','approve','Approve','2023-10-30 01:30:37','2023-10-30 01:30:37'),(2699,1,'en','plugins/ecommerce/review','approved','Approved','2023-10-30 01:30:37','2023-10-30 01:30:37'),(2700,1,'en','plugins/ecommerce/review','disapprove','Disapprove','2023-10-30 01:30:37','2023-10-30 01:30:37'),(2701,1,'en','plugins/ecommerce/review','disapproved','Disapproved','2023-10-30 01:30:37','2023-10-30 01:30:37'),(2702,1,'en','plugins/ecommerce/review','product','Product','2023-10-30 01:30:37','2023-10-30 01:30:37'),(2703,1,'en','plugins/ecommerce/review','user','User','2023-10-30 01:30:37','2023-10-30 01:30:37'),(2704,1,'en','plugins/ecommerce/review','star','Star','2023-10-30 01:30:37','2023-10-30 01:30:37'),(2705,1,'en','plugins/ecommerce/review','status','Status','2023-10-30 01:30:37','2023-10-30 01:30:37'),(2706,1,'en','plugins/ecommerce/review','list_review','Customer reviews','2023-10-30 01:30:37','2023-10-30 01:30:37'),(2707,1,'en','plugins/ecommerce/review','intro.title','Manage customer reviews','2023-10-30 01:30:37','2023-10-30 01:30:37'),(2708,1,'en','plugins/ecommerce/review','intro.description','Customer reviews will be shown here and you can manage it to show/hide in product detail page.','2023-10-30 01:30:37','2023-10-30 01:30:37'),(2709,1,'en','plugins/ecommerce/review','images','Images','2023-10-30 01:30:37','2023-10-30 01:30:37'),(2710,1,'en','plugins/ecommerce/review','delete','Delete','2023-10-30 01:30:37','2023-10-30 01:30:37'),(2711,1,'en','plugins/ecommerce/review','publish','Publish','2023-10-30 01:30:37','2023-10-30 01:30:37'),(2712,1,'en','plugins/ecommerce/review','unpublish','Unpublish','2023-10-30 01:30:37','2023-10-30 01:30:37'),(2713,1,'en','plugins/ecommerce/review','published_success','Review published successfully!','2023-10-30 01:30:37','2023-10-30 01:30:37'),(2714,1,'en','plugins/ecommerce/review','unpublished_success','Review unpublished successfully!','2023-10-30 01:30:37','2023-10-30 01:30:37'),(2715,1,'en','plugins/ecommerce/review','delete_modal.title','Delete review','2023-10-30 01:30:37','2023-10-30 01:30:37'),(2716,1,'en','plugins/ecommerce/review','delete_modal.description','Are you sure you want to delete this review? This action cannot be undone!','2023-10-30 01:30:37','2023-10-30 01:30:37'),(2717,1,'en','plugins/ecommerce/shipping','name','Shipping Rules','2023-10-30 01:30:37','2023-10-30 01:30:37'),(2718,1,'en','plugins/ecommerce/shipping','shipping','Shipping','2023-10-30 01:30:37','2023-10-30 01:30:37'),(2719,1,'en','plugins/ecommerce/shipping','title','Title','2023-10-30 01:30:37','2023-10-30 01:30:37'),(2720,1,'en','plugins/ecommerce/shipping','amount','Amount','2023-10-30 01:30:37','2023-10-30 01:30:37'),(2721,1,'en','plugins/ecommerce/shipping','enable','Enable','2023-10-30 01:30:37','2023-10-30 01:30:37'),(2722,1,'en','plugins/ecommerce/shipping','enabled','Enabled','2023-10-30 01:30:37','2023-10-30 01:30:37'),(2723,1,'en','plugins/ecommerce/shipping','disable','Disable','2023-10-30 01:30:37','2023-10-30 01:30:37'),(2724,1,'en','plugins/ecommerce/shipping','disabled','Disabled','2023-10-30 01:30:37','2023-10-30 01:30:37'),(2725,1,'en','plugins/ecommerce/shipping','create_shipping','Create a shipping','2023-10-30 01:30:37','2023-10-30 01:30:37'),(2726,1,'en','plugins/ecommerce/shipping','edit_shipping','Edit shipping :code','2023-10-30 01:30:37','2023-10-30 01:30:37'),(2727,1,'en','plugins/ecommerce/shipping','status','Status','2023-10-30 01:30:37','2023-10-30 01:30:37'),(2728,1,'en','plugins/ecommerce/shipping','shipping_methods','Shipping methods','2023-10-30 01:30:37','2023-10-30 01:30:37'),(2729,1,'en','plugins/ecommerce/shipping','create_shipping_method','Create shipping method','2023-10-30 01:30:37','2023-10-30 01:30:37'),(2730,1,'en','plugins/ecommerce/shipping','edit_shipping_method','Edit shipping method','2023-10-30 01:30:37','2023-10-30 01:30:37'),(2731,1,'en','plugins/ecommerce/shipping','add_shipping_region','Add shipping region','2023-10-30 01:30:37','2023-10-30 01:30:37'),(2732,1,'en','plugins/ecommerce/shipping','country','Country','2023-10-30 01:30:37','2023-10-30 01:30:37'),(2733,1,'en','plugins/ecommerce/shipping','state','State','2023-10-30 01:30:37','2023-10-30 01:30:37'),(2734,1,'en','plugins/ecommerce/shipping','city','City','2023-10-30 01:30:37','2023-10-30 01:30:37'),(2735,1,'en','plugins/ecommerce/shipping','address','Address','2023-10-30 01:30:37','2023-10-30 01:30:37'),(2736,1,'en','plugins/ecommerce/shipping','phone','Phone','2023-10-30 01:30:37','2023-10-30 01:30:37'),(2737,1,'en','plugins/ecommerce/shipping','email','Email','2023-10-30 01:30:37','2023-10-30 01:30:37'),(2738,1,'en','plugins/ecommerce/shipping','zip_code','Zip code','2023-10-30 01:30:37','2023-10-30 01:30:37'),(2739,1,'en','plugins/ecommerce/shipping','methods.default','Default','2023-10-30 01:30:37','2023-10-30 01:30:37'),(2740,1,'en','plugins/ecommerce/shipping','statuses.not_approved','Not approved','2023-10-30 01:30:37','2023-10-30 01:30:37'),(2741,1,'en','plugins/ecommerce/shipping','statuses.approved','Approved','2023-10-30 01:30:37','2023-10-30 01:30:37'),(2742,1,'en','plugins/ecommerce/shipping','statuses.pending','Pending','2023-10-30 01:30:37','2023-10-30 01:30:37'),(2743,1,'en','plugins/ecommerce/shipping','statuses.arrange_shipment','Arrange shipment','2023-10-30 01:30:37','2023-10-30 01:30:37'),(2744,1,'en','plugins/ecommerce/shipping','statuses.ready_to_be_shipped_out','Ready to be shipped out','2023-10-30 01:30:37','2023-10-30 01:30:37'),(2745,1,'en','plugins/ecommerce/shipping','statuses.picking','Picking','2023-10-30 01:30:37','2023-10-30 01:30:37'),(2746,1,'en','plugins/ecommerce/shipping','statuses.delay_picking','Delay picking','2023-10-30 01:30:37','2023-10-30 01:30:37'),(2747,1,'en','plugins/ecommerce/shipping','statuses.picked','Picked','2023-10-30 01:30:37','2023-10-30 01:30:37'),(2748,1,'en','plugins/ecommerce/shipping','statuses.not_picked','Not picked','2023-10-30 01:30:37','2023-10-30 01:30:37'),(2749,1,'en','plugins/ecommerce/shipping','statuses.delivering','Delivering','2023-10-30 01:30:37','2023-10-30 01:30:37'),(2750,1,'en','plugins/ecommerce/shipping','statuses.delivered','Delivered','2023-10-30 01:30:37','2023-10-30 01:30:37'),(2751,1,'en','plugins/ecommerce/shipping','statuses.not_delivered','Not delivered','2023-10-30 01:30:37','2023-10-30 01:30:37'),(2752,1,'en','plugins/ecommerce/shipping','statuses.audited','Audited','2023-10-30 01:30:37','2023-10-30 01:30:37'),(2753,1,'en','plugins/ecommerce/shipping','statuses.canceled','Canceled','2023-10-30 01:30:37','2023-10-30 01:30:37'),(2754,1,'en','plugins/ecommerce/shipping','cod_statuses.pending','Pending','2023-10-30 01:30:37','2023-10-30 01:30:37'),(2755,1,'en','plugins/ecommerce/shipping','cod_statuses.completed','Completed','2023-10-30 01:30:37','2023-10-30 01:30:37'),(2756,1,'en','plugins/ecommerce/shipping','delete','Delete','2023-10-30 01:30:37','2023-10-30 01:30:37'),(2757,1,'en','plugins/ecommerce/shipping','shipping_rules','Shipping Rules','2023-10-30 01:30:37','2023-10-30 01:30:37'),(2758,1,'en','plugins/ecommerce/shipping','shipping_rules_description','Rules to calculate shipping fee.','2023-10-30 01:30:37','2023-10-30 01:30:37'),(2759,1,'en','plugins/ecommerce/shipping','select_country','Select country','2023-10-30 01:30:37','2023-10-30 01:30:37'),(2760,1,'en','plugins/ecommerce/shipping','add_shipping_rule','Add shipping rule','2023-10-30 01:30:37','2023-10-30 01:30:37'),(2761,1,'en','plugins/ecommerce/shipping','delete_shipping_rate','Delete shipping rate for area','2023-10-30 01:30:37','2023-10-30 01:30:37'),(2762,1,'en','plugins/ecommerce/shipping','delete_shipping_rate_confirmation','Are you sure you want to delete <strong class=\"region-price-item-label\"></strong> from this shipping area?','2023-10-30 01:30:37','2023-10-30 01:30:37'),(2763,1,'en','plugins/ecommerce/shipping','delete_shipping_area','Delete shipping area','2023-10-30 01:30:37','2023-10-30 01:30:37'),(2764,1,'en','plugins/ecommerce/shipping','delete_shipping_area_confirmation','Are you sure you want to delete shipping area <strong class=\"region-item-label\"></strong>?','2023-10-30 01:30:37','2023-10-30 01:30:37'),(2765,1,'en','plugins/ecommerce/shipping','add_shipping_fee_for_area','Add shipping fee for area','2023-10-30 01:30:37','2023-10-30 01:30:37'),(2766,1,'en','plugins/ecommerce/shipping','confirm','Confirm','2023-10-30 01:30:37','2023-10-30 01:30:37'),(2767,1,'en','plugins/ecommerce/shipping','save','Save','2023-10-30 01:30:37','2023-10-30 01:30:37'),(2768,1,'en','plugins/ecommerce/shipping','greater_than','Greater than','2023-10-30 01:30:37','2023-10-30 01:30:37'),(2769,1,'en','plugins/ecommerce/shipping','type','Type','2023-10-30 01:30:37','2023-10-30 01:30:37'),(2770,1,'en','plugins/ecommerce/shipping','shipping_rule_name','Name of shipping rule','2023-10-30 01:30:37','2023-10-30 01:30:37'),(2771,1,'en','plugins/ecommerce/shipping','shipping_fee','Shipping fee','2023-10-30 01:30:37','2023-10-30 01:30:37'),(2772,1,'en','plugins/ecommerce/shipping','cancel','Cancel','2023-10-30 01:30:37','2023-10-30 01:30:37'),(2773,1,'en','plugins/ecommerce/shipping','based_on_weight','Based on product\'s weight (:unit)','2023-10-30 01:30:37','2023-10-30 01:30:37'),(2774,1,'en','plugins/ecommerce/shipping','based_on_price','Based on product\'s price','2023-10-30 01:30:37','2023-10-30 01:30:37'),(2775,1,'en','plugins/ecommerce/shipping','shipment_canceled','Shipment was canceled','2023-10-30 01:30:37','2023-10-30 01:30:37'),(2776,1,'en','plugins/ecommerce/shipping','at','At','2023-10-30 01:30:37','2023-10-30 01:30:37'),(2777,1,'en','plugins/ecommerce/shipping','cash_on_delivery','Cash on delivery (COD)','2023-10-30 01:30:37','2023-10-30 01:30:37'),(2778,1,'en','plugins/ecommerce/shipping','update_shipping_status','Update shipping status','2023-10-30 01:30:37','2023-10-30 01:30:37'),(2779,1,'en','plugins/ecommerce/shipping','update_cod_status','Update COD status','2023-10-30 01:30:37','2023-10-30 01:30:37'),(2780,1,'en','plugins/ecommerce/shipping','history','History','2023-10-30 01:30:38','2023-10-30 01:30:38'),(2781,1,'en','plugins/ecommerce/shipping','shipment_information','Shipment information','2023-10-30 01:30:38','2023-10-30 01:30:38'),(2782,1,'en','plugins/ecommerce/shipping','order_number','Order number','2023-10-30 01:30:38','2023-10-30 01:30:38'),(2783,1,'en','plugins/ecommerce/shipping','shipping_method','Shipping method','2023-10-30 01:30:38','2023-10-30 01:30:38'),(2784,1,'en','plugins/ecommerce/shipping','select_shipping_method','Select shipping method','2023-10-30 01:30:38','2023-10-30 01:30:38'),(2785,1,'en','plugins/ecommerce/shipping','cod_status','COD status','2023-10-30 01:30:38','2023-10-30 01:30:38'),(2786,1,'en','plugins/ecommerce/shipping','shipping_status','Shipping status','2023-10-30 01:30:38','2023-10-30 01:30:38'),(2787,1,'en','plugins/ecommerce/shipping','customer_information','Customer information','2023-10-30 01:30:38','2023-10-30 01:30:38'),(2788,1,'en','plugins/ecommerce/shipping','sku','SKU','2023-10-30 01:30:38','2023-10-30 01:30:38'),(2789,1,'en','plugins/ecommerce/shipping','change_status_confirm_title','Confirm <span class=\"shipment-status-label\"></span> ?','2023-10-30 01:30:38','2023-10-30 01:30:38'),(2790,1,'en','plugins/ecommerce/shipping','change_status_confirm_description','Are you sure you want to confirm <span class=\"shipment-status-label\"></span> for this shipment?','2023-10-30 01:30:38','2023-10-30 01:30:38'),(2791,1,'en','plugins/ecommerce/shipping','accept','Accept','2023-10-30 01:30:38','2023-10-30 01:30:38'),(2792,1,'en','plugins/ecommerce/shipping','weight_unit','Weight (:unit)','2023-10-30 01:30:38','2023-10-30 01:30:38'),(2793,1,'en','plugins/ecommerce/shipping','updated_at','Last Update','2023-10-30 01:30:38','2023-10-30 01:30:38'),(2794,1,'en','plugins/ecommerce/shipping','cod_amount','Cash on delivery amount (COD)','2023-10-30 01:30:38','2023-10-30 01:30:38'),(2795,1,'en','plugins/ecommerce/shipping','cancel_shipping','Cancel shipping','2023-10-30 01:30:38','2023-10-30 01:30:38'),(2796,1,'en','plugins/ecommerce/shipping','shipping_address','Shipping address','2023-10-30 01:30:38','2023-10-30 01:30:38'),(2797,1,'en','plugins/ecommerce/shipping','packages','Packages','2023-10-30 01:30:38','2023-10-30 01:30:38'),(2798,1,'en','plugins/ecommerce/shipping','edit','Edit','2023-10-30 01:30:38','2023-10-30 01:30:38'),(2799,1,'en','plugins/ecommerce/shipping','fee','Fee','2023-10-30 01:30:38','2023-10-30 01:30:38'),(2800,1,'en','plugins/ecommerce/shipping','note','Note','2023-10-30 01:30:38','2023-10-30 01:30:38'),(2801,1,'en','plugins/ecommerce/shipping','finish','Finish','2023-10-30 01:30:38','2023-10-30 01:30:38'),(2802,1,'en','plugins/ecommerce/shipping','shipping_fee_cod','Shipping fee/COD','2023-10-30 01:30:38','2023-10-30 01:30:38'),(2803,1,'en','plugins/ecommerce/shipping','send_confirmation_email_to_customer','Send confirmation email to customer','2023-10-30 01:30:38','2023-10-30 01:30:38'),(2804,1,'en','plugins/ecommerce/shipping','form_name','Name','2023-10-30 01:30:38','2023-10-30 01:30:38'),(2805,1,'en','plugins/ecommerce/shipping','changed_shipping_status','Changed status of shipping to: :status. Updated by: %user_name%','2023-10-30 01:30:38','2023-10-30 01:30:38'),(2806,1,'en','plugins/ecommerce/shipping','order_confirmed_by','Order confirmed by %user_name%','2023-10-30 01:30:38','2023-10-30 01:30:38'),(2807,1,'en','plugins/ecommerce/shipping','shipping_canceled_by','Shipping is cancelled by %user_name%','2023-10-30 01:30:38','2023-10-30 01:30:38'),(2808,1,'en','plugins/ecommerce/shipping','update_shipping_status_success','Update shipping status successfully!','2023-10-30 01:30:38','2023-10-30 01:30:38'),(2809,1,'en','plugins/ecommerce/shipping','update_cod_status_success','Updated COD status of shipping successfully!','2023-10-30 01:30:38','2023-10-30 01:30:38'),(2810,1,'en','plugins/ecommerce/shipping','updated_cod_status_by','Updated COD status to :status . Updated by: %user_name%','2023-10-30 01:30:38','2023-10-30 01:30:38'),(2811,1,'en','plugins/ecommerce/shipping','all','All','2023-10-30 01:30:38','2023-10-30 01:30:38'),(2812,1,'en','plugins/ecommerce/shipping','error_when_adding_new_region','There is an error when adding new region!','2023-10-30 01:30:38','2023-10-30 01:30:38'),(2813,1,'en','plugins/ecommerce/shipping','delivery','Delivery','2023-10-30 01:30:38','2023-10-30 01:30:38'),(2814,1,'en','plugins/ecommerce/shipping','adjustment_price_of','Adjustment price of :key','2023-10-30 01:30:38','2023-10-30 01:30:38'),(2815,1,'en','plugins/ecommerce/shipping','warehouse','Warehouse','2023-10-30 01:30:38','2023-10-30 01:30:38'),(2816,1,'en','plugins/ecommerce/shipping','delivery_note','Delivery note','2023-10-30 01:30:38','2023-10-30 01:30:38'),(2817,1,'en','plugins/ecommerce/shipping','shipments','Shipments','2023-10-30 01:30:38','2023-10-30 01:30:38'),(2818,1,'en','plugins/ecommerce/shipping','order_id','Order ID','2023-10-30 01:30:38','2023-10-30 01:30:38'),(2819,1,'en','plugins/ecommerce/shipping','not_available','Not available','2023-10-30 01:30:38','2023-10-30 01:30:38'),(2820,1,'en','plugins/ecommerce/shipping','shipping_amount','Shipping Amount','2023-10-30 01:30:38','2023-10-30 01:30:38'),(2821,1,'en','plugins/ecommerce/shipping','additional_shipment_information','Additional shipment information','2023-10-30 01:30:38','2023-10-30 01:30:38'),(2822,1,'en','plugins/ecommerce/shipping','shipping_company_name','Shipping Company Name','2023-10-30 01:30:38','2023-10-30 01:30:38'),(2823,1,'en','plugins/ecommerce/shipping','tracking_id','Tracking ID','2023-10-30 01:30:38','2023-10-30 01:30:38'),(2824,1,'en','plugins/ecommerce/shipping','tracking_link','Tracking Link','2023-10-30 01:30:38','2023-10-30 01:30:38'),(2825,1,'en','plugins/ecommerce/shipping','estimate_date_shipped','Estimate Date Shipped','2023-10-30 01:30:38','2023-10-30 01:30:38'),(2826,1,'en','plugins/ecommerce/shipping','date_shipped','Date Shipped','2023-10-30 01:30:38','2023-10-30 01:30:38'),(2827,1,'en','plugins/ecommerce/shipping','add_note','Add note...','2023-10-30 01:30:38','2023-10-30 01:30:38'),(2828,1,'en','plugins/ecommerce/shipping','view_order','View Order :order_id','2023-10-30 01:30:38','2023-10-30 01:30:38'),(2829,1,'en','plugins/ecommerce/shipping','rule.types.based_on_weight','Based on product\'s weight (:unit)','2023-10-30 01:30:38','2023-10-30 01:30:38'),(2830,1,'en','plugins/ecommerce/shipping','rule.types.based_on_price','Based on product\'s price','2023-10-30 01:30:38','2023-10-30 01:30:38'),(2831,1,'en','plugins/ecommerce/shipping','rule.types.based_on_zipcode','Based on zipcode','2023-10-30 01:30:38','2023-10-30 01:30:38'),(2832,1,'en','plugins/ecommerce/shipping','rule.types.based_on_location','Based on location','2023-10-30 01:30:38','2023-10-30 01:30:38'),(2833,1,'en','plugins/ecommerce/shipping','rule.types.unavailable','Unavailable','2023-10-30 01:30:38','2023-10-30 01:30:38'),(2834,1,'en','plugins/ecommerce/shipping','rule.item.name','Shipping Rule Items','2023-10-30 01:30:38','2023-10-30 01:30:38'),(2835,1,'en','plugins/ecommerce/shipping','rule.item.edit','Edit item','2023-10-30 01:30:38','2023-10-30 01:30:38'),(2836,1,'en','plugins/ecommerce/shipping','rule.item.create','Create new item','2023-10-30 01:30:38','2023-10-30 01:30:38'),(2837,1,'en','plugins/ecommerce/shipping','rule.item.delete','Delete shipping rule item','2023-10-30 01:30:38','2023-10-30 01:30:38'),(2838,1,'en','plugins/ecommerce/shipping','rule.item.confirmation','Are you sure you want to delete shipping rule item <strong class=\"item-label\"></strong>?','2023-10-30 01:30:38','2023-10-30 01:30:38'),(2839,1,'en','plugins/ecommerce/shipping','rule.item.load_data_table','Load data table (:total)','2023-10-30 01:30:38','2023-10-30 01:30:38'),(2840,1,'en','plugins/ecommerce/shipping','rule.item.tables.shipping_rule','Shipping rule','2023-10-30 01:30:38','2023-10-30 01:30:38'),(2841,1,'en','plugins/ecommerce/shipping','rule.item.tables.country','Country','2023-10-30 01:30:38','2023-10-30 01:30:38'),(2842,1,'en','plugins/ecommerce/shipping','rule.item.tables.state','State','2023-10-30 01:30:38','2023-10-30 01:30:38'),(2843,1,'en','plugins/ecommerce/shipping','rule.item.tables.city','City','2023-10-30 01:30:38','2023-10-30 01:30:38'),(2844,1,'en','plugins/ecommerce/shipping','rule.item.tables.zip_code','Zip code','2023-10-30 01:30:38','2023-10-30 01:30:38'),(2845,1,'en','plugins/ecommerce/shipping','rule.item.tables.adjustment_price','Adjustment price','2023-10-30 01:30:38','2023-10-30 01:30:38'),(2846,1,'en','plugins/ecommerce/shipping','rule.item.tables.is_enabled','Is enabled?','2023-10-30 01:30:38','2023-10-30 01:30:38'),(2847,1,'en','plugins/ecommerce/shipping','rule.item.forms.country','Country','2023-10-30 01:30:38','2023-10-30 01:30:38'),(2848,1,'en','plugins/ecommerce/shipping','rule.item.forms.country_placeholder','Country','2023-10-30 01:30:38','2023-10-30 01:30:38'),(2849,1,'en','plugins/ecommerce/shipping','rule.item.forms.state','State','2023-10-30 01:30:38','2023-10-30 01:30:38'),(2850,1,'en','plugins/ecommerce/shipping','rule.item.forms.state_placeholder','State','2023-10-30 01:30:38','2023-10-30 01:30:38'),(2851,1,'en','plugins/ecommerce/shipping','rule.item.forms.city','City','2023-10-30 01:30:38','2023-10-30 01:30:38'),(2852,1,'en','plugins/ecommerce/shipping','rule.item.forms.city_placeholder','City','2023-10-30 01:30:38','2023-10-30 01:30:38'),(2853,1,'en','plugins/ecommerce/shipping','rule.item.forms.zip_code','Zip code','2023-10-30 01:30:38','2023-10-30 01:30:38'),(2854,1,'en','plugins/ecommerce/shipping','rule.item.forms.zip_code_placeholder','Zip code','2023-10-30 01:30:38','2023-10-30 01:30:38'),(2855,1,'en','plugins/ecommerce/shipping','rule.item.forms.adjustment_price','Adjustment price','2023-10-30 01:30:38','2023-10-30 01:30:38'),(2856,1,'en','plugins/ecommerce/shipping','rule.item.forms.adjustment_price_placeholder','Adjustment price','2023-10-30 01:30:38','2023-10-30 01:30:38'),(2857,1,'en','plugins/ecommerce/shipping','rule.item.forms.is_enabled','Is enabled?','2023-10-30 01:30:38','2023-10-30 01:30:38'),(2858,1,'en','plugins/ecommerce/shipping','rule.item.forms.shipping_rule','Shipping rule','2023-10-30 01:30:38','2023-10-30 01:30:38'),(2859,1,'en','plugins/ecommerce/shipping','rule.item.forms.no_shipping_rule','No shipping rule','2023-10-30 01:30:38','2023-10-30 01:30:38'),(2860,1,'en','plugins/ecommerce/shipping','rule.item.bulk-import.menu','Bulk import Shipping Rule Items','2023-10-30 01:30:38','2023-10-30 01:30:38'),(2861,1,'en','plugins/ecommerce/shipping','rule.item.bulk-import.greater_than_or_equal','Only numbers or decimals are accepted and greater than or equal to :min.','2023-10-30 01:30:38','2023-10-30 01:30:38'),(2862,1,'en','plugins/ecommerce/shipping','rule.item.bulk-import.less_than_or_equal','Only numbers or decimals are accepted and less than or equal to :max.','2023-10-30 01:30:38','2023-10-30 01:30:38'),(2863,1,'en','plugins/ecommerce/shipping','rule.item.bulk-import.between','Only numbers or decimals are accepted and between :min and :max.','2023-10-30 01:30:38','2023-10-30 01:30:38'),(2864,1,'en','plugins/ecommerce/shipping','rule.item.bulk-import.overwrite','Overwrite','2023-10-30 01:30:38','2023-10-30 01:30:38'),(2865,1,'en','plugins/ecommerce/shipping','rule.item.bulk-import.add_new','Add new','2023-10-30 01:30:38','2023-10-30 01:30:38'),(2866,1,'en','plugins/ecommerce/shipping','rule.item.bulk-import.skip','Skip','2023-10-30 01:30:38','2023-10-30 01:30:38'),(2867,1,'en','plugins/ecommerce/shipping','rule.select_type','Select type','2023-10-30 01:30:38','2023-10-30 01:30:38'),(2868,1,'en','plugins/ecommerce/shipping','rule.cannot_create_rule_type_for_this_location','Cannot create rule type \":type\" on this location!','2023-10-30 01:30:38','2023-10-30 01:30:38'),(2869,1,'en','plugins/ecommerce/store-locator','name','Store locators','2023-10-30 01:30:38','2023-10-30 01:30:38'),(2870,1,'en','plugins/ecommerce/store-locator','description','This address will appear on your invoice and will be used to calculate your shipping price.','2023-10-30 01:30:38','2023-10-30 01:30:38'),(2871,1,'en','plugins/ecommerce/store-locator','shop_name','Shop name','2023-10-30 01:30:38','2023-10-30 01:30:38'),(2872,1,'en','plugins/ecommerce/store-locator','phone','Phone','2023-10-30 01:30:38','2023-10-30 01:30:38'),(2873,1,'en','plugins/ecommerce/store-locator','email','Email','2023-10-30 01:30:38','2023-10-30 01:30:38'),(2874,1,'en','plugins/ecommerce/store-locator','state','State','2023-10-30 01:30:38','2023-10-30 01:30:38'),(2875,1,'en','plugins/ecommerce/store-locator','city','City','2023-10-30 01:30:38','2023-10-30 01:30:38'),(2876,1,'en','plugins/ecommerce/store-locator','country','Country','2023-10-30 01:30:38','2023-10-30 01:30:38'),(2877,1,'en','plugins/ecommerce/store-locator','address','Address','2023-10-30 01:30:38','2023-10-30 01:30:38'),(2878,1,'en','plugins/ecommerce/store-locator','primary_store_is','Primary store is','2023-10-30 01:30:38','2023-10-30 01:30:38'),(2879,1,'en','plugins/ecommerce/store-locator','store_name','Store name','2023-10-30 01:30:38','2023-10-30 01:30:38'),(2880,1,'en','plugins/ecommerce/store-locator','select_country','Select country...','2023-10-30 01:30:38','2023-10-30 01:30:38'),(2881,1,'en','plugins/ecommerce/store-locator','default_shipping_location','Default shipping location','2023-10-30 01:30:38','2023-10-30 01:30:38'),(2882,1,'en','plugins/ecommerce/store-locator','default_store','Default store','2023-10-30 01:30:38','2023-10-30 01:30:38'),(2883,1,'en','plugins/ecommerce/store-locator','company','Company','2023-10-30 01:30:38','2023-10-30 01:30:38'),(2884,1,'en','plugins/ecommerce/store-locator','zip_code','Zip Code','2023-10-30 01:30:38','2023-10-30 01:30:38'),(2885,1,'en','plugins/ecommerce/tax','name','Taxes','2023-10-30 01:30:38','2023-10-30 01:30:38'),(2886,1,'en','plugins/ecommerce/tax','create','Create a tax','2023-10-30 01:30:38','2023-10-30 01:30:38'),(2887,1,'en','plugins/ecommerce/tax','edit','Edit tax :title','2023-10-30 01:30:38','2023-10-30 01:30:38'),(2888,1,'en','plugins/ecommerce/tax','title','Title','2023-10-30 01:30:38','2023-10-30 01:30:38'),(2889,1,'en','plugins/ecommerce/tax','percentage','Percentage %','2023-10-30 01:30:38','2023-10-30 01:30:38'),(2890,1,'en','plugins/ecommerce/tax','priority','Priority','2023-10-30 01:30:38','2023-10-30 01:30:38'),(2891,1,'en','plugins/ecommerce/tax','select_tax','-- select --','2023-10-30 01:30:38','2023-10-30 01:30:38'),(2892,1,'en','plugins/ecommerce/tax','default','Default','2023-10-30 01:30:39','2023-10-30 01:30:39'),(2893,1,'en','plugins/ecommerce/tax','country','Country','2023-10-30 01:30:39','2023-10-30 01:30:39'),(2894,1,'en','plugins/ecommerce/tax','state','State','2023-10-30 01:30:39','2023-10-30 01:30:39'),(2895,1,'en','plugins/ecommerce/tax','city','City','2023-10-30 01:30:39','2023-10-30 01:30:39'),(2896,1,'en','plugins/ecommerce/tax','zip_code','Zipcode','2023-10-30 01:30:39','2023-10-30 01:30:39'),(2897,1,'en','plugins/ecommerce/tax','rules','Rules','2023-10-30 01:30:39','2023-10-30 01:30:39'),(2898,1,'en','plugins/ecommerce/tax','tax','Tax','2023-10-30 01:30:39','2023-10-30 01:30:39'),(2899,1,'en','plugins/ecommerce/tax','rule.name','Tax rules','2023-10-30 01:30:39','2023-10-30 01:30:39'),(2900,1,'en','plugins/ecommerce/tax','rule.create','Create a tax rule','2023-10-30 01:30:39','2023-10-30 01:30:39'),(2901,1,'en','plugins/ecommerce/tax','rule.edit','Edit tax rule :title','2023-10-30 01:30:39','2023-10-30 01:30:39'),(2902,1,'en','plugins/faq/faq-category','name','Categories','2023-10-30 01:30:39','2023-10-30 01:30:39'),(2903,1,'en','plugins/faq/faq-category','create','New category','2023-10-30 01:30:39','2023-10-30 01:30:39'),(2904,1,'en','plugins/faq/faq','name','FAQ','2023-10-30 01:30:39','2023-10-30 01:30:39'),(2905,1,'en','plugins/faq/faq','create','New faq','2023-10-30 01:30:39','2023-10-30 01:30:39'),(2906,1,'en','plugins/faq/faq','question','Question','2023-10-30 01:30:39','2023-10-30 01:30:39'),(2907,1,'en','plugins/faq/faq','answer','Answer','2023-10-30 01:30:39','2023-10-30 01:30:39'),(2908,1,'en','plugins/faq/faq','category','Category','2023-10-30 01:30:39','2023-10-30 01:30:39'),(2909,1,'en','plugins/faq/faq','all','All','2023-10-30 01:30:39','2023-10-30 01:30:39'),(2910,1,'en','plugins/faq/faq','faq_schema_config','FAQ schema configuration (:link)','2023-10-30 01:30:39','2023-10-30 01:30:39'),(2911,1,'en','plugins/faq/faq','learn_more','Learn more','2023-10-30 01:30:39','2023-10-30 01:30:39'),(2912,1,'en','plugins/faq/faq','settings.title','FAQ','2023-10-30 01:30:39','2023-10-30 01:30:39'),(2913,1,'en','plugins/faq/faq','settings.description','Settings for FAQ','2023-10-30 01:30:39','2023-10-30 01:30:39'),(2914,1,'en','plugins/faq/faq','settings.enable_faq_schema','Enable FAQ Schema?','2023-10-30 01:30:39','2023-10-30 01:30:39'),(2915,1,'en','plugins/faq/faq','settings.enable_faq_schema_description','Learn more: https://developers.google.com/search/docs/data-types/faqpage','2023-10-30 01:30:39','2023-10-30 01:30:39'),(2916,1,'en','plugins/faq/faq','select_category','Select a category','2023-10-30 01:30:39','2023-10-30 01:30:39'),(2917,1,'en','plugins/faq/faq','add_item','Add item','2023-10-30 01:30:39','2023-10-30 01:30:39'),(2918,1,'en','plugins/language/language','name','Languages','2023-10-30 01:30:39','2023-10-30 01:30:39'),(2919,1,'en','plugins/language/language','choose_language','Choose a language','2023-10-30 01:30:39','2023-10-30 01:30:39'),(2920,1,'en','plugins/language/language','select_language','Select language','2023-10-30 01:30:39','2023-10-30 01:30:39'),(2921,1,'en','plugins/language/language','choose_language_helper','You can choose a language in the list or directly edit it below.','2023-10-30 01:30:39','2023-10-30 01:30:39'),(2922,1,'en','plugins/language/language','language_name','Language name','2023-10-30 01:30:39','2023-10-30 01:30:39'),(2923,1,'en','plugins/language/language','language_name_helper','The name is how it is displayed on your site (for example: English).','2023-10-30 01:30:39','2023-10-30 01:30:39'),(2924,1,'en','plugins/language/language','locale','Locale','2023-10-30 01:30:39','2023-10-30 01:30:39'),(2925,1,'en','plugins/language/language','locale_helper','Laravel Locale for the language (for example: <code>en</code>).','2023-10-30 01:30:39','2023-10-30 01:30:39'),(2926,1,'en','plugins/language/language','language_code','Language code','2023-10-30 01:30:39','2023-10-30 01:30:39'),(2927,1,'en','plugins/language/language','language_code_helper','Language code - preferably 2-letters ISO 639-1 (for example: en)','2023-10-30 01:30:39','2023-10-30 01:30:39'),(2928,1,'en','plugins/language/language','text_direction','Text direction','2023-10-30 01:30:39','2023-10-30 01:30:39'),(2929,1,'en','plugins/language/language','text_direction_helper','Choose the text direction for the language','2023-10-30 01:30:39','2023-10-30 01:30:39'),(2930,1,'en','plugins/language/language','left_to_right','Left to right','2023-10-30 01:30:39','2023-10-30 01:30:39'),(2931,1,'en','plugins/language/language','right_to_left','Right to left','2023-10-30 01:30:39','2023-10-30 01:30:39'),(2932,1,'en','plugins/language/language','flag','Flag','2023-10-30 01:30:39','2023-10-30 01:30:39'),(2933,1,'en','plugins/language/language','flag_helper','Choose a flag for the language.','2023-10-30 01:30:39','2023-10-30 01:30:39'),(2934,1,'en','plugins/language/language','order','Order','2023-10-30 01:30:39','2023-10-30 01:30:39'),(2935,1,'en','plugins/language/language','order_helper','Position of the language in the language switcher','2023-10-30 01:30:39','2023-10-30 01:30:39'),(2936,1,'en','plugins/language/language','add_new_language','Add new language','2023-10-30 01:30:39','2023-10-30 01:30:39'),(2937,1,'en','plugins/language/language','code','Code','2023-10-30 01:30:39','2023-10-30 01:30:39'),(2938,1,'en','plugins/language/language','default_language','Is default?','2023-10-30 01:30:39','2023-10-30 01:30:39'),(2939,1,'en','plugins/language/language','actions','Actions','2023-10-30 01:30:39','2023-10-30 01:30:39'),(2940,1,'en','plugins/language/language','translations','Translations','2023-10-30 01:30:39','2023-10-30 01:30:39'),(2941,1,'en','plugins/language/language','edit','Edit','2023-10-30 01:30:39','2023-10-30 01:30:39'),(2942,1,'en','plugins/language/language','edit_tooltip','Edit this language','2023-10-30 01:30:39','2023-10-30 01:30:39'),(2943,1,'en','plugins/language/language','delete','Delete','2023-10-30 01:30:39','2023-10-30 01:30:39'),(2944,1,'en','plugins/language/language','delete_tooltip','Delete this language and all its associated data','2023-10-30 01:30:39','2023-10-30 01:30:39'),(2945,1,'en','plugins/language/language','choose_default_language','Choose :language as default language','2023-10-30 01:30:39','2023-10-30 01:30:39'),(2946,1,'en','plugins/language/language','current_language','Current record\'s language','2023-10-30 01:30:39','2023-10-30 01:30:39'),(2947,1,'en','plugins/language/language','edit_related','Edit related language for this record','2023-10-30 01:30:39','2023-10-30 01:30:39'),(2948,1,'en','plugins/language/language','add_language_for_item','Add other language version for this record','2023-10-30 01:30:39','2023-10-30 01:30:39'),(2949,1,'en','plugins/language/language','settings','Settings','2023-10-30 01:30:39','2023-10-30 01:30:39'),(2950,1,'en','plugins/language/language','language_hide_default','Hide default language from URL?','2023-10-30 01:30:39','2023-10-30 01:30:39'),(2951,1,'en','plugins/language/language','language_display_flag_only','Flag only','2023-10-30 01:30:39','2023-10-30 01:30:39'),(2952,1,'en','plugins/language/language','language_display_name_only','Name only','2023-10-30 01:30:39','2023-10-30 01:30:39'),(2953,1,'en','plugins/language/language','language_display_all','Display all flag and name','2023-10-30 01:30:39','2023-10-30 01:30:39'),(2954,1,'en','plugins/language/language','language_display','Language display','2023-10-30 01:30:39','2023-10-30 01:30:39'),(2955,1,'en','plugins/language/language','switcher_display','Switcher language display','2023-10-30 01:30:39','2023-10-30 01:30:39'),(2956,1,'en','plugins/language/language','language_switcher_display_dropdown','Dropdown','2023-10-30 01:30:39','2023-10-30 01:30:39'),(2957,1,'en','plugins/language/language','language_switcher_display_list','List','2023-10-30 01:30:39','2023-10-30 01:30:39'),(2958,1,'en','plugins/language/language','current_language_edit_notification','You are editing \"<strong class=\"current_language_text\">:language</strong>\" version','2023-10-30 01:30:39','2023-10-30 01:30:39'),(2959,1,'en','plugins/language/language','confirm-change-language','Confirm change language','2023-10-30 01:30:39','2023-10-30 01:30:39'),(2960,1,'en','plugins/language/language','confirm-change-language-message','Do you really want to change language to \"<strong class=\"change_to_language_text\"></strong>\" ? This action will be override \"<strong class=\"change_to_language_text\"></strong>\" version if it\'s existed!','2023-10-30 01:30:39','2023-10-30 01:30:39'),(2961,1,'en','plugins/language/language','confirm-change-language-btn','Confirm change','2023-10-30 01:30:39','2023-10-30 01:30:39'),(2962,1,'en','plugins/language/language','hide_languages','Hide languages','2023-10-30 01:30:39','2023-10-30 01:30:39'),(2963,1,'en','plugins/language/language','hide_languages_description','You can completely hide content in specific languages from visitors and search engines, but still view it yourself. This allows reviewing translations that are in progress.','2023-10-30 01:30:39','2023-10-30 01:30:39'),(2964,1,'en','plugins/language/language','hide_languages_helper_display_hidden','{0} All languages are currently displayed.|{1} :language is currently hidden to visitors.|[2, Inf] :language are currently hidden to visitors.','2023-10-30 01:30:39','2023-10-30 01:30:39'),(2965,1,'en','plugins/language/language','show_all','Show all','2023-10-30 01:30:39','2023-10-30 01:30:39'),(2966,1,'en','plugins/language/language','change_language','Language','2023-10-30 01:30:39','2023-10-30 01:30:39'),(2967,1,'en','plugins/language/language','language_show_default_item_if_current_version_not_existed','Show item in default language if it is not existed in current language','2023-10-30 01:30:39','2023-10-30 01:30:39'),(2968,1,'en','plugins/language/language','select_flag','Select a flag...','2023-10-30 01:30:39','2023-10-30 01:30:39'),(2969,1,'en','plugins/language/language','delete_confirmation_message','Do you really want to delete this language? It also deletes all items in this language and cannot rollback!','2023-10-30 01:30:39','2023-10-30 01:30:39'),(2970,1,'en','plugins/language/language','added_already','This language was added already!','2023-10-30 01:30:39','2023-10-30 01:30:39'),(2971,1,'en','plugins/language/language','language_auto_detect_user_language','Auto detect user language?','2023-10-30 01:30:39','2023-10-30 01:30:39'),(2972,1,'en','plugins/location/bulk-import','name','Bulk Import','2023-10-30 01:30:39','2023-10-30 01:30:39'),(2973,1,'en','plugins/location/bulk-import','imported_successfully','Your locations have been imported successfully!','2023-10-30 01:30:39','2023-10-30 01:30:39'),(2974,1,'en','plugins/location/bulk-import','please_choose_the_file_mime','Please choose the file mime :types','2023-10-30 01:30:39','2023-10-30 01:30:39'),(2975,1,'en','plugins/location/bulk-import','please_choose_the_file','Please choose the file','2023-10-30 01:30:39','2023-10-30 01:30:39'),(2976,1,'en','plugins/location/bulk-import','start_import','Start Import','2023-10-30 01:30:39','2023-10-30 01:30:39'),(2977,1,'en','plugins/location/bulk-import','note','Note!','2023-10-30 01:30:39','2023-10-30 01:30:39'),(2978,1,'en','plugins/location/bulk-import','warning_before_importing','If this is your first time using this feature, please read the documentation or contact the Administrator for access to the correct functionality!','2023-10-30 01:30:39','2023-10-30 01:30:39'),(2979,1,'en','plugins/location/bulk-import','results','Result: :success successes, :failed failures','2023-10-30 01:30:39','2023-10-30 01:30:39'),(2980,1,'en','plugins/location/bulk-import','failures','Failures','2023-10-30 01:30:39','2023-10-30 01:30:39'),(2981,1,'en','plugins/location/bulk-import','tables.import','Import','2023-10-30 01:30:39','2023-10-30 01:30:39'),(2982,1,'en','plugins/location/bulk-import','template','Template','2023-10-30 01:30:39','2023-10-30 01:30:39'),(2983,1,'en','plugins/location/bulk-import','rules','Rules','2023-10-30 01:30:39','2023-10-30 01:30:39'),(2984,1,'en','plugins/location/bulk-import','choose_file_with_mime','Choose file with mime: (:types)','2023-10-30 01:30:39','2023-10-30 01:30:39'),(2985,1,'en','plugins/location/bulk-import','choose_file','Choose file','2023-10-30 01:30:39','2023-10-30 01:30:39'),(2986,1,'en','plugins/location/bulk-import','menu','Import locations','2023-10-30 01:30:39','2023-10-30 01:30:39'),(2987,1,'en','plugins/location/bulk-import','download-csv-file','Download CSV template','2023-10-30 01:30:39','2023-10-30 01:30:39'),(2988,1,'en','plugins/location/bulk-import','download-excel-file','Download Excel template','2023-10-30 01:30:39','2023-10-30 01:30:39'),(2989,1,'en','plugins/location/bulk-import','downloading','Downloading...','2023-10-30 01:30:39','2023-10-30 01:30:39'),(2990,1,'en','plugins/location/bulk-import','export.template.input_error','Input error','2023-10-30 01:30:39','2023-10-30 01:30:39'),(2991,1,'en','plugins/location/bulk-import','export.template.number_not_allowed','Number is not allowed!','2023-10-30 01:30:39','2023-10-30 01:30:39'),(2992,1,'en','plugins/location/bulk-import','export.template.allowed_input','Allowed input','2023-10-30 01:30:39','2023-10-30 01:30:39'),(2993,1,'en','plugins/location/bulk-import','export.template.prompt_decimal','Only numbers or decimals are accepted and greater than or equal to :min.','2023-10-30 01:30:39','2023-10-30 01:30:39'),(2994,1,'en','plugins/location/bulk-import','export.template.prompt_whole_number','Only numbers are accepted and greater than or equal to :min.','2023-10-30 01:30:39','2023-10-30 01:30:39'),(2995,1,'en','plugins/location/bulk-import','export.template.prompt_list','Please pick a value from the drop-down list.','2023-10-30 01:30:39','2023-10-30 01:30:39'),(2996,1,'en','plugins/location/bulk-import','export.template.pick_from_list','Pick from list','2023-10-30 01:30:39','2023-10-30 01:30:39'),(2997,1,'en','plugins/location/bulk-import','export.template.value_not_in_list','Value is not in list.','2023-10-30 01:30:39','2023-10-30 01:30:39'),(2998,1,'en','plugins/location/bulk-import','export.template.max_text_length','Max text length','2023-10-30 01:30:39','2023-10-30 01:30:39'),(2999,1,'en','plugins/location/bulk-import','export.template.prompt_max_text_length','Only accept text with length less than or equal to :max.','2023-10-30 01:30:40','2023-10-30 01:30:40'),(3000,1,'en','plugins/location/bulk-import','import_failed_description','Import failed, please check the errors below!','2023-10-30 01:30:40','2023-10-30 01:30:40'),(3001,1,'en','plugins/location/bulk-import','available_enable_multi_language','Only available when you enable \"Is Multi Language?\"','2023-10-30 01:30:40','2023-10-30 01:30:40'),(3002,1,'en','plugins/location/bulk-import','import_type_required_if','The :attribute field is required when \"Import Type\" is :value.','2023-10-30 01:30:40','2023-10-30 01:30:40'),(3003,1,'en','plugins/location/bulk-import','import_available_data','Import available data','2023-10-30 01:30:40','2023-10-30 01:30:40'),(3004,1,'en','plugins/location/bulk-import','import','Import','2023-10-30 01:30:40','2023-10-30 01:30:40'),(3005,1,'en','plugins/location/bulk-import','import_available_data_confirmation','Import available data confirmation','2023-10-30 01:30:40','2023-10-30 01:30:40'),(3006,1,'en','plugins/location/bulk-import','import_available_data_confirmation_content','Do you really want to import states/cities for this country?','2023-10-30 01:30:40','2023-10-30 01:30:40'),(3007,1,'en','plugins/location/bulk-import','upload_file_placeholder','Drag and drop file here or click to upload','2023-10-30 01:30:40','2023-10-30 01:30:40'),(3008,1,'en','plugins/location/bulk-import','uploading','Uploading...','2023-10-30 01:30:40','2023-10-30 01:30:40'),(3009,1,'en','plugins/location/bulk-import','validating','Validating...','2023-10-30 01:30:40','2023-10-30 01:30:40'),(3010,1,'en','plugins/location/bulk-import','importing','Importing...','2023-10-30 01:30:40','2023-10-30 01:30:40'),(3011,1,'en','plugins/location/bulk-import','validating_message','Validating from :from to :to...','2023-10-30 01:30:40','2023-10-30 01:30:40'),(3012,1,'en','plugins/location/bulk-import','importing_message','Importing from :from to :to...','2023-10-30 01:30:40','2023-10-30 01:30:40'),(3013,1,'en','plugins/location/bulk-import','total_rows','You have imported :total rows successfully!','2023-10-30 01:30:40','2023-10-30 01:30:40'),(3014,1,'en','plugins/location/city','name','Cities','2023-10-30 01:30:40','2023-10-30 01:30:40'),(3015,1,'en','plugins/location/city','create','New city','2023-10-30 01:30:40','2023-10-30 01:30:40'),(3016,1,'en','plugins/location/city','state','State','2023-10-30 01:30:40','2023-10-30 01:30:40'),(3017,1,'en','plugins/location/city','select_state','Select state...','2023-10-30 01:30:40','2023-10-30 01:30:40'),(3018,1,'en','plugins/location/city','select_city','Select city...','2023-10-30 01:30:40','2023-10-30 01:30:40'),(3019,1,'en','plugins/location/city','country','Country','2023-10-30 01:30:40','2023-10-30 01:30:40'),(3020,1,'en','plugins/location/city','select_country','Select country...','2023-10-30 01:30:40','2023-10-30 01:30:40'),(3021,1,'en','plugins/location/city','city','City','2023-10-30 01:30:40','2023-10-30 01:30:40'),(3022,1,'en','plugins/location/country','name','Countries','2023-10-30 01:30:40','2023-10-30 01:30:40'),(3023,1,'en','plugins/location/country','create','New country','2023-10-30 01:30:40','2023-10-30 01:30:40'),(3024,1,'en','plugins/location/country','nationality','Nationality','2023-10-30 01:30:40','2023-10-30 01:30:40'),(3025,1,'en','plugins/location/country','code','Country ISO code','2023-10-30 01:30:40','2023-10-30 01:30:40'),(3026,1,'en','plugins/location/country','code_placeholder','ISO country code, uppercase. Ex: US.','2023-10-30 01:30:40','2023-10-30 01:30:40'),(3027,1,'en','plugins/location/country','code_helper','Find country ISO code from here: https://en.wikipedia.org/wiki/List_of_ISO_3166_country_codes','2023-10-30 01:30:40','2023-10-30 01:30:40'),(3028,1,'en','plugins/location/location','name','Locations','2023-10-30 01:30:40','2023-10-30 01:30:40'),(3029,1,'en','plugins/location/location','all_states','All states','2023-10-30 01:30:40','2023-10-30 01:30:40'),(3030,1,'en','plugins/location/location','abbreviation','Abbreviation','2023-10-30 01:30:40','2023-10-30 01:30:40'),(3031,1,'en','plugins/location/location','abbreviation_placeholder','E.g: CA','2023-10-30 01:30:40','2023-10-30 01:30:40'),(3032,1,'en','plugins/location/location','exporting','Exporting','2023-10-30 01:30:40','2023-10-30 01:30:40'),(3033,1,'en','plugins/location/location','total_country','Total countries','2023-10-30 01:30:40','2023-10-30 01:30:40'),(3034,1,'en','plugins/location/location','total_state','Total states','2023-10-30 01:30:40','2023-10-30 01:30:40'),(3035,1,'en','plugins/location/location','total_city','Total cities','2023-10-30 01:30:40','2023-10-30 01:30:40'),(3036,1,'en','plugins/location/location','export_location','Export location','2023-10-30 01:30:40','2023-10-30 01:30:40'),(3037,1,'en','plugins/location/location','start_export','Start exporting','2023-10-30 01:30:40','2023-10-30 01:30:40'),(3038,1,'en','plugins/location/location','enums.import_type.country','Country','2023-10-30 01:30:40','2023-10-30 01:30:40'),(3039,1,'en','plugins/location/location','enums.import_type.state','State','2023-10-30 01:30:40','2023-10-30 01:30:40'),(3040,1,'en','plugins/location/location','enums.import_type.city','City','2023-10-30 01:30:40','2023-10-30 01:30:40'),(3041,1,'en','plugins/location/state','name','States','2023-10-30 01:30:40','2023-10-30 01:30:40'),(3042,1,'en','plugins/location/state','create','New state','2023-10-30 01:30:40','2023-10-30 01:30:40'),(3043,1,'en','plugins/location/state','country','Country','2023-10-30 01:30:40','2023-10-30 01:30:40'),(3044,1,'en','plugins/location/state','select_country','Select a country...','2023-10-30 01:30:40','2023-10-30 01:30:40'),(3045,1,'en','plugins/location/state','state','State','2023-10-30 01:30:40','2023-10-30 01:30:40'),(3046,1,'en','plugins/marketplace/marketplace','name','Marketplace','2023-10-30 01:30:40','2023-10-30 01:30:40'),(3047,1,'en','plugins/marketplace/marketplace','email.store_new_order_title','Notice about new order','2023-10-30 01:30:40','2023-10-30 01:30:40'),(3048,1,'en','plugins/marketplace/marketplace','email.store_new_order_description','Send email to the store owner when an order placed','2023-10-30 01:30:40','2023-10-30 01:30:40'),(3049,1,'en','plugins/marketplace/marketplace','email.verify_vendor_title','Verify vendor','2023-10-30 01:30:40','2023-10-30 01:30:40'),(3050,1,'en','plugins/marketplace/marketplace','email.verify_vendor_description','Send email to the admin when a vendor registers','2023-10-30 01:30:40','2023-10-30 01:30:40'),(3051,1,'en','plugins/marketplace/marketplace','email.pending_product_approval_title','Pending product approval','2023-10-30 01:30:40','2023-10-30 01:30:40'),(3052,1,'en','plugins/marketplace/marketplace','email.pending_product_approval_description','Send email to the admin when a vendor post their products','2023-10-30 01:30:40','2023-10-30 01:30:40'),(3053,1,'en','plugins/marketplace/marketplace','email.vendor_account_approved_title','Vendor account approved','2023-10-30 01:30:40','2023-10-30 01:30:40'),(3054,1,'en','plugins/marketplace/marketplace','email.vendor_account_approved_description','Send email to vendor when their account approved','2023-10-30 01:30:40','2023-10-30 01:30:40'),(3055,1,'en','plugins/marketplace/marketplace','email.product_approved_title','Product approved','2023-10-30 01:30:40','2023-10-30 01:30:40'),(3056,1,'en','plugins/marketplace/marketplace','email.product_approved_description','Send email to vendor when their product approved','2023-10-30 01:30:40','2023-10-30 01:30:40'),(3057,1,'en','plugins/marketplace/marketplace','email.withdrawal_approved_title','Withdrawal approved','2023-10-30 01:30:40','2023-10-30 01:30:40'),(3058,1,'en','plugins/marketplace/marketplace','email.withdrawal_approved_description','Send email to vendor when their withdrawal request approved','2023-10-30 01:30:40','2023-10-30 01:30:40'),(3059,1,'en','plugins/marketplace/marketplace','current_balance','Current balance','2023-10-30 01:30:40','2023-10-30 01:30:40'),(3060,1,'en','plugins/marketplace/marketplace','settings.name','Settings','2023-10-30 01:30:40','2023-10-30 01:30:40'),(3061,1,'en','plugins/marketplace/marketplace','settings.title','Settings for marketplace','2023-10-30 01:30:40','2023-10-30 01:30:40'),(3062,1,'en','plugins/marketplace/marketplace','settings.description','Setup commission fee','2023-10-30 01:30:40','2023-10-30 01:30:40'),(3063,1,'en','plugins/marketplace/marketplace','settings.fee_per_order','Fee per fee (%), suggest: 2 or 3','2023-10-30 01:30:40','2023-10-30 01:30:40'),(3064,1,'en','plugins/marketplace/marketplace','settings.default_commission_fee','Default commission fee (%), suggest: 2 or 3','2023-10-30 01:30:40','2023-10-30 01:30:40'),(3065,1,'en','plugins/marketplace/marketplace','settings.enable_commission_fee_for_each_category','Enable commission fee for each category?','2023-10-30 01:30:40','2023-10-30 01:30:40'),(3066,1,'en','plugins/marketplace/marketplace','settings.categories','Categories','2023-10-30 01:30:40','2023-10-30 01:30:40'),(3067,1,'en','plugins/marketplace/marketplace','settings.select_categories','Select categories..','2023-10-30 01:30:40','2023-10-30 01:30:40'),(3068,1,'en','plugins/marketplace/marketplace','settings.commission_fee','Commission fee (%)','2023-10-30 01:30:40','2023-10-30 01:30:40'),(3069,1,'en','plugins/marketplace/marketplace','settings.commission_fee_by_category','Commission fee by category (%)','2023-10-30 01:30:40','2023-10-30 01:30:40'),(3070,1,'en','plugins/marketplace/marketplace','settings.fee_withdrawal','Fee withdrawal (Fixed amount)','2023-10-30 01:30:40','2023-10-30 01:30:40'),(3071,1,'en','plugins/marketplace/marketplace','settings.check_valid_signature','Check valid signature in vendor\'s earnings','2023-10-30 01:30:40','2023-10-30 01:30:40'),(3072,1,'en','plugins/marketplace/marketplace','settings.verify_vendor','Vendor verification (Vendor just can post their product listing after getting verified)','2023-10-30 01:30:40','2023-10-30 01:30:40'),(3073,1,'en','plugins/marketplace/marketplace','settings.enable_product_approval','Enable product approval','2023-10-30 01:30:40','2023-10-30 01:30:40'),(3074,1,'en','plugins/marketplace/marketplace','settings.hide_store_phone_number','Hide store phone number?','2023-10-30 01:30:40','2023-10-30 01:30:40'),(3075,1,'en','plugins/marketplace/marketplace','settings.hide_store_email','Hide store email?','2023-10-30 01:30:40','2023-10-30 01:30:40'),(3076,1,'en','plugins/marketplace/marketplace','settings.hide_store_social_links','Hide store social links?','2023-10-30 01:30:40','2023-10-30 01:30:40'),(3077,1,'en','plugins/marketplace/marketplace','settings.allow_vendor_manage_shipping','Allow vendor manage shipping?','2023-10-30 01:30:40','2023-10-30 01:30:40'),(3078,1,'en','plugins/marketplace/marketplace','settings.commission_fee_each_category_fee_name','Commission fee of commission setting :key','2023-10-30 01:30:40','2023-10-30 01:30:40'),(3079,1,'en','plugins/marketplace/marketplace','settings.commission_fee_each_category_name','Categories of commission setting :key','2023-10-30 01:30:40','2023-10-30 01:30:40'),(3080,1,'en','plugins/marketplace/marketplace','settings.add_new','Add new','2023-10-30 01:30:40','2023-10-30 01:30:40'),(3081,1,'en','plugins/marketplace/marketplace','settings.payout_methods','Payout methods','2023-10-30 01:30:40','2023-10-30 01:30:40'),(3082,1,'en','plugins/marketplace/marketplace','settings.max_upload_filesize','Max upload filesize (MB)','2023-10-30 01:30:40','2023-10-30 01:30:40'),(3083,1,'en','plugins/marketplace/marketplace','settings.max_upload_filesize_placeholder','Default: 10','2023-10-30 01:30:40','2023-10-30 01:30:40'),(3084,1,'en','plugins/marketplace/marketplace','settings.max_product_images_upload_by_vendor','Max number of images for each product','2023-10-30 01:30:40','2023-10-30 01:30:40'),(3085,1,'en','plugins/marketplace/marketplace','theme_options.name','Marketplace','2023-10-30 01:30:40','2023-10-30 01:30:40'),(3086,1,'en','plugins/marketplace/marketplace','theme_options.description','Theme options for Marketplace','2023-10-30 01:30:40','2023-10-30 01:30:40'),(3087,1,'en','plugins/marketplace/marketplace','theme_options.logo_vendor_dashboard','Logo in the vendor dashboard (Default is the main logo)','2023-10-30 01:30:40','2023-10-30 01:30:40'),(3088,1,'en','plugins/marketplace/marketplace','store_name','Store name','2023-10-30 01:30:40','2023-10-30 01:30:40'),(3089,1,'en','plugins/marketplace/marketplace','store_email','Store email','2023-10-30 01:30:40','2023-10-30 01:30:40'),(3090,1,'en','plugins/marketplace/marketplace','store_phone','Store phone','2023-10-30 01:30:40','2023-10-30 01:30:40'),(3091,1,'en','plugins/marketplace/marketplace','product_name','Product name','2023-10-30 01:30:40','2023-10-30 01:30:40'),(3092,1,'en','plugins/marketplace/marketplace','product_url','Product URL','2023-10-30 01:30:40','2023-10-30 01:30:40'),(3093,1,'en','plugins/marketplace/marketplace','withdrawal_amount','Withdrawal amount','2023-10-30 01:30:40','2023-10-30 01:30:40'),(3094,1,'en','plugins/marketplace/marketplace','helpers.customer_status','If you change the status other than \":status\" this vendor\'s store will also change to \":store\"','2023-10-30 01:30:40','2023-10-30 01:30:40'),(3095,1,'en','plugins/marketplace/marketplace','helpers.store_status','If you change the status other than \":status\" this store\'s account will also change to \":customer\"','2023-10-30 01:30:40','2023-10-30 01:30:40'),(3096,1,'en','plugins/marketplace/marketplace','tables.earnings','Earnings','2023-10-30 01:30:40','2023-10-30 01:30:40'),(3097,1,'en','plugins/marketplace/marketplace','tables.products_count','Products Count','2023-10-30 01:30:40','2023-10-30 01:30:40'),(3098,1,'en','plugins/marketplace/marketplace','vendors','Vendors','2023-10-30 01:30:40','2023-10-30 01:30:40'),(3099,1,'en','plugins/marketplace/marketplace','payout_payment_methods.bank_transfer','Bank Transfer','2023-10-30 01:30:40','2023-10-30 01:30:40'),(3100,1,'en','plugins/marketplace/marketplace','payout_payment_methods.paypal','PayPal','2023-10-30 01:30:40','2023-10-30 01:30:40'),(3101,1,'en','plugins/marketplace/marketplace','reports.name','Reports','2023-10-30 01:30:40','2023-10-30 01:30:40'),(3102,1,'en','plugins/marketplace/marketplace','reports.total_fee_earnings','Total fee earnings: :value','2023-10-30 01:30:40','2023-10-30 01:30:40'),(3103,1,'en','plugins/marketplace/marketplace','reports.total_fee','Total fee','2023-10-30 01:30:40','2023-10-30 01:30:40'),(3104,1,'en','plugins/marketplace/marketplace','reports.total_amount','Total amount','2023-10-30 01:30:41','2023-10-30 01:30:41'),(3105,1,'en','plugins/marketplace/marketplace','reports.store_revenues','Store revenues','2023-10-30 01:30:41','2023-10-30 01:30:41'),(3106,1,'en','plugins/marketplace/marketplace','reports.sale_commissions','Sale commissions','2023-10-30 01:30:41','2023-10-30 01:30:41'),(3107,1,'en','plugins/marketplace/marketplace','reports.fee','Fee (:symbol)','2023-10-30 01:30:41','2023-10-30 01:30:41'),(3108,1,'en','plugins/marketplace/marketplace','reports.amount','Amount (:symbol)','2023-10-30 01:30:41','2023-10-30 01:30:41'),(3109,1,'en','plugins/marketplace/marketplace','vendor','Vendor','2023-10-30 01:30:41','2023-10-30 01:30:41'),(3110,1,'en','plugins/marketplace/order','shipping_method_required','Shipping method for \":name\" store order is required.','2023-10-30 01:30:41','2023-10-30 01:30:41'),(3111,1,'en','plugins/marketplace/order','shipping_method_in','Shipping method for \":name\" store order is invalid.','2023-10-30 01:30:41','2023-10-30 01:30:41'),(3112,1,'en','plugins/marketplace/order','shipping_option_required','Shipping option for \":name\" store order is required.','2023-10-30 01:30:41','2023-10-30 01:30:41'),(3113,1,'en','plugins/marketplace/order','refund.insufficient_balance','Balance of vendor is not enough to refund order, balance: :balance','2023-10-30 01:30:41','2023-10-30 01:30:41'),(3114,1,'en','plugins/marketplace/order','refund.description','Refunded from the order #:order','2023-10-30 01:30:41','2023-10-30 01:30:41'),(3115,1,'en','plugins/marketplace/order','products_are_from_different_vendors','Cannot create order! Products are from different vendors.','2023-10-30 01:30:41','2023-10-30 01:30:41'),(3116,1,'en','plugins/marketplace/order','return.description','Returned from the order #:order','2023-10-30 01:30:41','2023-10-30 01:30:41'),(3117,1,'en','plugins/marketplace/revenue','edit','Update wallet balance','2023-10-30 01:30:41','2023-10-30 01:30:41'),(3118,1,'en','plugins/marketplace/revenue','view_store','View store \":store\"','2023-10-30 01:30:41','2023-10-30 01:30:41'),(3119,1,'en','plugins/marketplace/revenue','forms.description_placeholder','Update the exact amount with order #__ORDER_ID__ with reason: __REASON__','2023-10-30 01:30:41','2023-10-30 01:30:41'),(3120,1,'en','plugins/marketplace/revenue','forms.amount','Amount','2023-10-30 01:30:41','2023-10-30 01:30:41'),(3121,1,'en','plugins/marketplace/revenue','forms.amount_placeholder','Enter Amount','2023-10-30 01:30:41','2023-10-30 01:30:41'),(3122,1,'en','plugins/marketplace/revenue','forms.type','Type','2023-10-30 01:30:41','2023-10-30 01:30:41'),(3123,1,'en','plugins/marketplace/revenue','forms.created_by','Created By','2023-10-30 01:30:41','2023-10-30 01:30:41'),(3124,1,'en','plugins/marketplace/revenue','types.add-amount','Add Amount','2023-10-30 01:30:41','2023-10-30 01:30:41'),(3125,1,'en','plugins/marketplace/revenue','types.subtract-amount','Subtract Amount','2023-10-30 01:30:41','2023-10-30 01:30:41'),(3126,1,'en','plugins/marketplace/revenue','types.order-return','Order Return','2023-10-30 01:30:41','2023-10-30 01:30:41'),(3127,1,'en','plugins/marketplace/revenue','store_name','Store Name','2023-10-30 01:30:41','2023-10-30 01:30:41'),(3128,1,'en','plugins/marketplace/revenue','vendor_name','Vendor Name','2023-10-30 01:30:41','2023-10-30 01:30:41'),(3129,1,'en','plugins/marketplace/revenue','balance','Balance','2023-10-30 01:30:41','2023-10-30 01:30:41'),(3130,1,'en','plugins/marketplace/revenue','store_information','Store information','2023-10-30 01:30:41','2023-10-30 01:30:41'),(3131,1,'en','plugins/marketplace/revenue','update_balance','Adjust Balance','2023-10-30 01:30:41','2023-10-30 01:30:41'),(3132,1,'en','plugins/marketplace/revenue','update_balance_title','Add/Subtract amount of vendor','2023-10-30 01:30:41','2023-10-30 01:30:41'),(3133,1,'en','plugins/marketplace/revenue','statements','Statements','2023-10-30 01:30:41','2023-10-30 01:30:41'),(3134,1,'en','plugins/marketplace/revenue','products','Products','2023-10-30 01:30:41','2023-10-30 01:30:41'),(3135,1,'en','plugins/marketplace/store','name','Stores','2023-10-30 01:30:41','2023-10-30 01:30:41'),(3136,1,'en','plugins/marketplace/store','create','New store','2023-10-30 01:30:41','2023-10-30 01:30:41'),(3137,1,'en','plugins/marketplace/store','edit','Edit store','2023-10-30 01:30:41','2023-10-30 01:30:41'),(3138,1,'en','plugins/marketplace/store','view','View','2023-10-30 01:30:41','2023-10-30 01:30:41'),(3139,1,'en','plugins/marketplace/store','forms.logo','Logo','2023-10-30 01:30:41','2023-10-30 01:30:41'),(3140,1,'en','plugins/marketplace/store','forms.email','Email','2023-10-30 01:30:41','2023-10-30 01:30:41'),(3141,1,'en','plugins/marketplace/store','forms.email_placeholder','Ex: name@store.com','2023-10-30 01:30:41','2023-10-30 01:30:41'),(3142,1,'en','plugins/marketplace/store','forms.phone','Phone','2023-10-30 01:30:41','2023-10-30 01:30:41'),(3143,1,'en','plugins/marketplace/store','forms.phone_placeholder','Phone','2023-10-30 01:30:41','2023-10-30 01:30:41'),(3144,1,'en','plugins/marketplace/store','forms.address','Address','2023-10-30 01:30:41','2023-10-30 01:30:41'),(3145,1,'en','plugins/marketplace/store','forms.address_placeholder','Address','2023-10-30 01:30:41','2023-10-30 01:30:41'),(3146,1,'en','plugins/marketplace/store','forms.city','City','2023-10-30 01:30:41','2023-10-30 01:30:41'),(3147,1,'en','plugins/marketplace/store','forms.city_placeholder','City','2023-10-30 01:30:41','2023-10-30 01:30:41'),(3148,1,'en','plugins/marketplace/store','forms.state','State','2023-10-30 01:30:41','2023-10-30 01:30:41'),(3149,1,'en','plugins/marketplace/store','forms.state_placeholder','State','2023-10-30 01:30:41','2023-10-30 01:30:41'),(3150,1,'en','plugins/marketplace/store','forms.country','Country','2023-10-30 01:30:41','2023-10-30 01:30:41'),(3151,1,'en','plugins/marketplace/store','forms.country_placeholder','Country','2023-10-30 01:30:41','2023-10-30 01:30:41'),(3152,1,'en','plugins/marketplace/store','forms.store_owner','Store owner','2023-10-30 01:30:41','2023-10-30 01:30:41'),(3153,1,'en','plugins/marketplace/store','forms.select_store_owner','Select a store owner...','2023-10-30 01:30:41','2023-10-30 01:30:41'),(3154,1,'en','plugins/marketplace/store','forms.store','Store','2023-10-30 01:30:41','2023-10-30 01:30:41'),(3155,1,'en','plugins/marketplace/store','forms.select_store','Select a store...','2023-10-30 01:30:41','2023-10-30 01:30:41'),(3156,1,'en','plugins/marketplace/store','forms.is_vendor','Is vendor?','2023-10-30 01:30:41','2023-10-30 01:30:41'),(3157,1,'en','plugins/marketplace/store','forms.company','Company','2023-10-30 01:30:41','2023-10-30 01:30:41'),(3158,1,'en','plugins/marketplace/store','forms.company_placeholder','Company','2023-10-30 01:30:41','2023-10-30 01:30:41'),(3159,1,'en','plugins/marketplace/store','forms.zip_code','Zip Code','2023-10-30 01:30:41','2023-10-30 01:30:41'),(3160,1,'en','plugins/marketplace/store','forms.zip_code_placeholder','Zip Code','2023-10-30 01:30:41','2023-10-30 01:30:41'),(3161,1,'en','plugins/marketplace/store','store','Store','2023-10-30 01:30:41','2023-10-30 01:30:41'),(3162,1,'en','plugins/marketplace/store','store_name','Store name','2023-10-30 01:30:41','2023-10-30 01:30:41'),(3163,1,'en','plugins/marketplace/store','store_phone','Store phone','2023-10-30 01:30:41','2023-10-30 01:30:41'),(3164,1,'en','plugins/marketplace/store','store_link','Store link','2023-10-30 01:30:41','2023-10-30 01:30:41'),(3165,1,'en','plugins/marketplace/store','product_approval_notification','This product was created by :vendor. It needs to be approved to be shown on your website. :approve_link','2023-10-30 01:30:41','2023-10-30 01:30:41'),(3166,1,'en','plugins/marketplace/store','approve_here','Approve it here.','2023-10-30 01:30:41','2023-10-30 01:30:41'),(3167,1,'en','plugins/marketplace/store','approve_product_confirmation','Approve product confirmation','2023-10-30 01:30:41','2023-10-30 01:30:41'),(3168,1,'en','plugins/marketplace/store','approve_product_confirmation_description','Are you sure you really want to approve this product from :vendor?','2023-10-30 01:30:41','2023-10-30 01:30:41'),(3169,1,'en','plugins/marketplace/store','approve','Approve','2023-10-30 01:30:41','2023-10-30 01:30:41'),(3170,1,'en','plugins/marketplace/store','approve_product_success','Approved product successfully','2023-10-30 01:30:41','2023-10-30 01:30:41'),(3171,1,'en','plugins/marketplace/store','product_approved_notification','This product was created by :vendor. Approved by :user.','2023-10-30 01:30:41','2023-10-30 01:30:41'),(3172,1,'en','plugins/marketplace/store','information','Store information','2023-10-30 01:30:41','2023-10-30 01:30:41'),(3173,1,'en','plugins/marketplace/store','vendor_information','Vendor information','2023-10-30 01:30:41','2023-10-30 01:30:41'),(3174,1,'en','plugins/marketplace/store','vendor_name','Name','2023-10-30 01:30:41','2023-10-30 01:30:41'),(3175,1,'en','plugins/marketplace/store','withdrawal_approval_notification','This withdrawal request has been created by :vendor. Their current balance is :balance.','2023-10-30 01:30:41','2023-10-30 01:30:41'),(3176,1,'en','plugins/marketplace/unverified-vendor','name','Unverified vendors','2023-10-30 01:30:41','2023-10-30 01:30:41'),(3177,1,'en','plugins/marketplace/unverified-vendor','verify','Verify vendor \":name\"','2023-10-30 01:30:41','2023-10-30 01:30:41'),(3178,1,'en','plugins/marketplace/unverified-vendor','forms.email','Email','2023-10-30 01:30:41','2023-10-30 01:30:41'),(3179,1,'en','plugins/marketplace/unverified-vendor','forms.store_name','Store name','2023-10-30 01:30:41','2023-10-30 01:30:41'),(3180,1,'en','plugins/marketplace/unverified-vendor','forms.store_phone','Store phone','2023-10-30 01:30:41','2023-10-30 01:30:41'),(3181,1,'en','plugins/marketplace/unverified-vendor','forms.vendor_phone','Phone','2023-10-30 01:30:41','2023-10-30 01:30:41'),(3182,1,'en','plugins/marketplace/unverified-vendor','forms.verify_vendor','Verify vendor','2023-10-30 01:30:41','2023-10-30 01:30:41'),(3183,1,'en','plugins/marketplace/unverified-vendor','forms.registered_at','Registered At','2023-10-30 01:30:41','2023-10-30 01:30:41'),(3184,1,'en','plugins/marketplace/unverified-vendor','approve','Approve','2023-10-30 01:30:41','2023-10-30 01:30:41'),(3185,1,'en','plugins/marketplace/unverified-vendor','approve_vendor_confirmation','Approve vendor confirmation','2023-10-30 01:30:41','2023-10-30 01:30:41'),(3186,1,'en','plugins/marketplace/unverified-vendor','approve_vendor_confirmation_description','Are you sure you really want to approve :vendor for selling on this site?','2023-10-30 01:30:41','2023-10-30 01:30:41'),(3187,1,'en','plugins/marketplace/unverified-vendor','vendor_approval_notification','Do you want to approve this vendor for selling on this site? :approve_link','2023-10-30 01:30:41','2023-10-30 01:30:41'),(3188,1,'en','plugins/marketplace/unverified-vendor','new_vendor_notifications.new_vendor','New vendor','2023-10-30 01:30:41','2023-10-30 01:30:41'),(3189,1,'en','plugins/marketplace/unverified-vendor','new_vendor_notifications.view','View','2023-10-30 01:30:41','2023-10-30 01:30:41'),(3190,1,'en','plugins/marketplace/unverified-vendor','new_vendor_notifications.description',':customer has registered but not verified.','2023-10-30 01:30:41','2023-10-30 01:30:41'),(3191,1,'en','plugins/marketplace/withdrawal','name','Withdrawals','2023-10-30 01:30:41','2023-10-30 01:30:41'),(3192,1,'en','plugins/marketplace/withdrawal','edit','Edit withdrawal','2023-10-30 01:30:41','2023-10-30 01:30:41'),(3193,1,'en','plugins/marketplace/withdrawal','statuses.pending','Pending','2023-10-30 01:30:41','2023-10-30 01:30:41'),(3194,1,'en','plugins/marketplace/withdrawal','statuses.processing','Processing','2023-10-30 01:30:41','2023-10-30 01:30:41'),(3195,1,'en','plugins/marketplace/withdrawal','statuses.completed','Completed','2023-10-30 01:30:41','2023-10-30 01:30:41'),(3196,1,'en','plugins/marketplace/withdrawal','statuses.canceled','Canceled','2023-10-30 01:30:41','2023-10-30 01:30:41'),(3197,1,'en','plugins/marketplace/withdrawal','statuses.refused','Refused','2023-10-30 01:30:41','2023-10-30 01:30:41'),(3198,1,'en','plugins/marketplace/withdrawal','amount','Amount','2023-10-30 01:30:41','2023-10-30 01:30:41'),(3199,1,'en','plugins/marketplace/withdrawal','customer','Customer','2023-10-30 01:30:41','2023-10-30 01:30:41'),(3200,1,'en','plugins/marketplace/withdrawal','vendor','Vendor','2023-10-30 01:30:41','2023-10-30 01:30:41'),(3201,1,'en','plugins/marketplace/withdrawal','currency','Currency','2023-10-30 01:30:41','2023-10-30 01:30:41'),(3202,1,'en','plugins/marketplace/withdrawal','forms.amount','Amount','2023-10-30 01:30:41','2023-10-30 01:30:41'),(3203,1,'en','plugins/marketplace/withdrawal','forms.amount_placeholder','Amount you want to withdrawal','2023-10-30 01:30:41','2023-10-30 01:30:41'),(3204,1,'en','plugins/marketplace/withdrawal','forms.fee','Fee','2023-10-30 01:30:41','2023-10-30 01:30:41'),(3205,1,'en','plugins/marketplace/withdrawal','forms.fee_helper','You have to pay a fee when withdrawing: :fee','2023-10-30 01:30:41','2023-10-30 01:30:41'),(3206,1,'en','plugins/marketplace/withdrawal','forms.pending_status_helper','To complete withdrawal, please update status as processing then completed','2023-10-30 01:30:41','2023-10-30 01:30:41'),(3207,1,'en','plugins/marketplace/withdrawal','forms.payment_channel','Payment Channel','2023-10-30 01:30:41','2023-10-30 01:30:41'),(3208,1,'en','plugins/marketplace/withdrawal','forms.payment_channel_placeholder','Payment Channel','2023-10-30 01:30:41','2023-10-30 01:30:41'),(3209,1,'en','plugins/marketplace/withdrawal','forms.transaction_id','Transaction ID','2023-10-30 01:30:41','2023-10-30 01:30:41'),(3210,1,'en','plugins/marketplace/withdrawal','forms.transaction_id_placeholder','Transaction ID','2023-10-30 01:30:41','2023-10-30 01:30:41'),(3211,1,'en','plugins/marketplace/withdrawal','forms.amount_with_balance','Amount (balance: :balance)','2023-10-30 01:30:41','2023-10-30 01:30:41'),(3212,1,'en','plugins/marketplace/withdrawal','new_withdrawal_request_notifications.new_withdrawal_request','New withdrawal request','2023-10-30 01:30:41','2023-10-30 01:30:41'),(3213,1,'en','plugins/marketplace/withdrawal','new_withdrawal_request_notifications.view','View','2023-10-30 01:30:41','2023-10-30 01:30:41'),(3214,1,'en','plugins/marketplace/withdrawal','new_withdrawal_request_notifications.description',':customer has requested a withdrawal.','2023-10-30 01:30:41','2023-10-30 01:30:41'),(3215,1,'en','plugins/newsletter/newsletter','name','Newsletters','2023-10-30 01:30:41','2023-10-30 01:30:41'),(3216,1,'en','plugins/newsletter/newsletter','settings.email.templates.title','Newsletter','2023-10-30 01:30:41','2023-10-30 01:30:41'),(3217,1,'en','plugins/newsletter/newsletter','settings.email.templates.description','Config newsletter email templates','2023-10-30 01:30:41','2023-10-30 01:30:41'),(3218,1,'en','plugins/newsletter/newsletter','settings.email.templates.to_admin.title','Email send to admin','2023-10-30 01:30:42','2023-10-30 01:30:42'),(3219,1,'en','plugins/newsletter/newsletter','settings.email.templates.to_admin.description','Template for sending email to admin','2023-10-30 01:30:42','2023-10-30 01:30:42'),(3220,1,'en','plugins/newsletter/newsletter','settings.email.templates.to_user.title','Email send to user','2023-10-30 01:30:42','2023-10-30 01:30:42'),(3221,1,'en','plugins/newsletter/newsletter','settings.email.templates.to_user.description','Template for sending email to subscriber','2023-10-30 01:30:42','2023-10-30 01:30:42'),(3222,1,'en','plugins/newsletter/newsletter','settings.title','Newsletter','2023-10-30 01:30:42','2023-10-30 01:30:42'),(3223,1,'en','plugins/newsletter/newsletter','settings.description','Settings for newsletter (auto send newsletter email to SendGrid, Mailchimp... when someone register newsletter on website).','2023-10-30 01:30:42','2023-10-30 01:30:42'),(3224,1,'en','plugins/newsletter/newsletter','settings.mailchimp_api_key','Mailchimp API Key','2023-10-30 01:30:42','2023-10-30 01:30:42'),(3225,1,'en','plugins/newsletter/newsletter','settings.mailchimp_list_id','Mailchimp List ID','2023-10-30 01:30:42','2023-10-30 01:30:42'),(3226,1,'en','plugins/newsletter/newsletter','settings.mailchimp_list','Mailchimp List','2023-10-30 01:30:42','2023-10-30 01:30:42'),(3227,1,'en','plugins/newsletter/newsletter','settings.sendgrid_api_key','Sendgrid API Key','2023-10-30 01:30:42','2023-10-30 01:30:42'),(3228,1,'en','plugins/newsletter/newsletter','settings.sendgrid_list_id','Sendgrid List ID','2023-10-30 01:30:42','2023-10-30 01:30:42'),(3229,1,'en','plugins/newsletter/newsletter','settings.sendgrid_list','Sendgrid List','2023-10-30 01:30:42','2023-10-30 01:30:42'),(3230,1,'en','plugins/newsletter/newsletter','settings.enable_newsletter_contacts_list_api','Enable newsletter contacts list API?','2023-10-30 01:30:42','2023-10-30 01:30:42'),(3231,1,'en','plugins/newsletter/newsletter','statuses.subscribed','Subscribed','2023-10-30 01:30:42','2023-10-30 01:30:42'),(3232,1,'en','plugins/newsletter/newsletter','statuses.unsubscribed','Unsubscribed','2023-10-30 01:30:42','2023-10-30 01:30:42'),(3233,1,'en','plugins/payment/payment','payments','Payments','2023-10-30 01:30:42','2023-10-30 01:30:42'),(3234,1,'en','plugins/payment/payment','checkout_success','Checkout successfully!','2023-10-30 01:30:42','2023-10-30 01:30:42'),(3235,1,'en','plugins/payment/payment','view_payment','View payment #','2023-10-30 01:30:42','2023-10-30 01:30:42'),(3236,1,'en','plugins/payment/payment','charge_id','Charge ID','2023-10-30 01:30:42','2023-10-30 01:30:42'),(3237,1,'en','plugins/payment/payment','amount','Amount','2023-10-30 01:30:42','2023-10-30 01:30:42'),(3238,1,'en','plugins/payment/payment','currency','Currency','2023-10-30 01:30:42','2023-10-30 01:30:42'),(3239,1,'en','plugins/payment/payment','user','User','2023-10-30 01:30:42','2023-10-30 01:30:42'),(3240,1,'en','plugins/payment/payment','stripe','Stripe','2023-10-30 01:30:42','2023-10-30 01:30:42'),(3241,1,'en','plugins/payment/payment','paypal','PayPal','2023-10-30 01:30:42','2023-10-30 01:30:42'),(3242,1,'en','plugins/payment/payment','action','Action','2023-10-30 01:30:42','2023-10-30 01:30:42'),(3243,1,'en','plugins/payment/payment','payment_via_card','Payment via card','2023-10-30 01:30:42','2023-10-30 01:30:42'),(3244,1,'en','plugins/payment/payment','card_number','Card number','2023-10-30 01:30:42','2023-10-30 01:30:42'),(3245,1,'en','plugins/payment/payment','full_name','Full name','2023-10-30 01:30:42','2023-10-30 01:30:42'),(3246,1,'en','plugins/payment/payment','payment_via_paypal','Fast and safe online payment via PayPal.','2023-10-30 01:30:42','2023-10-30 01:30:42'),(3247,1,'en','plugins/payment/payment','mm_yy','MM/YY','2023-10-30 01:30:42','2023-10-30 01:30:42'),(3248,1,'en','plugins/payment/payment','cvc','CVC','2023-10-30 01:30:42','2023-10-30 01:30:42'),(3249,1,'en','plugins/payment/payment','details','Details','2023-10-30 01:30:42','2023-10-30 01:30:42'),(3250,1,'en','plugins/payment/payment','payer_name','Payer Name','2023-10-30 01:30:42','2023-10-30 01:30:42'),(3251,1,'en','plugins/payment/payment','email','Email','2023-10-30 01:30:42','2023-10-30 01:30:42'),(3252,1,'en','plugins/payment/payment','phone','Phone','2023-10-30 01:30:42','2023-10-30 01:30:42'),(3253,1,'en','plugins/payment/payment','country','Country','2023-10-30 01:30:42','2023-10-30 01:30:42'),(3254,1,'en','plugins/payment/payment','shipping_address','Shipping Address','2023-10-30 01:30:42','2023-10-30 01:30:42'),(3255,1,'en','plugins/payment/payment','payment_details','Payment Details','2023-10-30 01:30:42','2023-10-30 01:30:42'),(3256,1,'en','plugins/payment/payment','card','Card','2023-10-30 01:30:42','2023-10-30 01:30:42'),(3257,1,'en','plugins/payment/payment','address','Address','2023-10-30 01:30:42','2023-10-30 01:30:42'),(3258,1,'en','plugins/payment/payment','could_not_get_stripe_token','Could not get Stripe token to make a charge.','2023-10-30 01:30:42','2023-10-30 01:30:42'),(3259,1,'en','plugins/payment/payment','payment_id','Payment ID','2023-10-30 01:30:42','2023-10-30 01:30:42'),(3260,1,'en','plugins/payment/payment','payment_methods','Payment methods','2023-10-30 01:30:42','2023-10-30 01:30:42'),(3261,1,'en','plugins/payment/payment','transactions','Transactions','2023-10-30 01:30:42','2023-10-30 01:30:42'),(3262,1,'en','plugins/payment/payment','payment_methods_description','Setup payment methods for website','2023-10-30 01:30:42','2023-10-30 01:30:42'),(3263,1,'en','plugins/payment/payment','paypal_description','Customer can buy product and pay directly via PayPal','2023-10-30 01:30:42','2023-10-30 01:30:42'),(3264,1,'en','plugins/payment/payment','use','Use','2023-10-30 01:30:42','2023-10-30 01:30:42'),(3265,1,'en','plugins/payment/payment','stripe_description','Customer can buy product and pay directly using Visa, Credit card via Stripe','2023-10-30 01:30:42','2023-10-30 01:30:42'),(3266,1,'en','plugins/payment/payment','edit','Edit','2023-10-30 01:30:42','2023-10-30 01:30:42'),(3267,1,'en','plugins/payment/payment','settings','Settings','2023-10-30 01:30:42','2023-10-30 01:30:42'),(3268,1,'en','plugins/payment/payment','activate','Activate','2023-10-30 01:30:42','2023-10-30 01:30:42'),(3269,1,'en','plugins/payment/payment','deactivate','Deactivate','2023-10-30 01:30:42','2023-10-30 01:30:42'),(3270,1,'en','plugins/payment/payment','update','Update','2023-10-30 01:30:42','2023-10-30 01:30:42'),(3271,1,'en','plugins/payment/payment','configuration_instruction','Configuration instruction for :name','2023-10-30 01:30:42','2023-10-30 01:30:42'),(3272,1,'en','plugins/payment/payment','configuration_requirement','To use :name, you need','2023-10-30 01:30:42','2023-10-30 01:30:42'),(3273,1,'en','plugins/payment/payment','service_registration','Register with :name','2023-10-30 01:30:42','2023-10-30 01:30:42'),(3274,1,'en','plugins/payment/payment','after_service_registration_msg','After registration at :name, you will have Client ID, Client Secret','2023-10-30 01:30:42','2023-10-30 01:30:42'),(3275,1,'en','plugins/payment/payment','enter_client_id_and_secret','Enter Client ID, Secret into the box in right hand','2023-10-30 01:30:42','2023-10-30 01:30:42'),(3276,1,'en','plugins/payment/payment','method_name','Method name','2023-10-30 01:30:42','2023-10-30 01:30:42'),(3277,1,'en','plugins/payment/payment','please_provide_information','Please provide information','2023-10-30 01:30:42','2023-10-30 01:30:42'),(3278,1,'en','plugins/payment/payment','client_id','Client ID','2023-10-30 01:30:42','2023-10-30 01:30:42'),(3279,1,'en','plugins/payment/payment','client_secret','Client Secret','2023-10-30 01:30:42','2023-10-30 01:30:42'),(3280,1,'en','plugins/payment/payment','secret','Secret','2023-10-30 01:30:42','2023-10-30 01:30:42'),(3281,1,'en','plugins/payment/payment','stripe_key','Stripe Public Key','2023-10-30 01:30:42','2023-10-30 01:30:42'),(3282,1,'en','plugins/payment/payment','stripe_secret','Stripe Private Key','2023-10-30 01:30:42','2023-10-30 01:30:42'),(3283,1,'en','plugins/payment/payment','stripe_after_service_registration_msg','After registration at :name, you will have Public, Secret keys','2023-10-30 01:30:42','2023-10-30 01:30:42'),(3284,1,'en','plugins/payment/payment','stripe_enter_client_id_and_secret','Enter Public, Secret keys into the box in right hand','2023-10-30 01:30:42','2023-10-30 01:30:42'),(3285,1,'en','plugins/payment/payment','pay_online_via','Pay online via :name','2023-10-30 01:30:42','2023-10-30 01:30:42'),(3286,1,'en','plugins/payment/payment','sandbox_mode','Sandbox mode','2023-10-30 01:30:42','2023-10-30 01:30:42'),(3287,1,'en','plugins/payment/payment','deactivate_payment_method','Deactivate payment method','2023-10-30 01:30:42','2023-10-30 01:30:42'),(3288,1,'en','plugins/payment/payment','deactivate_payment_method_description','Do you really want to deactivate this payment method?','2023-10-30 01:30:42','2023-10-30 01:30:42'),(3289,1,'en','plugins/payment/payment','agree','Agree','2023-10-30 01:30:42','2023-10-30 01:30:42'),(3290,1,'en','plugins/payment/payment','name','Payments','2023-10-30 01:30:42','2023-10-30 01:30:42'),(3291,1,'en','plugins/payment/payment','create','New payment','2023-10-30 01:30:42','2023-10-30 01:30:42'),(3292,1,'en','plugins/payment/payment','go_back','Go back','2023-10-30 01:30:42','2023-10-30 01:30:42'),(3293,1,'en','plugins/payment/payment','information','Information','2023-10-30 01:30:42','2023-10-30 01:30:42'),(3294,1,'en','plugins/payment/payment','methods.paypal','PayPal','2023-10-30 01:30:42','2023-10-30 01:30:42'),(3295,1,'en','plugins/payment/payment','methods.cod','Cash on delivery (COD)','2023-10-30 01:30:42','2023-10-30 01:30:42'),(3296,1,'en','plugins/payment/payment','methods.bank_transfer','Bank transfer','2023-10-30 01:30:42','2023-10-30 01:30:42'),(3297,1,'en','plugins/payment/payment','statuses.pending','Pending','2023-10-30 01:30:42','2023-10-30 01:30:42'),(3298,1,'en','plugins/payment/payment','statuses.completed','Completed','2023-10-30 01:30:42','2023-10-30 01:30:42'),(3299,1,'en','plugins/payment/payment','statuses.refunding','Refunding','2023-10-30 01:30:42','2023-10-30 01:30:42'),(3300,1,'en','plugins/payment/payment','statuses.refunded','Refunded','2023-10-30 01:30:42','2023-10-30 01:30:42'),(3301,1,'en','plugins/payment/payment','statuses.fraud','Fraud','2023-10-30 01:30:42','2023-10-30 01:30:42'),(3302,1,'en','plugins/payment/payment','statuses.failed','Failed','2023-10-30 01:30:42','2023-10-30 01:30:42'),(3303,1,'en','plugins/payment/payment','payment_methods_instruction','Guide customers to pay directly. You can choose to pay by delivery or bank transfer','2023-10-30 01:30:42','2023-10-30 01:30:42'),(3304,1,'en','plugins/payment/payment','payment_method_description','Payment guide - (Displayed on the notice of successful purchase and payment page)','2023-10-30 01:30:42','2023-10-30 01:30:42'),(3305,1,'en','plugins/payment/payment','payment_via_cod','Cash on delivery (COD)','2023-10-30 01:30:42','2023-10-30 01:30:42'),(3306,1,'en','plugins/payment/payment','payment_via_bank_transfer','Bank transfer','2023-10-30 01:30:42','2023-10-30 01:30:42'),(3307,1,'en','plugins/payment/payment','payment_pending','Checkout successfully. Your payment is pending and will be checked by our staff.','2023-10-30 01:30:42','2023-10-30 01:30:42'),(3308,1,'en','plugins/payment/payment','created_at','Created At','2023-10-30 01:30:42','2023-10-30 01:30:42'),(3309,1,'en','plugins/payment/payment','payment_channel','Payment Channel','2023-10-30 01:30:42','2023-10-30 01:30:42'),(3310,1,'en','plugins/payment/payment','total','Total','2023-10-30 01:30:42','2023-10-30 01:30:42'),(3311,1,'en','plugins/payment/payment','status','Status','2023-10-30 01:30:42','2023-10-30 01:30:42'),(3312,1,'en','plugins/payment/payment','default_payment_method','Default payment method','2023-10-30 01:30:42','2023-10-30 01:30:42'),(3313,1,'en','plugins/payment/payment','turn_off_success','Turn off payment method successfully!','2023-10-30 01:30:42','2023-10-30 01:30:42'),(3314,1,'en','plugins/payment/payment','saved_payment_method_success','Saved payment method successfully!','2023-10-30 01:30:42','2023-10-30 01:30:42'),(3315,1,'en','plugins/payment/payment','saved_payment_settings_success','Saved payment settings successfully!','2023-10-30 01:30:42','2023-10-30 01:30:42'),(3316,1,'en','plugins/payment/payment','payment_name','Name','2023-10-30 01:30:42','2023-10-30 01:30:42'),(3317,1,'en','plugins/payment/payment','payment_not_found','Payment not found!','2023-10-30 01:30:42','2023-10-30 01:30:42'),(3318,1,'en','plugins/payment/payment','refunds.title','Refunds','2023-10-30 01:30:42','2023-10-30 01:30:42'),(3319,1,'en','plugins/payment/payment','refunds.id','ID','2023-10-30 01:30:42','2023-10-30 01:30:42'),(3320,1,'en','plugins/payment/payment','refunds.breakdowns','Breakdowns','2023-10-30 01:30:42','2023-10-30 01:30:42'),(3321,1,'en','plugins/payment/payment','refunds.gross_amount','Gross amount','2023-10-30 01:30:42','2023-10-30 01:30:42'),(3322,1,'en','plugins/payment/payment','refunds.paypal_fee','PayPal fee','2023-10-30 01:30:42','2023-10-30 01:30:42'),(3323,1,'en','plugins/payment/payment','refunds.net_amount','Net amount','2023-10-30 01:30:42','2023-10-30 01:30:42'),(3324,1,'en','plugins/payment/payment','refunds.total_refunded_amount','Total refunded amount','2023-10-30 01:30:42','2023-10-30 01:30:42'),(3325,1,'en','plugins/payment/payment','refunds.create_time','Create time','2023-10-30 01:30:42','2023-10-30 01:30:42'),(3326,1,'en','plugins/payment/payment','refunds.update_time','Update time','2023-10-30 01:30:42','2023-10-30 01:30:42'),(3327,1,'en','plugins/payment/payment','refunds.status','Status','2023-10-30 01:30:42','2023-10-30 01:30:42'),(3328,1,'en','plugins/payment/payment','refunds.description','Description','2023-10-30 01:30:42','2023-10-30 01:30:42'),(3329,1,'en','plugins/payment/payment','refunds.refunded_at','Refunded at','2023-10-30 01:30:42','2023-10-30 01:30:42'),(3330,1,'en','plugins/payment/payment','refunds.error_message','Error message','2023-10-30 01:30:42','2023-10-30 01:30:42'),(3331,1,'en','plugins/payment/payment','view_response_source','View response source','2023-10-30 01:30:42','2023-10-30 01:30:42'),(3332,1,'en','plugins/payment/payment','status_is_not_completed','Status is not COMPLETED','2023-10-30 01:30:43','2023-10-30 01:30:43'),(3333,1,'en','plugins/payment/payment','cannot_found_capture_id','Can not found capture id with payment detail','2023-10-30 01:30:43','2023-10-30 01:30:43'),(3334,1,'en','plugins/payment/payment','amount_refunded','Amount refunded','2023-10-30 01:30:43','2023-10-30 01:30:43'),(3335,1,'en','plugins/payment/payment','amount_remaining','Amount remaining','2023-10-30 01:30:43','2023-10-30 01:30:43'),(3336,1,'en','plugins/payment/payment','paid_at','Paid At','2023-10-30 01:30:43','2023-10-30 01:30:43'),(3337,1,'en','plugins/payment/payment','invalid_settings','Settings for :name are invalid!','2023-10-30 01:30:43','2023-10-30 01:30:43'),(3338,1,'en','plugins/payment/payment','view_transaction','Transaction \":charge_id\"','2023-10-30 01:30:43','2023-10-30 01:30:43'),(3339,1,'en','plugins/payment/payment','payment_description','Pay for your order #:order_id at :site_url','2023-10-30 01:30:43','2023-10-30 01:30:43'),(3340,1,'en','plugins/shippo/shippo','name','Shippo','2023-10-30 01:30:43','2023-10-30 01:30:43'),(3341,1,'en','plugins/shippo/shippo','description','All of the Carriers and Stores You Need','2023-10-30 01:30:43','2023-10-30 01:30:43'),(3342,1,'en','plugins/shippo/shippo','note_0','Before activating, please read the instructions below','2023-10-30 01:30:43','2023-10-30 01:30:43'),(3343,1,'en','plugins/shippo/shippo','note_1','Need to use cities, states, countries from Admin -> Locations, <a href=\":link\" target=\"_blank\" rel=\"noopener noreferrer\">:link</a>','2023-10-30 01:30:43','2023-10-30 01:30:43'),(3344,1,'en','plugins/shippo/shippo','note_2','Enabled \"Load countries, states, cities from plugin location?\" and \"Enable Zip Code?\" for Shippo to work correctly','2023-10-30 01:30:43','2023-10-30 01:30:43'),(3345,1,'en','plugins/shippo/shippo','note_3','Update city, state, country with location plugin data, enter and check the address and zip code in \"<a href=\":link\" target=\"_blank\">Basic information</a>\"','2023-10-30 01:30:43','2023-10-30 01:30:43'),(3346,1,'en','plugins/shippo/shippo','note_4','Vendor needs to update Company & Zip Code. Update city, state, country with location plugin data','2023-10-30 01:30:43','2023-10-30 01:30:43'),(3347,1,'en','plugins/shippo/shippo','note_5','Shippo only allows to create transactions with shipment/rate within 24 hours, if more than 24 hours, please update the rate again','2023-10-30 01:30:43','2023-10-30 01:30:43'),(3348,1,'en','plugins/shippo/shippo','note_6','COD payment method refer <a href=\":link\" target=\"_blank\" rel=\"noopener noreferrer\">here</a>','2023-10-30 01:30:43','2023-10-30 01:30:43'),(3349,1,'en','plugins/shippo/shippo','configuration_instruction','Configuration instruction for :name','2023-10-30 01:30:43','2023-10-30 01:30:43'),(3350,1,'en','plugins/shippo/shippo','configuration_requirement','To use :name, you need','2023-10-30 01:30:43','2023-10-30 01:30:43'),(3351,1,'en','plugins/shippo/shippo','service_registration','Register with :name','2023-10-30 01:30:43','2023-10-30 01:30:43'),(3352,1,'en','plugins/shippo/shippo','after_service_registration_msg','After registration at :name, you will have API Key','2023-10-30 01:30:43','2023-10-30 01:30:43'),(3353,1,'en','plugins/shippo/shippo','enter_api_key','Enter API Key into the box in right hand','2023-10-30 01:30:43','2023-10-30 01:30:43'),(3354,1,'en','plugins/shippo/shippo','please_provide_information','Please provide information','2023-10-30 01:30:43','2023-10-30 01:30:43'),(3355,1,'en','plugins/shippo/shippo','sandbox_mode','Test mode','2023-10-30 01:30:43','2023-10-30 01:30:43'),(3356,1,'en','plugins/shippo/shippo','activate','Activate','2023-10-30 01:30:43','2023-10-30 01:30:43'),(3357,1,'en','plugins/shippo/shippo','disabled_in_demo_mode','You cannot update Shippo settings in demo mode!','2023-10-30 01:30:43','2023-10-30 01:30:43'),(3358,1,'en','plugins/shippo/shippo','parcel','Parcel','2023-10-30 01:30:43','2023-10-30 01:30:43'),(3359,1,'en','plugins/shippo/shippo','estimated_days','Estimated delivery in :day day(s)','2023-10-30 01:30:43','2023-10-30 01:30:43'),(3360,1,'en','plugins/shippo/shippo','from_address','From address','2023-10-30 01:30:43','2023-10-30 01:30:43'),(3361,1,'en','plugins/shippo/shippo','to_address','To address','2023-10-30 01:30:43','2023-10-30 01:30:43'),(3362,1,'en','plugins/shippo/shippo','check_validate_token','Check validate token?','2023-10-30 01:30:43','2023-10-30 01:30:43'),(3363,1,'en','plugins/shippo/shippo','saved_shipping_settings_success','Saved settings successfully!','2023-10-30 01:30:43','2023-10-30 01:30:43'),(3364,1,'en','plugins/shippo/shippo','token_name_is_required',':name is required for the integration to work','2023-10-30 01:30:43','2023-10-30 01:30:43'),(3365,1,'en','plugins/shippo/shippo','token_name_is_invalid',':name is invalid','2023-10-30 01:30:43','2023-10-30 01:30:43'),(3366,1,'en','plugins/shippo/shippo','live_api_token','Live API Token','2023-10-30 01:30:43','2023-10-30 01:30:43'),(3367,1,'en','plugins/shippo/shippo','test_api_token','Test API Token','2023-10-30 01:30:43','2023-10-30 01:30:43'),(3368,1,'en','plugins/shippo/shippo','print_label','Print label','2023-10-30 01:30:43','2023-10-30 01:30:43'),(3369,1,'en','plugins/shippo/shippo','transaction.created','Created transaction #:tracking','2023-10-30 01:30:43','2023-10-30 01:30:43'),(3370,1,'en','plugins/shippo/shippo','transaction.view_and_create','View and Create transaction','2023-10-30 01:30:43','2023-10-30 01:30:43'),(3371,1,'en','plugins/shippo/shippo','transaction.create','Create transaction','2023-10-30 01:30:43','2023-10-30 01:30:43'),(3372,1,'en','plugins/shippo/shippo','transaction.created_success','Created transaction successfully!','2023-10-30 01:30:43','2023-10-30 01:30:43'),(3373,1,'en','plugins/shippo/shippo','transaction.updated','Updated transaction #:tracking','2023-10-30 01:30:43','2023-10-30 01:30:43'),(3374,1,'en','plugins/shippo/shippo','tracking.updated','Updated tracking #:tracking','2023-10-30 01:30:43','2023-10-30 01:30:43'),(3375,1,'en','plugins/shippo/shippo','tracking.statuses.pre_transit','The label is created but before the package is dropped off or picked up by the carrier.','2023-10-30 01:30:43','2023-10-30 01:30:43'),(3376,1,'en','plugins/shippo/shippo','tracking.statuses.transit','The package has been scanned by the carrier and is in transit.','2023-10-30 01:30:43','2023-10-30 01:30:43'),(3377,1,'en','plugins/shippo/shippo','tracking.statuses.delivered','The package has been successfully delivered.','2023-10-30 01:30:43','2023-10-30 01:30:43'),(3378,1,'en','plugins/shippo/shippo','tracking.statuses.returned','The package is en route to be returned to the sender, or has been returned successfully.','2023-10-30 01:30:43','2023-10-30 01:30:43'),(3379,1,'en','plugins/shippo/shippo','tracking.statuses.failure','The carrier indicated that there has been an issue with the delivery. This can happen for various reasons and depends on the carrier. This status does not indicate a technical, but a delivery issue.','2023-10-30 01:30:43','2023-10-30 01:30:43'),(3380,1,'en','plugins/shippo/shippo','tracking.statuses.unknown','The package has not been found via the carrier’s tracking system.','2023-10-30 01:30:43','2023-10-30 01:30:43'),(3381,1,'en','plugins/shippo/shippo','view_other_exchange_rates','View :count other exchange rates','2023-10-30 01:30:43','2023-10-30 01:30:43'),(3382,1,'en','plugins/shippo/shippo','carrier_could_not_be_found','The carrier for which the order was selected could not be found','2023-10-30 01:30:43','2023-10-30 01:30:43'),(3383,1,'en','plugins/shippo/shippo','update_rate','Update rate','2023-10-30 01:30:43','2023-10-30 01:30:43'),(3384,1,'en','plugins/shippo/shippo','updated_rate_success','Created rate successfully!','2023-10-30 01:30:43','2023-10-30 01:30:43'),(3385,1,'en','plugins/shippo/shippo','recheck_rate','Recheck rate','2023-10-30 01:30:43','2023-10-30 01:30:43'),(3386,1,'en','plugins/shippo/shippo','shipment_object_id_not_found','No matching shipping #:id information found','2023-10-30 01:30:43','2023-10-30 01:30:43'),(3387,1,'en','plugins/shippo/shippo','order_amount','Order amount','2023-10-30 01:30:43','2023-10-30 01:30:43'),(3388,1,'en','plugins/shippo/shippo','logging','Logging?','2023-10-30 01:30:43','2023-10-30 01:30:43'),(3389,1,'en','plugins/shippo/shippo','webhooks','Webhooks?','2023-10-30 01:30:43','2023-10-30 01:30:43'),(3390,1,'en','plugins/shippo/shippo','cache_response','Cache response?','2023-10-30 01:30:43','2023-10-30 01:30:43'),(3391,1,'en','plugins/shippo/shippo','not_available_in_cod_payment_method','Shippo options won\'t be shown if the selected payment method is COD!','2023-10-30 01:30:43','2023-10-30 01:30:43'),(3392,1,'en','plugins/simple-slider/simple-slider','create','New slider','2023-10-30 01:30:43','2023-10-30 01:30:43'),(3393,1,'en','plugins/simple-slider/simple-slider','menu','Simple sliders','2023-10-30 01:30:43','2023-10-30 01:30:43'),(3394,1,'en','plugins/simple-slider/simple-slider','settings.title','Simple sliders','2023-10-30 01:30:43','2023-10-30 01:30:43'),(3395,1,'en','plugins/simple-slider/simple-slider','settings.description','Settings for Simple sliders','2023-10-30 01:30:43','2023-10-30 01:30:43'),(3396,1,'en','plugins/simple-slider/simple-slider','settings.using_assets','Using default assets?','2023-10-30 01:30:43','2023-10-30 01:30:43'),(3397,1,'en','plugins/simple-slider/simple-slider','settings.using_assets_description','If using assets option is enabled then below scripts will be auto added to front site.','2023-10-30 01:30:43','2023-10-30 01:30:43'),(3398,1,'en','plugins/simple-slider/simple-slider','add_new','Add new','2023-10-30 01:30:43','2023-10-30 01:30:43'),(3399,1,'en','plugins/simple-slider/simple-slider','save_sorting','Save sorting','2023-10-30 01:30:43','2023-10-30 01:30:43'),(3400,1,'en','plugins/simple-slider/simple-slider','key','Key','2023-10-30 01:30:43','2023-10-30 01:30:43'),(3401,1,'en','plugins/simple-slider/simple-slider','slide_items','Slide Items','2023-10-30 01:30:43','2023-10-30 01:30:43'),(3402,1,'en','plugins/simple-slider/simple-slider','update_slide_position_success','Updated slide position successfully!','2023-10-30 01:30:43','2023-10-30 01:30:43'),(3403,1,'en','plugins/simple-slider/simple-slider','create_new_slide','Create a new slide','2023-10-30 01:30:43','2023-10-30 01:30:43'),(3404,1,'en','plugins/simple-slider/simple-slider','edit_slide','Edit slide #:id','2023-10-30 01:30:43','2023-10-30 01:30:43'),(3405,1,'en','plugins/simple-slider/simple-slider','simple_slider_shortcode_name','Simple slider','2023-10-30 01:30:43','2023-10-30 01:30:43'),(3406,1,'en','plugins/simple-slider/simple-slider','simple_slider_shortcode_description','Add a simple slider','2023-10-30 01:30:43','2023-10-30 01:30:43'),(3407,1,'en','plugins/simple-slider/simple-slider','select_slider','Select a slider','2023-10-30 01:30:43','2023-10-30 01:30:43'),(3408,1,'en','plugins/social-login/social-login','settings.title','Social Login settings','2023-10-30 01:30:43','2023-10-30 01:30:43'),(3409,1,'en','plugins/social-login/social-login','settings.description','Configure social login options','2023-10-30 01:30:43','2023-10-30 01:30:43'),(3410,1,'en','plugins/social-login/social-login','settings.facebook.title','Facebook login settings','2023-10-30 01:30:43','2023-10-30 01:30:43'),(3411,1,'en','plugins/social-login/social-login','settings.facebook.description','Enable/disable & configure app credentials for Facebook login','2023-10-30 01:30:43','2023-10-30 01:30:43'),(3412,1,'en','plugins/social-login/social-login','settings.facebook.app_id','App ID','2023-10-30 01:30:43','2023-10-30 01:30:43'),(3413,1,'en','plugins/social-login/social-login','settings.facebook.app_secret','App Secret','2023-10-30 01:30:43','2023-10-30 01:30:43'),(3414,1,'en','plugins/social-login/social-login','settings.facebook.helper','Please go to https://developers.facebook.com to create new app update App ID, App Secret. Callback URL is :callback','2023-10-30 01:30:43','2023-10-30 01:30:43'),(3415,1,'en','plugins/social-login/social-login','settings.google.title','Google login settings','2023-10-30 01:30:43','2023-10-30 01:30:43'),(3416,1,'en','plugins/social-login/social-login','settings.google.description','Enable/disable & configure app credentials for Google login','2023-10-30 01:30:43','2023-10-30 01:30:43'),(3417,1,'en','plugins/social-login/social-login','settings.google.app_id','App ID','2023-10-30 01:30:43','2023-10-30 01:30:43'),(3418,1,'en','plugins/social-login/social-login','settings.google.app_secret','App Secret','2023-10-30 01:30:43','2023-10-30 01:30:43'),(3419,1,'en','plugins/social-login/social-login','settings.google.helper','Please go to https://console.developers.google.com/apis/dashboard to create new app update App ID, App Secret. Callback URL is :callback','2023-10-30 01:30:43','2023-10-30 01:30:43'),(3420,1,'en','plugins/social-login/social-login','settings.github.title','Github login settings','2023-10-30 01:30:43','2023-10-30 01:30:43'),(3421,1,'en','plugins/social-login/social-login','settings.github.description','Enable/disable & configure app credentials for Github login','2023-10-30 01:30:43','2023-10-30 01:30:43'),(3422,1,'en','plugins/social-login/social-login','settings.github.app_id','App ID','2023-10-30 01:30:43','2023-10-30 01:30:43'),(3423,1,'en','plugins/social-login/social-login','settings.github.app_secret','App Secret','2023-10-30 01:30:43','2023-10-30 01:30:43'),(3424,1,'en','plugins/social-login/social-login','settings.github.helper','Please go to https://github.com/settings/developers to create new app update App ID, App Secret. Callback URL is :callback','2023-10-30 01:30:43','2023-10-30 01:30:43'),(3425,1,'en','plugins/social-login/social-login','settings.linkedin.title','Linkedin login settings','2023-10-30 01:30:43','2023-10-30 01:30:43'),(3426,1,'en','plugins/social-login/social-login','settings.linkedin.description','Enable/disable & configure app credentials for Linkedin login','2023-10-30 01:30:43','2023-10-30 01:30:43'),(3427,1,'en','plugins/social-login/social-login','settings.linkedin.app_id','App ID','2023-10-30 01:30:43','2023-10-30 01:30:43'),(3428,1,'en','plugins/social-login/social-login','settings.linkedin.app_secret','App Secret','2023-10-30 01:30:43','2023-10-30 01:30:43'),(3429,1,'en','plugins/social-login/social-login','settings.linkedin.helper','Please go to https://www.linkedin.com/developers/apps/new to create new app update App ID, App Secret. Callback URL is :callback','2023-10-30 01:30:43','2023-10-30 01:30:43'),(3430,1,'en','plugins/social-login/social-login','settings.enable','Enable?','2023-10-30 01:30:43','2023-10-30 01:30:43'),(3431,1,'en','plugins/social-login/social-login','menu','Social Login','2023-10-30 01:30:43','2023-10-30 01:30:43'),(3432,1,'en','plugins/translation/translation','translations','Translations','2023-10-30 01:30:43','2023-10-30 01:30:43'),(3433,1,'en','plugins/translation/translation','translations_description','Translate all words in system.','2023-10-30 01:30:43','2023-10-30 01:30:43'),(3434,1,'en','plugins/translation/translation','export_warning','Warning, translations are not visible until they are exported back to lang folder. Please use \"Publish translations\" button to apply changes.','2023-10-30 01:30:43','2023-10-30 01:30:43'),(3435,1,'en','plugins/translation/translation','import_done','Done importing, processed :counter items! Reload this page to refresh the groups!','2023-10-30 01:30:43','2023-10-30 01:30:43'),(3436,1,'en','plugins/translation/translation','translation_manager','Translations Manager','2023-10-30 01:30:43','2023-10-30 01:30:43'),(3437,1,'en','plugins/translation/translation','done_publishing','Done publishing the translations for group','2023-10-30 01:30:43','2023-10-30 01:30:43'),(3438,1,'en','plugins/translation/translation','append_translation','Append new translations','2023-10-30 01:30:43','2023-10-30 01:30:43'),(3439,1,'en','plugins/translation/translation','replace_translation','Replace existing translations','2023-10-30 01:30:43','2023-10-30 01:30:43'),(3440,1,'en','plugins/translation/translation','import_group','Import group','2023-10-30 01:30:43','2023-10-30 01:30:43'),(3441,1,'en','plugins/translation/translation','confirm_publish_group','Are you sure you want to publish the translations group \":group\"? This will overwrite existing language files.','2023-10-30 01:30:43','2023-10-30 01:30:43'),(3442,1,'en','plugins/translation/translation','publish_translations','Publish translations','2023-10-30 01:30:43','2023-10-30 01:30:43'),(3443,1,'en','plugins/translation/translation','back','Back','2023-10-30 01:30:43','2023-10-30 01:30:43'),(3444,1,'en','plugins/translation/translation','edit_title','Enter translation','2023-10-30 01:30:43','2023-10-30 01:30:43'),(3445,1,'en','plugins/translation/translation','choose_group_msg','Choose a group to display the group translations. If no groups are visible, make sure you have imported the translations.','2023-10-30 01:30:44','2023-10-30 01:30:44'),(3446,1,'en','plugins/translation/translation','choose_a_group','Choose a group','2023-10-30 01:30:44','2023-10-30 01:30:44'),(3447,1,'en','plugins/translation/translation','locales','Locales','2023-10-30 01:30:44','2023-10-30 01:30:44'),(3448,1,'en','plugins/translation/translation','theme-translations','Theme translations','2023-10-30 01:30:44','2023-10-30 01:30:44'),(3449,1,'en','plugins/translation/translation','admin-translations','Other translations','2023-10-30 01:30:44','2023-10-30 01:30:44'),(3450,1,'en','plugins/translation/translation','translate_from','Translate from','2023-10-30 01:30:44','2023-10-30 01:30:44'),(3451,1,'en','plugins/translation/translation','to','to','2023-10-30 01:30:44','2023-10-30 01:30:44'),(3452,1,'en','plugins/translation/translation','no_other_languages','No other language to translate!','2023-10-30 01:30:44','2023-10-30 01:30:44'),(3453,1,'en','plugins/translation/translation','edit','Edit','2023-10-30 01:30:44','2023-10-30 01:30:44'),(3454,1,'en','plugins/translation/translation','locale','Locale','2023-10-30 01:30:44','2023-10-30 01:30:44'),(3455,1,'en','plugins/translation/translation','locale_placeholder','Ex: en','2023-10-30 01:30:44','2023-10-30 01:30:44'),(3456,1,'en','plugins/translation/translation','name','Name','2023-10-30 01:30:44','2023-10-30 01:30:44'),(3457,1,'en','plugins/translation/translation','default_locale','Default locale?','2023-10-30 01:30:44','2023-10-30 01:30:44'),(3458,1,'en','plugins/translation/translation','actions','Actions','2023-10-30 01:30:44','2023-10-30 01:30:44'),(3459,1,'en','plugins/translation/translation','choose_language','Choose language','2023-10-30 01:30:44','2023-10-30 01:30:44'),(3460,1,'en','plugins/translation/translation','add_new_language','Add new language','2023-10-30 01:30:44','2023-10-30 01:30:44'),(3461,1,'en','plugins/translation/translation','select_language','Select language','2023-10-30 01:30:44','2023-10-30 01:30:44'),(3462,1,'en','plugins/translation/translation','flag','Flag','2023-10-30 01:30:44','2023-10-30 01:30:44'),(3463,1,'en','plugins/translation/translation','folder_is_not_writeable','Cannot write files! Folder :lang_path is not writable. Please chmod to make it writable!','2023-10-30 01:30:44','2023-10-30 01:30:44'),(3464,1,'en','plugins/translation/translation','delete','Delete','2023-10-30 01:30:44','2023-10-30 01:30:44'),(3465,1,'en','plugins/translation/translation','confirm_delete_message','Do you really want to delete this locale? It will delete all files/folders for this local in :lang_path!','2023-10-30 01:30:44','2023-10-30 01:30:44'),(3466,1,'en','plugins/translation/translation','download','Download','2023-10-30 01:30:44','2023-10-30 01:30:44'),(3467,1,'en','plugins/translation/translation','select_locale','Select locale','2023-10-30 01:30:44','2023-10-30 01:30:44'),(3468,1,'en','plugins/translation/translation','theme_translations_instruction','Click on text to translate. Do NOT translate variables, Eg. :username, :query, :link...','2023-10-30 01:30:44','2023-10-30 01:30:44'),(3469,1,'en','plugins/translation/translation','import_available_locale','Or import available locale from our GitHub repository','2023-10-30 01:30:44','2023-10-30 01:30:44'),(3470,1,'en','plugins/translation/translation','add_new_locale','Add new locale','2023-10-30 01:30:44','2023-10-30 01:30:44'),(3471,1,'en','plugins/translation/translation','download_locale','Download locale','2023-10-30 01:30:44','2023-10-30 01:30:44'),(3472,1,'en','plugins/translation/translation','import_available_locale_confirmation','Download locale from GitHub','2023-10-30 01:30:44','2023-10-30 01:30:44'),(3473,1,'en','plugins/translation/translation','import_available_locale_confirmation_content','Are you sure you want to download this locale? It will be downloaded into :lang_path, you can delete it later if you want.','2023-10-30 01:30:44','2023-10-30 01:30:44'),(3474,1,'en','plugins/translation/translation','is_default','Is default?','2023-10-30 01:30:44','2023-10-30 01:30:44');
/*!40000 ALTER TABLE `translations` ENABLE KEYS */;
UNLOCK TABLES;

--
-- Table structure for table `user_meta`
--

DROP TABLE IF EXISTS `user_meta`;
/*!40101 SET @saved_cs_client     = @@character_set_client */;
/*!50503 SET character_set_client = utf8mb4 */;
CREATE TABLE `user_meta` (
  `id` bigint unsigned NOT NULL AUTO_INCREMENT,
  `key` varchar(191) COLLATE utf8mb4_unicode_ci DEFAULT NULL,
  `value` varchar(191) COLLATE utf8mb4_unicode_ci DEFAULT NULL,
  `user_id` bigint unsigned NOT NULL,
  `created_at` timestamp NULL DEFAULT NULL,
  `updated_at` timestamp NULL DEFAULT NULL,
  PRIMARY KEY (`id`),
  KEY `user_meta_user_id_index` (`user_id`)
) ENGINE=InnoDB DEFAULT CHARSET=utf8mb4 COLLATE=utf8mb4_unicode_ci;
/*!40101 SET character_set_client = @saved_cs_client */;

--
-- Dumping data for table `user_meta`
--

LOCK TABLES `user_meta` WRITE;
/*!40000 ALTER TABLE `user_meta` DISABLE KEYS */;
/*!40000 ALTER TABLE `user_meta` ENABLE KEYS */;
UNLOCK TABLES;

--
-- Table structure for table `users`
--

DROP TABLE IF EXISTS `users`;
/*!40101 SET @saved_cs_client     = @@character_set_client */;
/*!50503 SET character_set_client = utf8mb4 */;
CREATE TABLE `users` (
  `id` bigint unsigned NOT NULL AUTO_INCREMENT,
  `email` varchar(191) COLLATE utf8mb4_unicode_ci NOT NULL,
  `email_verified_at` timestamp NULL DEFAULT NULL,
  `password` varchar(191) CHARACTER SET utf8mb4 COLLATE utf8mb4_unicode_ci DEFAULT NULL,
  `remember_token` varchar(100) COLLATE utf8mb4_unicode_ci DEFAULT NULL,
  `created_at` timestamp NULL DEFAULT NULL,
  `updated_at` timestamp NULL DEFAULT NULL,
  `first_name` varchar(191) COLLATE utf8mb4_unicode_ci DEFAULT NULL,
  `last_name` varchar(191) COLLATE utf8mb4_unicode_ci DEFAULT NULL,
  `username` varchar(60) COLLATE utf8mb4_unicode_ci DEFAULT NULL,
  `avatar_id` bigint unsigned DEFAULT NULL,
  `super_user` tinyint(1) NOT NULL DEFAULT '0',
  `manage_supers` tinyint(1) NOT NULL DEFAULT '0',
  `permissions` text COLLATE utf8mb4_unicode_ci,
  `last_login` timestamp NULL DEFAULT NULL,
  PRIMARY KEY (`id`),
  UNIQUE KEY `users_email_unique` (`email`),
  UNIQUE KEY `users_username_unique` (`username`)
) ENGINE=InnoDB AUTO_INCREMENT=4 DEFAULT CHARSET=utf8mb4 COLLATE=utf8mb4_unicode_ci;
/*!40101 SET character_set_client = @saved_cs_client */;

--
-- Dumping data for table `users`
--

LOCK TABLES `users` WRITE;
/*!40000 ALTER TABLE `users` DISABLE KEYS */;
INSERT INTO `users` VALUES (1,'super@botble.com',NULL,'$2y$12$.49TTHNoCBcq.dzL3zbIuOK.36voaEBdvXzjdfCu/DzBm7CbEWCRu',NULL,'2023-10-30 01:30:01','2023-10-30 01:30:01','Super','Admin','botble',NULL,1,1,NULL,NULL),(2,'admin@botble.com',NULL,'$2y$12$3.ZN1lXcjlbkjddCYp/RneuvuxeKYKH5AHjN2UYHOfL5Nkyn6gPLO',NULL,'2023-10-30 01:30:01','2023-10-30 01:30:01','John','Smith','admin',NULL,1,1,NULL,NULL),(3,'user@botble.com',NULL,'$2y$12$Sr.SNjnNGkXQBTNjLWdGzeMVLXY7S97DE3Gg6aaMwXIsT4nNHRQqu',NULL,'2023-10-30 01:30:01','2023-10-30 01:30:01','Demon','Warlock','user',NULL,0,0,'{\"users.index\":true,\"users.create\":true,\"users.edit\":true,\"users.destroy\":true,\"roles.index\":true,\"roles.create\":true,\"roles.edit\":true,\"roles.destroy\":true,\"core.system\":true,\"core.manage.license\":true,\"media.index\":true,\"files.index\":true,\"files.create\":true,\"files.edit\":true,\"files.trash\":true,\"files.destroy\":true,\"folders.index\":true,\"folders.create\":true,\"folders.edit\":true,\"folders.trash\":true,\"folders.destroy\":true,\"settings.options\":true,\"settings.email\":true,\"settings.media\":true,\"settings.cronjob\":true,\"menus.index\":true,\"menus.create\":true,\"menus.edit\":true,\"menus.destroy\":true,\"pages.index\":true,\"pages.create\":true,\"pages.edit\":true,\"pages.destroy\":true,\"plugins.index\":true,\"plugins.edit\":true,\"plugins.remove\":true,\"plugins.marketplace\":true,\"core.appearance\":true,\"theme.index\":true,\"theme.activate\":true,\"theme.remove\":true,\"theme.options\":true,\"theme.custom-css\":true,\"theme.custom-js\":true,\"theme.custom-html\":true,\"widgets.index\":true,\"ads.index\":true,\"ads.create\":true,\"ads.edit\":true,\"ads.destroy\":true,\"analytics.general\":true,\"analytics.page\":true,\"analytics.browser\":true,\"analytics.referrer\":true,\"audit-log.index\":true,\"audit-log.destroy\":true,\"backups.index\":true,\"backups.create\":true,\"backups.restore\":true,\"backups.destroy\":true,\"plugins.blog\":true,\"posts.index\":true,\"posts.create\":true,\"posts.edit\":true,\"posts.destroy\":true,\"categories.index\":true,\"categories.create\":true,\"categories.edit\":true,\"categories.destroy\":true,\"tags.index\":true,\"tags.create\":true,\"tags.edit\":true,\"tags.destroy\":true,\"contacts.index\":true,\"contacts.edit\":true,\"contacts.destroy\":true,\"plugins.ecommerce\":true,\"ecommerce.settings\":true,\"ecommerce.report.index\":true,\"products.index\":true,\"products.create\":true,\"products.edit\":true,\"products.destroy\":true,\"products.duplicate\":true,\"product-categories.index\":true,\"product-categories.create\":true,\"product-categories.edit\":true,\"product-categories.destroy\":true,\"product-tag.index\":true,\"product-tag.create\":true,\"product-tag.edit\":true,\"product-tag.destroy\":true,\"brands.index\":true,\"brands.create\":true,\"brands.edit\":true,\"brands.destroy\":true,\"product-collections.index\":true,\"product-collections.create\":true,\"product-collections.edit\":true,\"product-collections.destroy\":true,\"product-attribute-sets.index\":true,\"product-attribute-sets.create\":true,\"product-attribute-sets.edit\":true,\"product-attribute-sets.destroy\":true,\"product-attributes.index\":true,\"product-attributes.create\":true,\"product-attributes.edit\":true,\"product-attributes.destroy\":true,\"tax.index\":true,\"tax.create\":true,\"tax.edit\":true,\"tax.destroy\":true,\"reviews.index\":true,\"reviews.destroy\":true,\"reviews.publish\":true,\"shipping_methods.index\":true,\"ecommerce.shipping-rule-items.index\":true,\"ecommerce.shipping-rule-items.create\":true,\"ecommerce.shipping-rule-items.edit\":true,\"ecommerce.shipping-rule-items.destroy\":true,\"ecommerce.shipping-rule-items.bulk-import\":true,\"ecommerce.shipments.index\":true,\"ecommerce.shipments.create\":true,\"ecommerce.shipments.edit\":true,\"ecommerce.shipments.destroy\":true,\"orders.index\":true,\"orders.create\":true,\"orders.edit\":true,\"orders.destroy\":true,\"discounts.index\":true,\"discounts.create\":true,\"discounts.edit\":true,\"discounts.destroy\":true,\"customers.index\":true,\"customers.create\":true,\"customers.edit\":true,\"customers.destroy\":true,\"flash-sale.index\":true,\"flash-sale.create\":true,\"flash-sale.edit\":true,\"flash-sale.destroy\":true,\"product-label.index\":true,\"product-label.create\":true,\"product-label.edit\":true,\"product-label.destroy\":true,\"ecommerce.import.products.index\":true,\"ecommerce.export.products.index\":true,\"order_returns.index\":true,\"order_returns.edit\":true,\"order_returns.destroy\":true,\"global-option.index\":true,\"global-option.create\":true,\"global-option.edit\":true,\"global-option.destroy\":true,\"ecommerce.invoice.index\":true,\"ecommerce.invoice.edit\":true,\"ecommerce.invoice.destroy\":true,\"ecommerce.invoice-template.index\":true,\"plugin.faq\":true,\"faq.index\":true,\"faq.create\":true,\"faq.edit\":true,\"faq.destroy\":true,\"faq_category.index\":true,\"faq_category.create\":true,\"faq_category.edit\":true,\"faq_category.destroy\":true,\"languages.index\":true,\"languages.create\":true,\"languages.edit\":true,\"languages.destroy\":true,\"plugin.location\":true,\"country.index\":true,\"country.create\":true,\"country.edit\":true,\"country.destroy\":true,\"state.index\":true,\"state.create\":true,\"state.edit\":true,\"state.destroy\":true,\"city.index\":true,\"city.create\":true,\"city.edit\":true,\"city.destroy\":true,\"location.bulk-import.index\":true,\"location.export.index\":true,\"marketplace.index\":true,\"marketplace.store.index\":true,\"marketplace.store.create\":true,\"marketplace.store.edit\":true,\"marketplace.store.destroy\":true,\"marketplace.store.view\":true,\"marketplace.store.revenue.create\":true,\"marketplace.withdrawal.index\":true,\"marketplace.withdrawal.edit\":true,\"marketplace.withdrawal.destroy\":true,\"marketplace.vendors.index\":true,\"marketplace.unverified-vendors.index\":true,\"marketplace.unverified-vendors.edit\":true,\"marketplace.settings\":true,\"marketplace.reports\":true,\"newsletter.index\":true,\"newsletter.destroy\":true,\"payment.index\":true,\"payments.settings\":true,\"payment.destroy\":true,\"simple-slider.index\":true,\"simple-slider.create\":true,\"simple-slider.edit\":true,\"simple-slider.destroy\":true,\"simple-slider-item.index\":true,\"simple-slider-item.create\":true,\"simple-slider-item.edit\":true,\"simple-slider-item.destroy\":true,\"social-login.settings\":true,\"plugins.translation\":true,\"translations.locales\":true,\"translations.theme-translations\":true,\"translations.index\":true}',NULL);
/*!40000 ALTER TABLE `users` ENABLE KEYS */;
UNLOCK TABLES;

--
-- Table structure for table `widgets`
--

DROP TABLE IF EXISTS `widgets`;
/*!40101 SET @saved_cs_client     = @@character_set_client */;
/*!50503 SET character_set_client = utf8mb4 */;
CREATE TABLE `widgets` (
  `id` bigint unsigned NOT NULL AUTO_INCREMENT,
  `widget_id` varchar(120) COLLATE utf8mb4_unicode_ci NOT NULL,
  `sidebar_id` varchar(120) COLLATE utf8mb4_unicode_ci NOT NULL,
  `theme` varchar(120) COLLATE utf8mb4_unicode_ci NOT NULL,
  `position` tinyint unsigned NOT NULL DEFAULT '0',
  `data` text COLLATE utf8mb4_unicode_ci,
  `created_at` timestamp NULL DEFAULT NULL,
  `updated_at` timestamp NULL DEFAULT NULL,
  PRIMARY KEY (`id`)
) ENGINE=InnoDB AUTO_INCREMENT=13 DEFAULT CHARSET=utf8mb4 COLLATE=utf8mb4_unicode_ci;
/*!40101 SET character_set_client = @saved_cs_client */;

--
-- Dumping data for table `widgets`
--

LOCK TABLES `widgets` WRITE;
/*!40000 ALTER TABLE `widgets` DISABLE KEYS */;
INSERT INTO `widgets` VALUES (1,'CustomMenuWidget','footer_sidebar','martfury',1,'{\"id\":\"CustomMenuWidget\",\"name\":\"Quick links\",\"menu_id\":\"quick-links\"}','2023-10-30 01:30:04','2023-10-30 01:30:04'),(2,'CustomMenuWidget','footer_sidebar','martfury',2,'{\"id\":\"CustomMenuWidget\",\"name\":\"Company\",\"menu_id\":\"company\"}','2023-10-30 01:30:04','2023-10-30 01:30:04'),(3,'CustomMenuWidget','footer_sidebar','martfury',3,'{\"id\":\"CustomMenuWidget\",\"name\":\"Business\",\"menu_id\":\"business\"}','2023-10-30 01:30:04','2023-10-30 01:30:04'),(4,'BlogSearchWidget','primary_sidebar','martfury',1,'{\"id\":\"BlogSearchWidget\",\"name\":\"Search\"}','2023-10-30 01:30:04','2023-10-30 01:30:04'),(5,'BlogCategoriesWidget','primary_sidebar','martfury',2,'{\"id\":\"BlogCategoriesWidget\",\"name\":\"Categories\"}','2023-10-30 01:30:04','2023-10-30 01:30:04'),(6,'RecentPostsWidget','primary_sidebar','martfury',3,'{\"id\":\"RecentPostsWidget\",\"name\":\"Recent Posts\"}','2023-10-30 01:30:04','2023-10-30 01:30:04'),(7,'TagsWidget','primary_sidebar','martfury',4,'{\"id\":\"TagsWidget\",\"name\":\"Popular Tags\"}','2023-10-30 01:30:04','2023-10-30 01:30:04'),(8,'ProductCategoriesWidget','bottom_footer_sidebar','martfury',1,'{\"id\":\"ProductCategoriesWidget\",\"name\":\"Consumer Electric\",\"categories\":[18,2,3,4,5,6,7]}','2023-10-30 01:30:04','2023-10-30 01:30:04'),(9,'ProductCategoriesWidget','bottom_footer_sidebar','martfury',2,'{\"id\":\"ProductCategoriesWidget\",\"name\":\"Clothing & Apparel\",\"categories\":[8,9,10,11,12]}','2023-10-30 01:30:04','2023-10-30 01:30:04'),(10,'ProductCategoriesWidget','bottom_footer_sidebar','martfury',3,'{\"id\":\"ProductCategoriesWidget\",\"name\":\"Home, Garden & Kitchen\",\"categories\":[13,14,15,16,17]}','2023-10-30 01:30:04','2023-10-30 01:30:04'),(11,'ProductCategoriesWidget','bottom_footer_sidebar','martfury',4,'{\"id\":\"ProductCategoriesWidget\",\"name\":\"Health & Beauty\",\"categories\":[20,21,22,23,24]}','2023-10-30 01:30:04','2023-10-30 01:30:04'),(12,'ProductCategoriesWidget','bottom_footer_sidebar','martfury',5,'{\"id\":\"ProductCategoriesWidget\",\"name\":\"Computer & Technologies\",\"categories\":[25,26,27,28,29,19]}','2023-10-30 01:30:04','2023-10-30 01:30:04');
/*!40000 ALTER TABLE `widgets` ENABLE KEYS */;
UNLOCK TABLES;
/*!40103 SET TIME_ZONE=@OLD_TIME_ZONE */;

/*!40101 SET SQL_MODE=@OLD_SQL_MODE */;
/*!40014 SET FOREIGN_KEY_CHECKS=@OLD_FOREIGN_KEY_CHECKS */;
/*!40014 SET UNIQUE_CHECKS=@OLD_UNIQUE_CHECKS */;
/*!40101 SET CHARACTER_SET_CLIENT=@OLD_CHARACTER_SET_CLIENT */;
/*!40101 SET CHARACTER_SET_RESULTS=@OLD_CHARACTER_SET_RESULTS */;
/*!40101 SET COLLATION_CONNECTION=@OLD_COLLATION_CONNECTION */;
/*!40111 SET SQL_NOTES=@OLD_SQL_NOTES */;

-- Dump completed on 2023-10-30 15:30:45
